[16:24:12] [main/INFO]: Loading Minecraft 1.21.11 with Fabric Loader 0.19.5
[16:24:13] [ForkJoinPool-1-worker-2/WARN]: Mod relogclient uses the version plus which isn't compatible with Loader's extended semantic version format (Could not parse version number component 'plus'!), SemVer is recommended for reliably evaluating dependencies and prioritizing newer version
[16:24:13] [ForkJoinPool-1-worker-4/WARN]: Mod nochatrestrictions uses the version Fabric-MC1.21.11-v1.0.2 which isn't compatible with Loader's extended semantic version format (Could not parse version number component 'Fabric'!), SemVer is recommended for reliably evaluating dependencies and prioritizing newer version
[16:24:13] [main/WARN]: Warnings were found!
 - Mod 'OpSec' (opsec) 1.1.7.1 conflicts with any version of mod 'ExploitPreventer' (exploitpreventer), which is present with the following versions: 1.1.0!
	 - While this won't prevent you from starting the game, the developer(s) of mod 'OpSec' (opsec) have found that this combination may cause issues. You should remove one of the mods or check for updates that resolve the issue.
[16:24:13] [main/INFO]: Loading 100 mods:
	- componentviewer 1.3.4+1.21.11
	- creativecore 2.14.11
	   \-- net_neoforged_bus 7.2.0
	- customskyboxes 1.0.2
	- fabric-api 0.141.6+1.21.11
	   |-- fabric-api-base 1.0.5+4ebb5c083e
	   |-- fabric-api-lookup-api-v1 1.6.114+20dc27073e
	   |-- fabric-biome-api-v1 17.1.1+4fc5413f3e
	   |-- fabric-block-api-v1 1.1.10+4ebb5c083e
	   |-- fabric-block-view-api-v2 1.0.39+4ebb5c083e
	   |-- fabric-command-api-v2 2.4.7+6b42a6003e
	   |-- fabric-content-registries-v0 10.2.14+4fc5413f3e
	   |-- fabric-convention-tags-v1 2.1.55+7f945d5b3e
	   |-- fabric-convention-tags-v2 2.17.3+8ef948ba3e
	   |-- fabric-crash-report-info-v1 0.3.23+4ebb5c083e
	   |-- fabric-data-attachment-api-v1 1.8.48+eed0806f3e
	   |-- fabric-data-generation-api-v1 23.5.0+88d7da613e
	   |-- fabric-dimensions-v1 4.0.28+4fc5413f3e
	   |-- fabric-entity-events-v1 3.1.1+1d0ab4303e
	   |-- fabric-events-interaction-v0 4.1.1+3b89ecf63e
	   |-- fabric-game-rule-api-v1 2.0.3+4fc5413f3e
	   |-- fabric-item-api-v1 11.6.0+67f17bb43e
	   |-- fabric-item-group-api-v1 4.2.36+4fc5413f3e
	   |-- fabric-key-binding-api-v1 1.1.7+4fc5413f3e
	   |-- fabric-lifecycle-events-v1 2.6.15+4ebb5c083e
	   |-- fabric-loot-api-v2 3.0.73+3f89f5a53e
	   |-- fabric-loot-api-v3 2.0.20+78c8b4663e
	   |-- fabric-message-api-v1 6.1.12+4ebb5c083e
	   |-- fabric-model-loading-api-v1 6.0.15+4fc5413f3e
	   |-- fabric-networking-api-v1 5.1.6+6b6d71a53e
	   |-- fabric-object-builder-api-v1 21.1.40+4fc5413f3e
	   |-- fabric-particles-v1 4.2.12+4fc5413f3e
	   |-- fabric-recipe-api-v1 8.2.4+4ebb5c083e
	   |-- fabric-registry-sync-v0 6.2.6+1718722b3e
	   |-- fabric-renderer-api-v1 8.0.3+f4ffd2e53e
	   |-- fabric-renderer-indigo 5.0.3+f4ffd2e53e
	   |-- fabric-rendering-fluids-v1 3.1.43+4ebb5c083e
	   |-- fabric-rendering-v1 16.2.10+0290ad933e
	   |-- fabric-resource-conditions-api-v1 5.0.35+4fc5413f3e
	   |-- fabric-resource-loader-v0 3.3.4+4fc5413f3e
	   |-- fabric-resource-loader-v1 1.0.10+78c8b4663e
	   |-- fabric-screen-api-v1 3.1.7+4ebb5c083e
	   |-- fabric-screen-handler-api-v1 1.3.162+4fc5413f3e
	   |-- fabric-serialization-api-v1 1.0.5+4ebb5c083e
	   |-- fabric-sound-api-v1 1.0.51+4fc5413f3e
	   |-- fabric-tag-api-v1 1.3.0+88d7da613e
	   |-- fabric-transfer-api-v1 6.0.25+4fc5413f3e
	   \-- fabric-transitive-access-wideners-v1 7.1.0+014c8cec3e
	- fabricloader 0.19.5
	   \-- mixinextras 0.5.5
	- fakeclient 1.0.0
	- gamblerplus 1.0.0
	- glazed 1.21.11-n-17.1
	   |-- com_github_labystudio_java-spotify-api 1.4.7
	   |-- exploitpreventer 1.1.0
	   |    |-- com_nikoverflow_api 1.0.0
	   |    \-- dev_lukebemish_opensesame_opensesame-core 0.8.1
	   \-- mixinsquared 0.3.7-beta.1
	- itemphysiclite 1.6.11
	- java 21
	- litematica 0.26.16
	   \-- conditional-mixin 0.6.4
	- malilib 0.27.20
	   \-- conditional-mixin 0.6.4
	- maptooltip 5.0.0
	- meteor-client 1.21.11-86
	   |-- com_google_code_gson_gson 2.14.0
	   |-- com_google_errorprone_error_prone_annotations 2.48.0
	   |-- de_florianmichael_waybackauthlib 1.0.1
	   |-- io_netty_netty-codec-socks 4.2.7
	   |-- io_netty_netty-handler-proxy 4.2.7
	   |-- meteordevelopment_discord-ipc 1.1
	   |-- meteordevelopment_orbit 0.2.4
	   |-- net_lenni0451_commons_gson 1.9.2
	   |-- net_lenni0451_commons_httpclient 1.9.2
	   |-- net_raphimc_minecraftauth 5.0.2
	   |-- org_javassist_javassist 3.28.0-GA
	   |-- org_meteordev_starscript 0.2.5
	   \-- org_reflections_reflections 0.10.2
	- minecraft 1.21.11
	- modernmaptooltip 1.3-1.21.11
	- modmenu 17.0.1-beta.1
	- mr_nice_admintools 1.0
	- nochatrestrictions Fabric-MC1.21.11-v1.0.2
	- opsec 1.1.7.1
	   \-- mixinsquared 0.3.7-beta.1
	- placeholder-api 2.8.2+1.21.10
	- relogclient plus
	- show_my_maps 1.1.2+1.21.11
	- skyboxify 3.4
	   \-- com_moulberry_mixinconstraints 1.1.0
	- voicechat 1.21.11-2.6.22
	   \-- voicechat_api 2.6.20
	- yet_another_config_lib_v3 3.8.2+1.21.11-fabric
	   |-- com_twelvemonkeys_common_common-image 3.12.0
	   |-- com_twelvemonkeys_common_common-io 3.12.0
	   |-- com_twelvemonkeys_common_common-lang 3.12.0
	   |-- com_twelvemonkeys_imageio_imageio-core 3.12.0
	   |-- com_twelvemonkeys_imageio_imageio-metadata 3.12.0
	   |-- com_twelvemonkeys_imageio_imageio-webp 3.12.0
	   |-- org_quiltmc_parsers_gson 0.2.1
	   \-- org_quiltmc_parsers_json 0.2.1
[16:24:13] [main/INFO]: SpongePowered MIXIN Subsystem Version=0.8.7 Source=file:/C:/Users/cadwa/AppData/Roaming/ModrinthApp/meta/libraries/net/fabricmc/sponge-mixin/0.17.4+mixin.0.8.7/sponge-mixin-0.17.4+mixin.0.8.7.jar Service=Knot/Fabric Env=CLIENT
[16:24:13] [main/WARN]: Reference map 'creativecore.mixins.refmap.json' for creativecore.mixins.json could not be read. If this is a development environment you can ignore this message
[16:24:13] [main/WARN]: Reference map 'creativecore.mixins.refmap.json' for creativecore.fabric.mixins.json could not be read. If this is a development environment you can ignore this message
[16:24:13] [main/WARN]: Reference map 'itemphysiclite.mixin.refmap.json' for itemphysiclite.mixins.json could not be read. If this is a development environment you can ignore this message
[16:24:13] [main/INFO]: [Glazed] Meteor Fix active - disabling Meteor's broken AbstractSignEditScreenMixin
[16:24:13] [main/INFO]: [OpSec] Meteor Client detected - Meteor Fix enabled, will disable Meteor's broken key resolution protection
[16:24:13] [main/WARN]: Reference map 'yet_another_config_lib_v3.refmap.json' for yacl.mixins.json could not be read. If this is a development environment you can ignore this message
[16:24:13] [main/WARN]: Reference map 'yet_another_config_lib_v3.refmap.json' for yacl-fabric.mixins.json could not be read. If this is a development environment you can ignore this message
[16:24:14] [main/WARN]: Error loading class: baritone/command/defaults/ComeCommand (java.lang.ClassNotFoundException: baritone/command/defaults/ComeCommand)
[16:24:14] [main/WARN]: @Mixin target baritone.command.defaults.ComeCommand was not found meteor-client-baritone.mixins.json:ComeCommandMixin from mod meteor-client
[16:24:14] [main/INFO]: Initializing MixinExtras via com.llamalad7.mixinextras.service.MixinExtrasServiceImpl(version=0.5.5).
[16:24:15] [Datafixer Bootstrap/INFO]: 287 Datafixer optimizations took 292 milliseconds
[16:24:19] [main/INFO]: Sodium: [N/F], Iris: [N/F]
[16:24:19] [Render thread/INFO]: Environment: Environment[sessionHost=https://sessionserver.mojang.com, servicesHost=https://api.minecraftservices.com, profilesHost=https://api.mojang.com, name=PROD]
[16:24:19] [Render thread/INFO]: MixinYggdrasilUserApiService initialized succesfully.
[16:24:19] [Render thread/INFO]: Successfully supplanted UserApiService with a wrapped version.
[16:24:19] [Render thread/INFO]: Setting user: 01lvl
[16:24:20] [Render thread/INFO]: NoChatRestrictions Fabric mod initialized!
[16:24:20] [Render thread/INFO]: [voicechat] Compatibility version 20
[16:24:20] [Render thread/INFO]: [voicechat] Loading plugins
[16:24:20] [Render thread/INFO]: [voicechat] Loaded 0 plugin(s)
[16:24:20] [Render thread/INFO]: [voicechat] Initializing plugins
[16:24:20] [Render thread/INFO]: [voicechat] Initialized 0 plugin(s)
[16:24:20] [Render thread/INFO]: CustomSkyboxes client init
[16:24:20] [Render thread/INFO]: [Indigo] Registering Indigo renderer!
[16:24:20] [Render thread/INFO]: [Fake Client] Initializing...
[16:24:20] [Render thread/INFO]: [Fake Client] Ready. Press RIGHT SHIFT to open the menu.
[16:24:20] [Render thread/INFO]: Checking mod updates...
[16:24:20] [Render thread/INFO]: OpSec v1.1.7.1 - Privacy protection for Minecraft
[16:24:20] [Render thread/INFO]: Protecting against: TrackPack, Key Resolution Exploit, Client Fingerprinting
[16:24:20] [Render thread/INFO]: [OpSec] Loaded config - spoofAsVanilla: false
[16:24:20] [Render thread/INFO]: [OpSec] ExploitPreventer detected - compatibility mode active.
[16:24:20] [Render thread/INFO]: [OpSec] Loaded 6 accounts
[16:24:20] [Render thread/INFO]: OpSec client protection initialized
[16:24:20] [Render thread/INFO]: Deserializing SkyboxifyConfig from 'C:\Users\cadwa\AppData\Roaming\ModrinthApp\profiles\Fabric 1.21.11 (1)\config\skyboxify.json'
[16:24:20] [Render thread/INFO]: [voicechat] Initializing Opus
[16:24:20] [Render thread/INFO]: [voicechat] Successfully initialized Opus
[16:24:20] [Render thread/INFO]: [voicechat] Initializing RNNoise
[16:24:20] [Render thread/INFO]: [voicechat] Successfully initialized RNNoise
[16:24:20] [Render thread/INFO]: [voicechat] Initializing Speex
[16:24:20] [Render thread/INFO]: [voicechat] Successfully initialized Speex
[16:24:20] [Render thread/INFO]: [voicechat] Initializing LAME
[16:24:20] [Render thread/INFO]: [voicechat] Successfully initialized LAME
[16:24:20] [Render thread/INFO]: Deserializing YACLConfig from 'C:\Users\cadwa\AppData\Roaming\ModrinthApp\profiles\Fabric 1.21.11 (1)\config\yacl.json5'
[16:24:21] [Download-1/INFO]: Update available for 'gamblerplus@1.0.0', (-> 3.2)
[16:24:21] [Download-1/INFO]: Update available for 'nochatrestrictions@Fabric-MC1.21.11-v1.0.2', (-> Fabric-MC1.21.11-v1.0.3)
[16:24:21] [Download-1/INFO]: Update available for 'modmenu@17.0.1-beta.1', (-> 17.0.1)
[16:24:21] [Download-1/INFO]: Update available for 'customskyboxes@1.0.2', (-> 1.0.3.1)
[16:24:21] [Render thread/ERROR]: Couldn't load creativecore pack metadata: Pack declares support for format 50, but game versions supporting formats 17 to 64 require a supported_formats field. Add "supported_formats": [50, 64] or require a version greater or equal to 65.0.
[16:24:21] [Render thread/INFO]: Backend library: LWJGL version 3.3.3-snapshot
[16:24:22] [Render thread/INFO]: Using optional rendering extensions: GL_ARB_buffer_storage, GL_KHR_debug, GL_ARB_vertex_attrib_binding, GL_ARB_direct_state_access, GL_EXT_texture_filter_anisotropic
[16:24:22] [Render thread/INFO]: Found non-pack entry 'C:\Users\cadwa\AppData\Roaming\ModrinthApp\profiles\Fabric 1.21.11 (1)\resourcepacks\Better Shield Sounds 1.3.zip.disabled', ignoring
[16:24:22] [Render thread/ERROR]: Couldn't load file/BrandNEWGlowingOres.zip pack metadata: Pack declares support for version newer than 64, but is missing mandatory fields min_format and max_format
[16:24:22] [Render thread/ERROR]: Couldn't load file/Donut Pack.zip pack metadata: Pack declares support for version newer than 64, but is missing mandatory fields min_format and max_format
[16:24:22] [Render thread/ERROR]: Couldn't load file/Miku Totem.zip pack metadata: Pack declares support for version newer than 64, but is missing mandatory fields min_format and max_format
[16:24:22] [Render thread/ERROR]: Couldn't load file/Miku-1.17-26.3-Totem.zip pack metadata: Pack declares support for version newer than 64, but is missing mandatory fields min_format and max_format
[16:24:22] [Render thread/ERROR]: Couldn't load file/Miku_Pack_1.0.1.zip pack metadata: Pack declares support for version newer than 64, but is missing mandatory fields min_format and max_format
[16:24:22] [Render thread/ERROR]: Couldn't load creativecore pack metadata: Pack declares support for format 50, but game versions supporting formats 17 to 64 require a supported_formats field. Add "supported_formats": [50, 64] or require a version greater or equal to 65.0.
[16:24:22] [Render thread/WARN]: Missing translation key for rename: item.minecraft.dune_armor_trim_smithing_template.new
[16:24:22] [Render thread/WARN]: Missing translation key for rename: item.minecraft.eye_armor_trim_smithing_template.new
[16:24:22] [Render thread/WARN]: Missing translation key for rename: item.minecraft.flow_armor_trim_smithing_template.new
[16:24:22] [Render thread/WARN]: Missing translation key for rename: item.minecraft.bolt_armor_trim_smithing_template.new
[16:24:22] [Render thread/WARN]: Missing translation key for rename: item.minecraft.host_armor_trim_smithing_template.new
[16:24:22] [Render thread/WARN]: Missing translation key for rename: item.minecraft.netherite_upgrade_smithing_template.new
[16:24:22] [Render thread/WARN]: Missing translation key for rename: item.minecraft.raiser_armor_trim_smithing_template.new
[16:24:22] [Render thread/WARN]: Missing translation key for rename: item.minecraft.rib_armor_trim_smithing_template.new
[16:24:22] [Render thread/WARN]: Missing translation key for rename: item.minecraft.sentry_armor_trim_smithing_template.new
[16:24:22] [Render thread/WARN]: Missing translation key for rename: item.minecraft.shaper_armor_trim_smithing_template.new
[16:24:22] [Render thread/WARN]: Missing translation key for rename: item.minecraft.silence_armor_trim_smithing_template.new
[16:24:22] [Render thread/WARN]: Missing translation key for rename: item.minecraft.snout_armor_trim_smithing_template.new
[16:24:22] [Render thread/WARN]: Missing translation key for rename: item.minecraft.spire_armor_trim_smithing_template.new
[16:24:22] [Render thread/WARN]: Missing translation key for rename: item.minecraft.tide_armor_trim_smithing_template.new
[16:24:22] [Render thread/WARN]: Missing translation key for rename: item.minecraft.vex_armor_trim_smithing_template.new
[16:24:22] [Render thread/WARN]: Missing translation key for rename: item.minecraft.ward_armor_trim_smithing_template.new
[16:24:22] [Render thread/WARN]: Missing translation key for rename: item.minecraft.wayfinder_armor_trim_smithing_template.new
[16:24:22] [Render thread/WARN]: Missing translation key for rename: item.minecraft.wild_armor_trim_smithing_template.new
[16:24:22] [Render thread/WARN]: Missing translation key for rename: item.minecraft.coast_armor_trim_smithing_template.new
[16:24:22] [Render thread/WARN]: Missing translation key for rename: item.minecraft.creeper_banner_pattern.new
[16:24:22] [Render thread/WARN]: Missing translation key for rename: item.minecraft.flow_banner_pattern.new
[16:24:22] [Render thread/WARN]: Missing translation key for rename: item.minecraft.flower_banner_pattern.new
[16:24:22] [Render thread/WARN]: Missing translation key for rename: item.minecraft.globe_banner_pattern.new
[16:24:22] [Render thread/WARN]: Missing translation key for rename: item.minecraft.guster_banner_pattern.new
[16:24:22] [Render thread/WARN]: Missing translation key for rename: item.minecraft.mojang_banner_pattern.new
[16:24:22] [Render thread/WARN]: Missing translation key for rename: item.minecraft.piglin_banner_pattern.new
[16:24:22] [Render thread/WARN]: Missing translation key for rename: item.minecraft.skull_banner_pattern.new
[16:24:22] [Render thread/WARN]: Missing translation key for rename: lanServer.port.unavailable.new
[16:24:22] [Render thread/WARN]: Missing translation key for rename: lanServer.port.invalid.new
[16:24:22] [Render thread/WARN]: Missing translation key for rename: multiplayer.disconnect.invalid_public_key_signature.new
[16:24:22] [Render thread/WARN]: Missing translation key for rename: selectWorld.allowCommands.new
[16:24:22] [Render thread/WARN]: Missing translation key for rename: gui.abuseReport.reason.generic
[16:24:22] [Render thread/WARN]: Missing translation key for rename: gui.abuseReport.reason.generic.description
[16:24:22] [Render thread/WARN]: Missing translation key for rename: commands.drop.no_loot_table
[16:24:22] [Render thread/WARN]: Missing translation key for rename: item.op_block_warning.line1
[16:24:22] [Render thread/WARN]: Missing translation key for rename: item.op_block_warning.line2
[16:24:22] [Render thread/WARN]: Missing translation key for rename: item.op_block_warning.line3
[16:24:22] [Render thread/WARN]: Missing translation key for rename: container.shulkerBox.unknownContents
[16:24:22] [Render thread/WARN]: Missing translation key for rename: container.shulkerBox.itemCount
[16:24:22] [Render thread/WARN]: Missing translation key for rename: container.shulkerBox.more
[16:24:22] [Render thread/WARN]: Missing translation key for rename: advancements.nether.use_lodestone.description
[16:24:22] [Render thread/WARN]: Missing translation key for rename: advancements.nether.use_lodestone.title
[16:24:22] [Render thread/WARN]: Missing translation key for rename: subtitles.block.sand.wind
[16:24:22] [Render thread/WARN]: Missing translation key for rename: snbt.parser.undescore_not_allowed
[16:24:22] [Render thread/WARN]: Missing translation key for rename: commands.setworldspawn.success.new
[16:24:22] [Render thread/WARN]: Missing translation key for rename: commands.spawnpoint.success.multiple.new
[16:24:22] [Render thread/WARN]: Missing translation key for rename: commands.spawnpoint.success.single.new
[16:24:22] [Render thread/WARN]: Missing translation key for rename: debug.crash.message.rebindable
[16:24:22] [Render thread/WARN]: Missing translation key for rename: debug.profiling.start.rebindable
[16:24:22] [Render thread/WARN]: Missing translation key for rename: subtitles.item.underwater_saddle.equip
[16:24:22] [Render thread/WARN]: Missing translation key for rename: gamerule.mobGriefing
[16:24:22] [Render thread/WARN]: Missing translation key for rename: gamerule.keepInventory
[16:24:22] [Render thread/WARN]: Missing translation key for rename: gamerule.doMobSpawning
[16:24:22] [Render thread/WARN]: Missing translation key for rename: gamerule.doMobLoot
[16:24:22] [Render thread/WARN]: Missing translation key for rename: gamerule.projectilesCanBreakBlocks
[16:24:22] [Render thread/WARN]: Missing translation key for rename: gamerule.doTileDrops
[16:24:22] [Render thread/WARN]: Missing translation key for rename: gamerule.doEntityDrops
[16:24:22] [Render thread/WARN]: Missing translation key for rename: gamerule.commandBlockOutput
[16:24:22] [Render thread/WARN]: Missing translation key for rename: gamerule.naturalRegeneration
[16:24:22] [Render thread/WARN]: Missing translation key for rename: gamerule.doDaylightCycle
[16:24:22] [Render thread/WARN]: Missing translation key for rename: gamerule.logAdminCommands
[16:24:22] [Render thread/WARN]: Missing translation key for rename: gamerule.showDeathMessages
[16:24:22] [Render thread/WARN]: Missing translation key for rename: gamerule.randomTickSpeed
[16:24:22] [Render thread/WARN]: Missing translation key for rename: gamerule.sendCommandFeedback
[16:24:22] [Render thread/WARN]: Missing translation key for rename: gamerule.reducedDebugInfo
[16:24:22] [Render thread/WARN]: Missing translation key for rename: gamerule.spectatorsGenerateChunks
[16:24:22] [Render thread/WARN]: Missing translation key for rename: gamerule.spawnRadius
[16:24:22] [Render thread/WARN]: Missing translation key for rename: gamerule.maxEntityCramming
[16:24:22] [Render thread/WARN]: Missing translation key for rename: gamerule.doWeatherCycle
[16:24:22] [Render thread/WARN]: Missing translation key for rename: gamerule.doLimitedCrafting
[16:24:22] [Render thread/WARN]: Missing translation key for rename: gamerule.maxCommandChainLength
[16:24:22] [Render thread/WARN]: Missing translation key for rename: gamerule.maxCommandForkCount
[16:24:22] [Render thread/WARN]: Missing translation key for rename: gamerule.commandModificationBlockLimit
[16:24:22] [Render thread/WARN]: Missing translation key for rename: gamerule.announceAdvancements
[16:24:22] [Render thread/WARN]: Missing translation key for rename: gamerule.doInsomnia
[16:24:22] [Render thread/WARN]: Missing translation key for rename: gamerule.doImmediateRespawn
[16:24:22] [Render thread/WARN]: Missing translation key for rename: gamerule.playersNetherPortalDefaultDelay
[16:24:22] [Render thread/WARN]: Missing translation key for rename: gamerule.playersNetherPortalCreativeDelay
[16:24:22] [Render thread/WARN]: Missing translation key for rename: gamerule.drowningDamage
[16:24:22] [Render thread/WARN]: Missing translation key for rename: gamerule.fallDamage
[16:24:22] [Render thread/WARN]: Missing translation key for rename: gamerule.fireDamage
[16:24:22] [Render thread/WARN]: Missing translation key for rename: gamerule.freezeDamage
[16:24:22] [Render thread/WARN]: Missing translation key for rename: gamerule.doPatrolSpawning
[16:24:22] [Render thread/WARN]: Missing translation key for rename: gamerule.doTraderSpawning
[16:24:22] [Render thread/WARN]: Missing translation key for rename: gamerule.doWardenSpawning
[16:24:22] [Render thread/WARN]: Missing translation key for rename: gamerule.forgiveDeadPlayers
[16:24:22] [Render thread/WARN]: Missing translation key for rename: gamerule.universalAnger
[16:24:22] [Render thread/WARN]: Missing translation key for rename: gamerule.playersSleepingPercentage
[16:24:22] [Render thread/WARN]: Missing translation key for rename: gamerule.blockExplosionDropDecay
[16:24:22] [Render thread/WARN]: Missing translation key for rename: gamerule.mobExplosionDropDecay
[16:24:22] [Render thread/WARN]: Missing translation key for rename: gamerule.tntExplosionDropDecay
[16:24:22] [Render thread/WARN]: Missing translation key for rename: gamerule.snowAccumulationHeight
[16:24:22] [Render thread/WARN]: Missing translation key for rename: gamerule.waterSourceConversion
[16:24:22] [Render thread/WARN]: Missing translation key for rename: gamerule.lavaSourceConversion
[16:24:22] [Render thread/WARN]: Missing translation key for rename: gamerule.globalSoundEvents
[16:24:22] [Render thread/WARN]: Missing translation key for rename: gamerule.doVinesSpread
[16:24:22] [Render thread/WARN]: Missing translation key for rename: gamerule.enderPearlsVanishOnDeath
[16:24:22] [Render thread/WARN]: Missing translation key for rename: gamerule.minecartMaxSpeed
[16:24:22] [Render thread/WARN]: Missing translation key for rename: gamerule.tntExplodes
[16:24:22] [Render thread/WARN]: Missing translation key for rename: gamerule.locatorBar
[16:24:22] [Render thread/WARN]: Missing translation key for rename: gamerule.pvp
[16:24:22] [Render thread/WARN]: Missing translation key for rename: gamerule.allowEnteringNetherUsingPortals
[16:24:22] [Render thread/WARN]: Missing translation key for rename: gamerule.spawnMonsters
[16:24:22] [Render thread/WARN]: Missing translation key for rename: gamerule.commandBlocksEnabled
[16:24:22] [Render thread/WARN]: Missing translation key for rename: gamerule.spawnerBlocksEnabled
[16:24:22] [Render thread/WARN]: Missing translation key for rename: gamerule.allowFireTicksAwayFromPlayer.description
[16:24:22] [Render thread/WARN]: Missing translation key for rename: gamerule.doMobSpawning.description
[16:24:22] [Render thread/WARN]: Missing translation key for rename: gamerule.doMobLoot.description
[16:24:22] [Render thread/WARN]: Missing translation key for rename: gamerule.projectilesCanBreakBlocks.description
[16:24:22] [Render thread/WARN]: Missing translation key for rename: gamerule.doTileDrops.description
[16:24:22] [Render thread/WARN]: Missing translation key for rename: gamerule.doEntityDrops.description
[16:24:22] [Render thread/WARN]: Missing translation key for rename: gamerule.reducedDebugInfo.description
[16:24:22] [Render thread/WARN]: Missing translation key for rename: gamerule.spawnRadius.description
[16:24:22] [Render thread/WARN]: Missing translation key for rename: gamerule.doLimitedCrafting.description
[16:24:22] [Render thread/WARN]: Missing translation key for rename: gamerule.maxCommandChainLength.description
[16:24:22] [Render thread/WARN]: Missing translation key for rename: gamerule.maxCommandForkCount.description
[16:24:22] [Render thread/WARN]: Missing translation key for rename: gamerule.commandModificationBlockLimit.description
[16:24:22] [Render thread/WARN]: Missing translation key for rename: gamerule.playersNetherPortalDefaultDelay.description
[16:24:22] [Render thread/WARN]: Missing translation key for rename: gamerule.playersNetherPortalCreativeDelay.description
[16:24:22] [Render thread/WARN]: Missing translation key for rename: gamerule.forgiveDeadPlayers.description
[16:24:22] [Render thread/WARN]: Missing translation key for rename: gamerule.universalAnger.description
[16:24:22] [Render thread/WARN]: Missing translation key for rename: gamerule.playersSleepingPercentage.description
[16:24:22] [Render thread/WARN]: Missing translation key for rename: gamerule.blockExplosionDropDecay.description
[16:24:22] [Render thread/WARN]: Missing translation key for rename: gamerule.mobExplosionDropDecay.description
[16:24:22] [Render thread/WARN]: Missing translation key for rename: gamerule.tntExplosionDropDecay.description
[16:24:22] [Render thread/WARN]: Missing translation key for rename: gamerule.snowAccumulationHeight.description
[16:24:22] [Render thread/WARN]: Missing translation key for rename: gamerule.waterSourceConversion.description
[16:24:22] [Render thread/WARN]: Missing translation key for rename: gamerule.lavaSourceConversion.description
[16:24:22] [Render thread/WARN]: Missing translation key for rename: gamerule.globalSoundEvents.description
[16:24:22] [Render thread/WARN]: Missing translation key for rename: gamerule.doVinesSpread.description
[16:24:22] [Render thread/WARN]: Missing translation key for rename: gamerule.enderPearlsVanishOnDeath.description
[16:24:22] [Render thread/WARN]: Missing translation key for rename: gamerule.minecartMaxSpeed.description
[16:24:22] [Render thread/WARN]: Missing translation key for rename: gamerule.locatorBar.description
[16:24:22] [Render thread/WARN]: Missing translation key for rename: gamerule.pvp.description
[16:24:22] [Render thread/WARN]: Missing translation key for rename: gamerule.allowEnteringNetherUsingPortals.description
[16:24:22] [Render thread/WARN]: Missing translation key for rename: gamerule.spawnMonsters.description
[16:24:22] [Render thread/WARN]: Missing translation key for rename: gamerule.category.chat
[16:24:22] [Render thread/WARN]: Missing translation key for rename: gamerule.category.drops
[16:24:22] [Render thread/WARN]: Missing translation key for rename: gamerule.category.misc
[16:24:22] [Render thread/WARN]: Missing translation key for rename: gamerule.category.mobs
[16:24:22] [Render thread/WARN]: Missing translation key for rename: gamerule.category.player
[16:24:22] [Render thread/WARN]: Missing translation key for rename: gamerule.category.spawning
[16:24:22] [Render thread/WARN]: Missing translation key for rename: gamerule.category.updates
[16:24:22] [Render thread/INFO]: Reloading ResourceManager: vanilla, componentviewer, conditional-mixin, creativecore, customskyboxes, exploitpreventer, fabric-api, fabric-api-base, fabric-api-lookup-api-v1, fabric-biome-api-v1, fabric-block-api-v1, fabric-block-view-api-v2, fabric-command-api-v2, fabric-content-registries-v0, fabric-convention-tags-v1, fabric-convention-tags-v2, fabric-crash-report-info-v1, fabric-data-attachment-api-v1, fabric-data-generation-api-v1, fabric-dimensions-v1, fabric-entity-events-v1, fabric-events-interaction-v0, fabric-game-rule-api-v1, fabric-item-api-v1, fabric-item-group-api-v1, fabric-key-binding-api-v1, fabric-lifecycle-events-v1, fabric-loot-api-v2, fabric-loot-api-v3, fabric-message-api-v1, fabric-model-loading-api-v1, fabric-networking-api-v1, fabric-object-builder-api-v1, fabric-particles-v1, fabric-recipe-api-v1, fabric-registry-sync-v0, fabric-renderer-api-v1, fabric-renderer-indigo, fabric-rendering-fluids-v1, fabric-rendering-v1, fabric-resource-conditions-api-v1, fabric-resource-loader-v0, fabric-resource-loader-v1, fabric-screen-api-v1, fabric-screen-handler-api-v1, fabric-serialization-api-v1, fabric-sound-api-v1, fabric-tag-api-v1, fabric-transfer-api-v1, fabric-transitive-access-wideners-v1, fabricloader, fakeclient, gamblerplus, glazed, litematica, malilib, maptooltip, meteor-client, modernmaptooltip, modmenu, nochatrestrictions, opsec, placeholder-api, relogclient, show_my_maps, skyboxify, voicechat, yet_another_config_lib_v3, file/Blue Netherite[1.2.1].zip, file/BlueEnchantmentGlint.zip, file/Blue Diamond Tools 1.4.zip, file/Fullbright-UB-1.21 fub-6.0.zip, file/CPVP Aesthetic.zip
[16:24:22] [Render thread/ERROR]: Invalid path in mod resource-pack gamblerplus: gamblerplus:font/LICENSE-nerd-font.txt, ignoring
[16:24:22] [Worker-Main-3/WARN]: Invalid path in datapack: minecraft:sounds/PresenceFootsteps/blocks/step/bamboo/squeakywood_walk1.ogg, ignoring
[16:24:22] [Worker-Main-3/WARN]: Invalid path in datapack: minecraft:sounds/PresenceFootsteps/blocks/step/bamboo/squeakywood_walk10.ogg, ignoring
[16:24:22] [Worker-Main-3/WARN]: Invalid path in datapack: minecraft:sounds/PresenceFootsteps/blocks/step/bamboo/squeakywood_walk11.ogg, ignoring
[16:24:22] [Worker-Main-3/WARN]: Invalid path in datapack: minecraft:sounds/PresenceFootsteps/blocks/step/bamboo/squeakywood_walk2.ogg, ignoring
[16:24:22] [Worker-Main-3/WARN]: Invalid path in datapack: minecraft:sounds/PresenceFootsteps/blocks/step/bamboo/squeakywood_walk3.ogg, ignoring
[16:24:22] [Worker-Main-3/WARN]: Invalid path in datapack: minecraft:sounds/PresenceFootsteps/blocks/step/bamboo/squeakywood_walk4.ogg, ignoring
[16:24:22] [Worker-Main-3/WARN]: Invalid path in datapack: minecraft:sounds/PresenceFootsteps/blocks/step/bamboo/squeakywood_walk5.ogg, ignoring
[16:24:22] [Worker-Main-3/WARN]: Invalid path in datapack: minecraft:sounds/PresenceFootsteps/blocks/step/bamboo/squeakywood_walk6.ogg, ignoring
[16:24:22] [Worker-Main-3/WARN]: Invalid path in datapack: minecraft:sounds/PresenceFootsteps/blocks/step/bamboo/squeakywood_walk7.ogg, ignoring
[16:24:22] [Worker-Main-3/WARN]: Invalid path in datapack: minecraft:sounds/PresenceFootsteps/blocks/step/bamboo/squeakywood_walk8.ogg, ignoring
[16:24:22] [Worker-Main-3/WARN]: Invalid path in datapack: minecraft:sounds/PresenceFootsteps/blocks/step/bamboo/squeakywood_walk9.ogg, ignoring
[16:24:22] [Worker-Main-3/WARN]: Invalid path in datapack: minecraft:sounds/PresenceFootsteps/blocks/step/bamboo/squeakywood_wander1.ogg, ignoring
[16:24:22] [Worker-Main-3/WARN]: Invalid path in datapack: minecraft:sounds/PresenceFootsteps/blocks/step/bamboo/squeakywood_wander2.ogg, ignoring
[16:24:22] [Worker-Main-3/WARN]: Invalid path in datapack: minecraft:sounds/PresenceFootsteps/blocks/step/bamboo/squeakywood_wander3.ogg, ignoring
[16:24:22] [Worker-Main-3/WARN]: Invalid path in datapack: minecraft:sounds/PresenceFootsteps/blocks/step/bamboo/squeakywood_wander4.ogg, ignoring
[16:24:22] [Worker-Main-3/WARN]: Invalid path in datapack: minecraft:sounds/PresenceFootsteps/blocks/step/bamboo/squeakywood_wander5.ogg, ignoring
[16:24:22] [Worker-Main-3/WARN]: Invalid path in datapack: minecraft:sounds/PresenceFootsteps/blocks/step/bamboo/squeakywood_wander6.ogg, ignoring
[16:24:22] [Worker-Main-3/WARN]: Invalid path in datapack: minecraft:sounds/PresenceFootsteps/blocks/step/bamboo/squeakywood_wander7.ogg, ignoring
[16:24:22] [Worker-Main-3/WARN]: Invalid path in datapack: minecraft:sounds/PresenceFootsteps/blocks/step/bluntwood/bluntwood_walk1.ogg, ignoring
[16:24:22] [Worker-Main-3/WARN]: Invalid path in datapack: minecraft:sounds/PresenceFootsteps/blocks/step/bluntwood/bluntwood_walk10.ogg, ignoring
[16:24:22] [Worker-Main-3/WARN]: Invalid path in datapack: minecraft:sounds/PresenceFootsteps/blocks/step/bluntwood/bluntwood_walk11.ogg, ignoring
[16:24:22] [Worker-Main-3/WARN]: Invalid path in datapack: minecraft:sounds/PresenceFootsteps/blocks/step/bluntwood/bluntwood_walk2.ogg, ignoring
[16:24:22] [Worker-Main-3/WARN]: Invalid path in datapack: minecraft:sounds/PresenceFootsteps/blocks/step/bluntwood/bluntwood_walk3.ogg, ignoring
[16:24:22] [Worker-Main-3/WARN]: Invalid path in datapack: minecraft:sounds/PresenceFootsteps/blocks/step/bluntwood/bluntwood_walk4.ogg, ignoring
[16:24:22] [Worker-Main-3/WARN]: Invalid path in datapack: minecraft:sounds/PresenceFootsteps/blocks/step/bluntwood/bluntwood_walk5.ogg, ignoring
[16:24:22] [Worker-Main-3/WARN]: Invalid path in datapack: minecraft:sounds/PresenceFootsteps/blocks/step/bluntwood/bluntwood_walk6.ogg, ignoring
[16:24:22] [Worker-Main-3/WARN]: Invalid path in datapack: minecraft:sounds/PresenceFootsteps/blocks/step/bluntwood/bluntwood_walk7.ogg, ignoring
[16:24:22] [Worker-Main-3/WARN]: Invalid path in datapack: minecraft:sounds/PresenceFootsteps/blocks/step/bluntwood/bluntwood_walk8.ogg, ignoring
[16:24:22] [Worker-Main-3/WARN]: Invalid path in datapack: minecraft:sounds/PresenceFootsteps/blocks/step/bluntwood/bluntwood_walk9.ogg, ignoring
[16:24:22] [Worker-Main-3/WARN]: Invalid path in datapack: minecraft:sounds/PresenceFootsteps/blocks/step/bluntwood/bluntwood_wander1.ogg, ignoring
[16:24:22] [Worker-Main-3/WARN]: Invalid path in datapack: minecraft:sounds/PresenceFootsteps/blocks/step/bluntwood/bluntwood_wander2.ogg, ignoring
[16:24:22] [Worker-Main-3/WARN]: Invalid path in datapack: minecraft:sounds/PresenceFootsteps/blocks/step/bluntwood/bluntwood_wander3.ogg, ignoring
[16:24:22] [Worker-Main-3/WARN]: Invalid path in datapack: minecraft:sounds/PresenceFootsteps/blocks/step/bluntwood/bluntwood_wander4.ogg, ignoring
[16:24:22] [Worker-Main-3/WARN]: Invalid path in datapack: minecraft:sounds/PresenceFootsteps/blocks/step/bluntwood/bluntwood_wander5.ogg, ignoring
[16:24:22] [Worker-Main-3/WARN]: Invalid path in datapack: minecraft:sounds/PresenceFootsteps/blocks/step/brush/brush_through1.ogg, ignoring
[16:24:22] [Worker-Main-3/WARN]: Invalid path in datapack: minecraft:sounds/PresenceFootsteps/blocks/step/brush/brush_through10.ogg, ignoring
[16:24:22] [Worker-Main-3/WARN]: Invalid path in datapack: minecraft:sounds/PresenceFootsteps/blocks/step/brush/brush_through11.ogg, ignoring
[16:24:22] [Worker-Main-3/WARN]: Invalid path in datapack: minecraft:sounds/PresenceFootsteps/blocks/step/brush/brush_through2.ogg, ignoring
[16:24:22] [Worker-Main-3/WARN]: Invalid path in datapack: minecraft:sounds/PresenceFootsteps/blocks/step/brush/brush_through3.ogg, ignoring
[16:24:22] [Worker-Main-3/WARN]: Invalid path in datapack: minecraft:sounds/PresenceFootsteps/blocks/step/brush/brush_through4.ogg, ignoring
[16:24:22] [Worker-Main-3/WARN]: Invalid path in datapack: minecraft:sounds/PresenceFootsteps/blocks/step/brush/brush_through5.ogg, ignoring
[16:24:22] [Worker-Main-3/WARN]: Invalid path in datapack: minecraft:sounds/PresenceFootsteps/blocks/step/brush/brush_through6.ogg, ignoring
[16:24:22] [Worker-Main-3/WARN]: Invalid path in datapack: minecraft:sounds/PresenceFootsteps/blocks/step/brush/brush_through7.ogg, ignoring
[16:24:22] [Worker-Main-3/WARN]: Invalid path in datapack: minecraft:sounds/PresenceFootsteps/blocks/step/brush/brush_through8.ogg, ignoring
[16:24:22] [Worker-Main-3/WARN]: Invalid path in datapack: minecraft:sounds/PresenceFootsteps/blocks/step/brush/brush_through9.ogg, ignoring
[16:24:22] [Worker-Main-3/WARN]: Invalid path in datapack: minecraft:sounds/PresenceFootsteps/blocks/step/chain/chain_1.ogg, ignoring
[16:24:22] [Worker-Main-3/WARN]: Invalid path in datapack: minecraft:sounds/PresenceFootsteps/blocks/step/chain/chain_10.ogg, ignoring
[16:24:22] [Worker-Main-3/WARN]: Invalid path in datapack: minecraft:sounds/PresenceFootsteps/blocks/step/chain/chain_11.ogg, ignoring
[16:24:22] [Worker-Main-3/WARN]: Invalid path in datapack: minecraft:sounds/PresenceFootsteps/blocks/step/chain/chain_12.ogg, ignoring
[16:24:22] [Worker-Main-3/WARN]: Invalid path in datapack: minecraft:sounds/PresenceFootsteps/blocks/step/chain/chain_2.ogg, ignoring
[16:24:22] [Worker-Main-3/WARN]: Invalid path in datapack: minecraft:sounds/PresenceFootsteps/blocks/step/chain/chain_3.ogg, ignoring
[16:24:22] [Worker-Main-3/WARN]: Invalid path in datapack: minecraft:sounds/PresenceFootsteps/blocks/step/chain/chain_4.ogg, ignoring
[16:24:22] [Worker-Main-3/WARN]: Invalid path in datapack: minecraft:sounds/PresenceFootsteps/blocks/step/chain/chain_5.ogg, ignoring
[16:24:22] [Worker-Main-3/WARN]: Invalid path in datapack: minecraft:sounds/PresenceFootsteps/blocks/step/chain/chain_6.ogg, ignoring
[16:24:22] [Worker-Main-3/WARN]: Invalid path in datapack: minecraft:sounds/PresenceFootsteps/blocks/step/chain/chain_7.ogg, ignoring
[16:24:22] [Worker-Main-3/WARN]: Invalid path in datapack: minecraft:sounds/PresenceFootsteps/blocks/step/chain/chain_8.ogg, ignoring
[16:24:22] [Worker-Main-3/WARN]: Invalid path in datapack: minecraft:sounds/PresenceFootsteps/blocks/step/chain/chain_9.ogg, ignoring
[16:24:22] [Worker-Main-3/WARN]: Invalid path in datapack: minecraft:sounds/PresenceFootsteps/blocks/step/concrete/concrete_run1.ogg, ignoring
[16:24:22] [Worker-Main-3/WARN]: Invalid path in datapack: minecraft:sounds/PresenceFootsteps/blocks/step/concrete/concrete_run10.ogg, ignoring
[16:24:22] [Worker-Main-3/WARN]: Invalid path in datapack: minecraft:sounds/PresenceFootsteps/blocks/step/concrete/concrete_run11.ogg, ignoring
[16:24:22] [Worker-Main-3/WARN]: Invalid path in datapack: minecraft:sounds/PresenceFootsteps/blocks/step/concrete/concrete_run2.ogg, ignoring
[16:24:22] [Worker-Main-3/WARN]: Invalid path in datapack: minecraft:sounds/PresenceFootsteps/blocks/step/concrete/concrete_run3.ogg, ignoring
[16:24:22] [Worker-Main-3/WARN]: Invalid path in datapack: minecraft:sounds/PresenceFootsteps/blocks/step/concrete/concrete_run4.ogg, ignoring
[16:24:22] [Worker-Main-3/WARN]: Invalid path in datapack: minecraft:sounds/PresenceFootsteps/blocks/step/concrete/concrete_run5.ogg, ignoring
[16:24:22] [Worker-Main-3/WARN]: Invalid path in datapack: minecraft:sounds/PresenceFootsteps/blocks/step/concrete/concrete_run6.ogg, ignoring
[16:24:22] [Worker-Main-3/WARN]: Invalid path in datapack: minecraft:sounds/PresenceFootsteps/blocks/step/concrete/concrete_run7.ogg, ignoring
[16:24:22] [Worker-Main-3/WARN]: Invalid path in datapack: minecraft:sounds/PresenceFootsteps/blocks/step/concrete/concrete_run8.ogg, ignoring
[16:24:22] [Worker-Main-3/WARN]: Invalid path in datapack: minecraft:sounds/PresenceFootsteps/blocks/step/concrete/concrete_run9.ogg, ignoring
[16:24:22] [Worker-Main-3/WARN]: Invalid path in datapack: minecraft:sounds/PresenceFootsteps/blocks/step/concrete/concrete_walk1.ogg, ignoring
[16:24:22] [Worker-Main-3/WARN]: Invalid path in datapack: minecraft:sounds/PresenceFootsteps/blocks/step/concrete/concrete_walk10.ogg, ignoring
[16:24:22] [Worker-Main-3/WARN]: Invalid path in datapack: minecraft:sounds/PresenceFootsteps/blocks/step/concrete/concrete_walk11.ogg, ignoring
[16:24:22] [Worker-Main-3/WARN]: Invalid path in datapack: minecraft:sounds/PresenceFootsteps/blocks/step/concrete/concrete_walk2.ogg, ignoring
[16:24:22] [Worker-Main-3/WARN]: Invalid path in datapack: minecraft:sounds/PresenceFootsteps/blocks/step/concrete/concrete_walk3.ogg, ignoring
[16:24:22] [Worker-Main-3/WARN]: Invalid path in datapack: minecraft:sounds/PresenceFootsteps/blocks/step/concrete/concrete_walk4.ogg, ignoring
[16:24:22] [Worker-Main-3/WARN]: Invalid path in datapack: minecraft:sounds/PresenceFootsteps/blocks/step/concrete/concrete_walk5.ogg, ignoring
[16:24:22] [Worker-Main-3/WARN]: Invalid path in datapack: minecraft:sounds/PresenceFootsteps/blocks/step/concrete/concrete_walk6.ogg, ignoring
[16:24:22] [Worker-Main-3/WARN]: Invalid path in datapack: minecraft:sounds/PresenceFootsteps/blocks/step/concrete/concrete_walk7.ogg, ignoring
[16:24:22] [Worker-Main-3/WARN]: Invalid path in datapack: minecraft:sounds/PresenceFootsteps/blocks/step/concrete/concrete_walk8.ogg, ignoring
[16:24:22] [Worker-Main-3/WARN]: Invalid path in datapack: minecraft:sounds/PresenceFootsteps/blocks/step/concrete/concrete_walk9.ogg, ignoring
[16:24:22] [Worker-Main-3/WARN]: Invalid path in datapack: minecraft:sounds/PresenceFootsteps/blocks/step/concrete/concrete_wander1.ogg, ignoring
[16:24:22] [Worker-Main-3/WARN]: Invalid path in datapack: minecraft:sounds/PresenceFootsteps/blocks/step/concrete/concrete_wander2.ogg, ignoring
[16:24:22] [Worker-Main-3/WARN]: Invalid path in datapack: minecraft:sounds/PresenceFootsteps/blocks/step/concrete/concrete_wander3.ogg, ignoring
[16:24:22] [Worker-Main-3/WARN]: Invalid path in datapack: minecraft:sounds/PresenceFootsteps/blocks/step/concrete/concrete_wander4.ogg, ignoring
[16:24:22] [Worker-Main-3/WARN]: Invalid path in datapack: minecraft:sounds/PresenceFootsteps/blocks/step/concrete/concrete_wander5.ogg, ignoring
[16:24:22] [Worker-Main-3/WARN]: Invalid path in datapack: minecraft:sounds/PresenceFootsteps/blocks/step/crystal/crystal_run1.ogg, ignoring
[16:24:22] [Worker-Main-3/WARN]: Invalid path in datapack: minecraft:sounds/PresenceFootsteps/blocks/step/crystal/crystal_run2.ogg, ignoring
[16:24:22] [Worker-Main-3/WARN]: Invalid path in datapack: minecraft:sounds/PresenceFootsteps/blocks/step/crystal/crystal_run3.ogg, ignoring
[16:24:22] [Worker-Main-3/WARN]: Invalid path in datapack: minecraft:sounds/PresenceFootsteps/blocks/step/crystal/crystal_run4.ogg, ignoring
[16:24:22] [Worker-Main-3/WARN]: Invalid path in datapack: minecraft:sounds/PresenceFootsteps/blocks/step/crystal/crystal_run5.ogg, ignoring
[16:24:22] [Worker-Main-3/WARN]: Invalid path in datapack: minecraft:sounds/PresenceFootsteps/blocks/step/crystal/crystal_run6.ogg, ignoring
[16:24:22] [Worker-Main-3/WARN]: Invalid path in datapack: minecraft:sounds/PresenceFootsteps/blocks/step/crystal/crystal_walk1.ogg, ignoring
[16:24:22] [Worker-Main-3/WARN]: Invalid path in datapack: minecraft:sounds/PresenceFootsteps/blocks/step/crystal/crystal_walk2.ogg, ignoring
[16:24:22] [Worker-Main-3/WARN]: Invalid path in datapack: minecraft:sounds/PresenceFootsteps/blocks/step/crystal/crystal_walk3.ogg, ignoring
[16:24:22] [Worker-Main-3/WARN]: Invalid path in datapack: minecraft:sounds/PresenceFootsteps/blocks/step/crystal/crystal_walk4.ogg, ignoring
[16:24:22] [Worker-Main-3/WARN]: Invalid path in datapack: minecraft:sounds/PresenceFootsteps/blocks/step/crystal/crystal_walk5.ogg, ignoring
[16:24:22] [Worker-Main-3/WARN]: Invalid path in datapack: minecraft:sounds/PresenceFootsteps/blocks/step/crystal/crystal_walk6.ogg, ignoring
[16:24:22] [Worker-Main-3/WARN]: Invalid path in datapack: minecraft:sounds/PresenceFootsteps/blocks/step/deckwood/deckwood_run1.ogg, ignoring
[16:24:22] [Worker-Main-3/WARN]: Invalid path in datapack: minecraft:sounds/PresenceFootsteps/blocks/step/deckwood/deckwood_run10.ogg, ignoring
[16:24:22] [Worker-Main-3/WARN]: Invalid path in datapack: minecraft:sounds/PresenceFootsteps/blocks/step/deckwood/deckwood_run11.ogg, ignoring
[16:24:22] [Worker-Main-3/WARN]: Invalid path in datapack: minecraft:sounds/PresenceFootsteps/blocks/step/deckwood/deckwood_run2.ogg, ignoring
[16:24:22] [Worker-Main-3/WARN]: Invalid path in datapack: minecraft:sounds/PresenceFootsteps/blocks/step/deckwood/deckwood_run3.ogg, ignoring
[16:24:22] [Worker-Main-3/WARN]: Invalid path in datapack: minecraft:sounds/PresenceFootsteps/blocks/step/deckwood/deckwood_run4.ogg, ignoring
[16:24:22] [Worker-Main-3/WARN]: Invalid path in datapack: minecraft:sounds/PresenceFootsteps/blocks/step/deckwood/deckwood_run5.ogg, ignoring
[16:24:22] [Worker-Main-3/WARN]: Invalid path in datapack: minecraft:sounds/PresenceFootsteps/blocks/step/deckwood/deckwood_run6.ogg, ignoring
[16:24:22] [Worker-Main-3/WARN]: Invalid path in datapack: minecraft:sounds/PresenceFootsteps/blocks/step/deckwood/deckwood_run7.ogg, ignoring
[16:24:22] [Worker-Main-3/WARN]: Invalid path in datapack: minecraft:sounds/PresenceFootsteps/blocks/step/deckwood/deckwood_run8.ogg, ignoring
[16:24:22] [Worker-Main-3/WARN]: Invalid path in datapack: minecraft:sounds/PresenceFootsteps/blocks/step/deckwood/deckwood_run9.ogg, ignoring
[16:24:22] [Worker-Main-3/WARN]: Invalid path in datapack: minecraft:sounds/PresenceFootsteps/blocks/step/dirt/dirt_land1.ogg, ignoring
[16:24:22] [Worker-Main-3/WARN]: Invalid path in datapack: minecraft:sounds/PresenceFootsteps/blocks/step/dirt/dirt_land2.ogg, ignoring
[16:24:22] [Worker-Main-3/WARN]: Invalid path in datapack: minecraft:sounds/PresenceFootsteps/blocks/step/dirt/dirt_land3.ogg, ignoring
[16:24:22] [Worker-Main-3/WARN]: Invalid path in datapack: minecraft:sounds/PresenceFootsteps/blocks/step/dirt/dirt_land4.ogg, ignoring
[16:24:22] [Worker-Main-3/WARN]: Invalid path in datapack: minecraft:sounds/PresenceFootsteps/blocks/step/dirt/dirt_run1.ogg, ignoring
[16:24:22] [Worker-Main-3/WARN]: Invalid path in datapack: minecraft:sounds/PresenceFootsteps/blocks/step/dirt/dirt_run10.ogg, ignoring
[16:24:22] [Worker-Main-3/WARN]: Invalid path in datapack: minecraft:sounds/PresenceFootsteps/blocks/step/dirt/dirt_run11.ogg, ignoring
[16:24:22] [Worker-Main-3/WARN]: Invalid path in datapack: minecraft:sounds/PresenceFootsteps/blocks/step/dirt/dirt_run2.ogg, ignoring
[16:24:22] [Worker-Main-3/WARN]: Invalid path in datapack: minecraft:sounds/PresenceFootsteps/blocks/step/dirt/dirt_run3.ogg, ignoring
[16:24:22] [Worker-Main-3/WARN]: Invalid path in datapack: minecraft:sounds/PresenceFootsteps/blocks/step/dirt/dirt_run4.ogg, ignoring
[16:24:22] [Worker-Main-3/WARN]: Invalid path in datapack: minecraft:sounds/PresenceFootsteps/blocks/step/dirt/dirt_run5.ogg, ignoring
[16:24:22] [Worker-Main-3/WARN]: Invalid path in datapack: minecraft:sounds/PresenceFootsteps/blocks/step/dirt/dirt_run6.ogg, ignoring
[16:24:22] [Worker-Main-3/WARN]: Invalid path in datapack: minecraft:sounds/PresenceFootsteps/blocks/step/dirt/dirt_run7.ogg, ignoring
[16:24:22] [Worker-Main-3/WARN]: Invalid path in datapack: minecraft:sounds/PresenceFootsteps/blocks/step/dirt/dirt_run8.ogg, ignoring
[16:24:22] [Worker-Main-3/WARN]: Invalid path in datapack: minecraft:sounds/PresenceFootsteps/blocks/step/dirt/dirt_run9.ogg, ignoring
[16:24:22] [Worker-Main-3/WARN]: Invalid path in datapack: minecraft:sounds/PresenceFootsteps/blocks/step/dirt/dirt_walk1.ogg, ignoring
[16:24:22] [Worker-Main-3/WARN]: Invalid path in datapack: minecraft:sounds/PresenceFootsteps/blocks/step/dirt/dirt_walk10.ogg, ignoring
[16:24:22] [Worker-Main-3/WARN]: Invalid path in datapack: minecraft:sounds/PresenceFootsteps/blocks/step/dirt/dirt_walk11.ogg, ignoring
[16:24:22] [Worker-Main-3/WARN]: Invalid path in datapack: minecraft:sounds/PresenceFootsteps/blocks/step/dirt/dirt_walk2.ogg, ignoring
[16:24:22] [Worker-Main-3/WARN]: Invalid path in datapack: minecraft:sounds/PresenceFootsteps/blocks/step/dirt/dirt_walk3.ogg, ignoring
[16:24:22] [Worker-Main-3/WARN]: Invalid path in datapack: minecraft:sounds/PresenceFootsteps/blocks/step/dirt/dirt_walk4.ogg, ignoring
[16:24:22] [Worker-Main-3/WARN]: Invalid path in datapack: minecraft:sounds/PresenceFootsteps/blocks/step/dirt/dirt_walk5.ogg, ignoring
[16:24:22] [Worker-Main-3/WARN]: Invalid path in datapack: minecraft:sounds/PresenceFootsteps/blocks/step/dirt/dirt_walk6.ogg, ignoring
[16:24:22] [Worker-Main-3/WARN]: Invalid path in datapack: minecraft:sounds/PresenceFootsteps/blocks/step/dirt/dirt_walk7.ogg, ignoring
[16:24:22] [Worker-Main-3/WARN]: Invalid path in datapack: minecraft:sounds/PresenceFootsteps/blocks/step/dirt/dirt_walk8.ogg, ignoring
[16:24:22] [Worker-Main-3/WARN]: Invalid path in datapack: minecraft:sounds/PresenceFootsteps/blocks/step/dirt/dirt_walk9.ogg, ignoring
[16:24:22] [Worker-Main-3/WARN]: Invalid path in datapack: minecraft:sounds/PresenceFootsteps/blocks/step/dirt/dirt_wander1.ogg, ignoring
[16:24:22] [Worker-Main-3/WARN]: Invalid path in datapack: minecraft:sounds/PresenceFootsteps/blocks/step/dirt/dirt_wander2.ogg, ignoring
[16:24:22] [Worker-Main-3/WARN]: Invalid path in datapack: minecraft:sounds/PresenceFootsteps/blocks/step/dirt/dirt_wander3.ogg, ignoring
[16:24:22] [Worker-Main-3/WARN]: Invalid path in datapack: minecraft:sounds/PresenceFootsteps/blocks/step/dirt/dirt_wander4.ogg, ignoring
[16:24:22] [Worker-Main-3/WARN]: Invalid path in datapack: minecraft:sounds/PresenceFootsteps/blocks/step/dirt/dirt_wander5.ogg, ignoring
[16:24:22] [Worker-Main-3/WARN]: Invalid path in datapack: minecraft:sounds/PresenceFootsteps/blocks/step/glass/glass_hard1.ogg, ignoring
[16:24:22] [Worker-Main-3/WARN]: Invalid path in datapack: minecraft:sounds/PresenceFootsteps/blocks/step/glass/glass_hit1.ogg, ignoring
[16:24:22] [Worker-Main-3/WARN]: Invalid path in datapack: minecraft:sounds/PresenceFootsteps/blocks/step/glass/glass_hit2.ogg, ignoring
[16:24:22] [Worker-Main-3/WARN]: Invalid path in datapack: minecraft:sounds/PresenceFootsteps/blocks/step/glass/glass_hit3.ogg, ignoring
[16:24:22] [Worker-Main-3/WARN]: Invalid path in datapack: minecraft:sounds/PresenceFootsteps/blocks/step/grass/grass_run1.ogg, ignoring
[16:24:22] [Worker-Main-3/WARN]: Invalid path in datapack: minecraft:sounds/PresenceFootsteps/blocks/step/grass/grass_run2.ogg, ignoring
[16:24:22] [Worker-Main-3/WARN]: Invalid path in datapack: minecraft:sounds/PresenceFootsteps/blocks/step/grass/grass_run3.ogg, ignoring
[16:24:22] [Worker-Main-3/WARN]: Invalid path in datapack: minecraft:sounds/PresenceFootsteps/blocks/step/grass/grass_run4.ogg, ignoring
[16:24:22] [Worker-Main-3/WARN]: Invalid path in datapack: minecraft:sounds/PresenceFootsteps/blocks/step/grass/grass_walk1.ogg, ignoring
[16:24:22] [Worker-Main-3/WARN]: Invalid path in datapack: minecraft:sounds/PresenceFootsteps/blocks/step/grass/grass_walk10.ogg, ignoring
[16:24:22] [Worker-Main-3/WARN]: Invalid path in datapack: minecraft:sounds/PresenceFootsteps/blocks/step/grass/grass_walk2.ogg, ignoring
[16:24:22] [Worker-Main-3/WARN]: Invalid path in datapack: minecraft:sounds/PresenceFootsteps/blocks/step/grass/grass_walk3.ogg, ignoring
[16:24:22] [Worker-Main-3/WARN]: Invalid path in datapack: minecraft:sounds/PresenceFootsteps/blocks/step/grass/grass_walk4.ogg, ignoring
[16:24:22] [Worker-Main-3/WARN]: Invalid path in datapack: minecraft:sounds/PresenceFootsteps/blocks/step/grass/grass_walk5.ogg, ignoring
[16:24:22] [Worker-Main-3/WARN]: Invalid path in datapack: minecraft:sounds/PresenceFootsteps/blocks/step/grass/grass_walk6.ogg, ignoring
[16:24:22] [Worker-Main-3/WARN]: Invalid path in datapack: minecraft:sounds/PresenceFootsteps/blocks/step/grass/grass_walk7.ogg, ignoring
[16:24:22] [Worker-Main-3/WARN]: Invalid path in datapack: minecraft:sounds/PresenceFootsteps/blocks/step/grass/grass_walk8.ogg, ignoring
[16:24:22] [Worker-Main-3/WARN]: Invalid path in datapack: minecraft:sounds/PresenceFootsteps/blocks/step/grass/grass_walk9.ogg, ignoring
[16:24:22] [Worker-Main-3/WARN]: Invalid path in datapack: minecraft:sounds/PresenceFootsteps/blocks/step/grass/grass_wander1.ogg, ignoring
[16:24:22] [Worker-Main-3/WARN]: Invalid path in datapack: minecraft:sounds/PresenceFootsteps/blocks/step/grass/grass_wander2.ogg, ignoring
[16:24:22] [Worker-Main-3/WARN]: Invalid path in datapack: minecraft:sounds/PresenceFootsteps/blocks/step/grass/grass_wander3.ogg, ignoring
[16:24:22] [Worker-Main-3/WARN]: Invalid path in datapack: minecraft:sounds/PresenceFootsteps/blocks/step/grass/grass_wander4.ogg, ignoring
[16:24:22] [Worker-Main-3/WARN]: Invalid path in datapack: minecraft:sounds/PresenceFootsteps/blocks/step/grass/grass_wander5.ogg, ignoring
[16:24:22] [Worker-Main-3/WARN]: Invalid path in datapack: minecraft:sounds/PresenceFootsteps/blocks/step/grass/grass_wander6.ogg, ignoring
[16:24:22] [Worker-Main-3/WARN]: Invalid path in datapack: minecraft:sounds/PresenceFootsteps/blocks/step/gravel/gravel_land1.ogg, ignoring
[16:24:22] [Worker-Main-3/WARN]: Invalid path in datapack: minecraft:sounds/PresenceFootsteps/blocks/step/gravel/gravel_land2.ogg, ignoring
[16:24:22] [Worker-Main-3/WARN]: Invalid path in datapack: minecraft:sounds/PresenceFootsteps/blocks/step/gravel/gravel_run1.ogg, ignoring
[16:24:22] [Worker-Main-3/WARN]: Invalid path in datapack: minecraft:sounds/PresenceFootsteps/blocks/step/gravel/gravel_run10.ogg, ignoring
[16:24:22] [Worker-Main-3/WARN]: Invalid path in datapack: minecraft:sounds/PresenceFootsteps/blocks/step/gravel/gravel_run11.ogg, ignoring
[16:24:22] [Worker-Main-3/WARN]: Invalid path in datapack: minecraft:sounds/PresenceFootsteps/blocks/step/gravel/gravel_run2.ogg, ignoring
[16:24:22] [Worker-Main-3/WARN]: Invalid path in datapack: minecraft:sounds/PresenceFootsteps/blocks/step/gravel/gravel_run3.ogg, ignoring
[16:24:22] [Worker-Main-3/WARN]: Invalid path in datapack: minecraft:sounds/PresenceFootsteps/blocks/step/gravel/gravel_run4.ogg, ignoring
[16:24:22] [Worker-Main-3/WARN]: Invalid path in datapack: minecraft:sounds/PresenceFootsteps/blocks/step/gravel/gravel_run5.ogg, ignoring
[16:24:22] [Worker-Main-3/WARN]: Invalid path in datapack: minecraft:sounds/PresenceFootsteps/blocks/step/gravel/gravel_run6.ogg, ignoring
[16:24:22] [Worker-Main-3/WARN]: Invalid path in datapack: minecraft:sounds/PresenceFootsteps/blocks/step/gravel/gravel_run7.ogg, ignoring
[16:24:22] [Worker-Main-3/WARN]: Invalid path in datapack: minecraft:sounds/PresenceFootsteps/blocks/step/gravel/gravel_run8.ogg, ignoring
[16:24:22] [Worker-Main-3/WARN]: Invalid path in datapack: minecraft:sounds/PresenceFootsteps/blocks/step/gravel/gravel_run9.ogg, ignoring
[16:24:22] [Worker-Main-3/WARN]: Invalid path in datapack: minecraft:sounds/PresenceFootsteps/blocks/step/gravel/gravel_walk1.ogg, ignoring
[16:24:22] [Worker-Main-3/WARN]: Invalid path in datapack: minecraft:sounds/PresenceFootsteps/blocks/step/gravel/gravel_walk10.ogg, ignoring
[16:24:22] [Worker-Main-3/WARN]: Invalid path in datapack: minecraft:sounds/PresenceFootsteps/blocks/step/gravel/gravel_walk11.ogg, ignoring
[16:24:22] [Worker-Main-3/WARN]: Invalid path in datapack: minecraft:sounds/PresenceFootsteps/blocks/step/gravel/gravel_walk2.ogg, ignoring
[16:24:22] [Worker-Main-3/WARN]: Invalid path in datapack: minecraft:sounds/PresenceFootsteps/blocks/step/gravel/gravel_walk3.ogg, ignoring
[16:24:22] [Worker-Main-3/WARN]: Invalid path in datapack: minecraft:sounds/PresenceFootsteps/blocks/step/gravel/gravel_walk4.ogg, ignoring
[16:24:22] [Worker-Main-3/WARN]: Invalid path in datapack: minecraft:sounds/PresenceFootsteps/blocks/step/gravel/gravel_walk5.ogg, ignoring
[16:24:22] [Worker-Main-3/WARN]: Invalid path in datapack: minecraft:sounds/PresenceFootsteps/blocks/step/gravel/gravel_walk6.ogg, ignoring
[16:24:22] [Worker-Main-3/WARN]: Invalid path in datapack: minecraft:sounds/PresenceFootsteps/blocks/step/gravel/gravel_walk7.ogg, ignoring
[16:24:22] [Worker-Main-3/WARN]: Invalid path in datapack: minecraft:sounds/PresenceFootsteps/blocks/step/gravel/gravel_walk8.ogg, ignoring
[16:24:22] [Worker-Main-3/WARN]: Invalid path in datapack: minecraft:sounds/PresenceFootsteps/blocks/step/gravel/gravel_walk9.ogg, ignoring
[16:24:22] [Worker-Main-3/WARN]: Invalid path in datapack: minecraft:sounds/PresenceFootsteps/blocks/step/gravel/gravel_wander1.ogg, ignoring
[16:24:22] [Worker-Main-3/WARN]: Invalid path in datapack: minecraft:sounds/PresenceFootsteps/blocks/step/gravel/gravel_wander2.ogg, ignoring
[16:24:22] [Worker-Main-3/WARN]: Invalid path in datapack: minecraft:sounds/PresenceFootsteps/blocks/step/gravel/gravel_wander3.ogg, ignoring
[16:24:22] [Worker-Main-3/WARN]: Invalid path in datapack: minecraft:sounds/PresenceFootsteps/blocks/step/ladder/ladder1.ogg, ignoring
[16:24:22] [Worker-Main-3/WARN]: Invalid path in datapack: minecraft:sounds/PresenceFootsteps/blocks/step/ladder/ladder2.ogg, ignoring
[16:24:22] [Worker-Main-3/WARN]: Invalid path in datapack: minecraft:sounds/PresenceFootsteps/blocks/step/ladder/ladder3.ogg, ignoring
[16:24:22] [Worker-Main-3/WARN]: Invalid path in datapack: minecraft:sounds/PresenceFootsteps/blocks/step/ladder/ladder4.ogg, ignoring
[16:24:22] [Worker-Main-3/WARN]: Invalid path in datapack: minecraft:sounds/PresenceFootsteps/blocks/step/leaves/leaves_through1.ogg, ignoring
[16:24:22] [Worker-Main-3/WARN]: Invalid path in datapack: minecraft:sounds/PresenceFootsteps/blocks/step/leaves/leaves_through2.ogg, ignoring
[16:24:22] [Worker-Main-3/WARN]: Invalid path in datapack: minecraft:sounds/PresenceFootsteps/blocks/step/leaves/leaves_through3.ogg, ignoring
[16:24:22] [Worker-Main-3/WARN]: Invalid path in datapack: minecraft:sounds/PresenceFootsteps/blocks/step/leaves/leaves_through4.ogg, ignoring
[16:24:22] [Worker-Main-3/WARN]: Invalid path in datapack: minecraft:sounds/PresenceFootsteps/blocks/step/leaves/leaves_through5.ogg, ignoring
[16:24:22] [Worker-Main-3/WARN]: Invalid path in datapack: minecraft:sounds/PresenceFootsteps/blocks/step/leaves/leaves_through6.ogg, ignoring
[16:24:22] [Worker-Main-3/WARN]: Invalid path in datapack: minecraft:sounds/PresenceFootsteps/blocks/step/leaves/leaves_through7.ogg, ignoring
[16:24:22] [Worker-Main-3/WARN]: Invalid path in datapack: minecraft:sounds/PresenceFootsteps/blocks/step/lino/lino_run1.ogg, ignoring
[16:24:22] [Worker-Main-3/WARN]: Invalid path in datapack: minecraft:sounds/PresenceFootsteps/blocks/step/lino/lino_run2.ogg, ignoring
[16:24:22] [Worker-Main-3/WARN]: Invalid path in datapack: minecraft:sounds/PresenceFootsteps/blocks/step/lino/lino_run3.ogg, ignoring
[16:24:22] [Worker-Main-3/WARN]: Invalid path in datapack: minecraft:sounds/PresenceFootsteps/blocks/step/lino/lino_run4.ogg, ignoring
[16:24:22] [Worker-Main-3/WARN]: Invalid path in datapack: minecraft:sounds/PresenceFootsteps/blocks/step/lino/lino_run5.ogg, ignoring
[16:24:22] [Worker-Main-3/WARN]: Invalid path in datapack: minecraft:sounds/PresenceFootsteps/blocks/step/lino/lino_run6.ogg, ignoring
[16:24:22] [Worker-Main-3/WARN]: Invalid path in datapack: minecraft:sounds/PresenceFootsteps/blocks/step/lino/lino_walk1.ogg, ignoring
[16:24:22] [Worker-Main-3/WARN]: Invalid path in datapack: minecraft:sounds/PresenceFootsteps/blocks/step/lino/lino_walk2.ogg, ignoring
[16:24:22] [Worker-Main-3/WARN]: Invalid path in datapack: minecraft:sounds/PresenceFootsteps/blocks/step/lino/lino_walk3.ogg, ignoring
[16:24:22] [Worker-Main-3/WARN]: Invalid path in datapack: minecraft:sounds/PresenceFootsteps/blocks/step/lino/lino_walk4.ogg, ignoring
[16:24:22] [Worker-Main-3/WARN]: Invalid path in datapack: minecraft:sounds/PresenceFootsteps/blocks/step/lino/lino_walk5.ogg, ignoring
[16:24:22] [Worker-Main-3/WARN]: Invalid path in datapack: minecraft:sounds/PresenceFootsteps/blocks/step/lino/lino_walk6.ogg, ignoring
[16:24:22] [Worker-Main-3/WARN]: Invalid path in datapack: minecraft:sounds/PresenceFootsteps/blocks/step/lino/lino_walk7.ogg, ignoring
[16:24:22] [Worker-Main-3/WARN]: Invalid path in datapack: minecraft:sounds/PresenceFootsteps/blocks/step/lino/lino_walk8.ogg, ignoring
[16:24:22] [Worker-Main-3/WARN]: Invalid path in datapack: minecraft:sounds/PresenceFootsteps/blocks/step/marble/marble_run1.ogg, ignoring
[16:24:22] [Worker-Main-3/WARN]: Invalid path in datapack: minecraft:sounds/PresenceFootsteps/blocks/step/marble/marble_run10.ogg, ignoring
[16:24:22] [Worker-Main-3/WARN]: Invalid path in datapack: minecraft:sounds/PresenceFootsteps/blocks/step/marble/marble_run11.ogg, ignoring
[16:24:22] [Worker-Main-3/WARN]: Invalid path in datapack: minecraft:sounds/PresenceFootsteps/blocks/step/marble/marble_run2.ogg, ignoring
[16:24:22] [Worker-Main-3/WARN]: Invalid path in datapack: minecraft:sounds/PresenceFootsteps/blocks/step/marble/marble_run3.ogg, ignoring
[16:24:22] [Worker-Main-3/WARN]: Invalid path in datapack: minecraft:sounds/PresenceFootsteps/blocks/step/marble/marble_run4.ogg, ignoring
[16:24:22] [Worker-Main-3/WARN]: Invalid path in datapack: minecraft:sounds/PresenceFootsteps/blocks/step/marble/marble_run5.ogg, ignoring
[16:24:22] [Worker-Main-3/WARN]: Invalid path in datapack: minecraft:sounds/PresenceFootsteps/blocks/step/marble/marble_run6.ogg, ignoring
[16:24:22] [Worker-Main-3/WARN]: Invalid path in datapack: minecraft:sounds/PresenceFootsteps/blocks/step/marble/marble_run7.ogg, ignoring
[16:24:22] [Worker-Main-3/WARN]: Invalid path in datapack: minecraft:sounds/PresenceFootsteps/blocks/step/marble/marble_run8.ogg, ignoring
[16:24:22] [Worker-Main-3/WARN]: Invalid path in datapack: minecraft:sounds/PresenceFootsteps/blocks/step/marble/marble_run9.ogg, ignoring
[16:24:22] [Worker-Main-3/WARN]: Invalid path in datapack: minecraft:sounds/PresenceFootsteps/blocks/step/marble/marble_walk1.ogg, ignoring
[16:24:22] [Worker-Main-3/WARN]: Invalid path in datapack: minecraft:sounds/PresenceFootsteps/blocks/step/marble/marble_walk10.ogg, ignoring
[16:24:22] [Worker-Main-3/WARN]: Invalid path in datapack: minecraft:sounds/PresenceFootsteps/blocks/step/marble/marble_walk11.ogg, ignoring
[16:24:22] [Worker-Main-3/WARN]: Invalid path in datapack: minecraft:sounds/PresenceFootsteps/blocks/step/marble/marble_walk2.ogg, ignoring
[16:24:22] [Worker-Main-3/WARN]: Invalid path in datapack: minecraft:sounds/PresenceFootsteps/blocks/step/marble/marble_walk3.ogg, ignoring
[16:24:22] [Worker-Main-3/WARN]: Invalid path in datapack: minecraft:sounds/PresenceFootsteps/blocks/step/marble/marble_walk4.ogg, ignoring
[16:24:22] [Worker-Main-3/WARN]: Invalid path in datapack: minecraft:sounds/PresenceFootsteps/blocks/step/marble/marble_walk5.ogg, ignoring
[16:24:22] [Worker-Main-3/WARN]: Invalid path in datapack: minecraft:sounds/PresenceFootsteps/blocks/step/marble/marble_walk6.ogg, ignoring
[16:24:22] [Worker-Main-3/WARN]: Invalid path in datapack: minecraft:sounds/PresenceFootsteps/blocks/step/marble/marble_walk7.ogg, ignoring
[16:24:22] [Worker-Main-3/WARN]: Invalid path in datapack: minecraft:sounds/PresenceFootsteps/blocks/step/marble/marble_walk8.ogg, ignoring
[16:24:22] [Worker-Main-3/WARN]: Invalid path in datapack: minecraft:sounds/PresenceFootsteps/blocks/step/marble/marble_walk9.ogg, ignoring
[16:24:22] [Worker-Main-3/WARN]: Invalid path in datapack: minecraft:sounds/PresenceFootsteps/blocks/step/marble/marble_wander1.ogg, ignoring
[16:24:22] [Worker-Main-3/WARN]: Invalid path in datapack: minecraft:sounds/PresenceFootsteps/blocks/step/marble/marble_wander2.ogg, ignoring
[16:24:22] [Worker-Main-3/WARN]: Invalid path in datapack: minecraft:sounds/PresenceFootsteps/blocks/step/marble/marble_wander3.ogg, ignoring
[16:24:22] [Worker-Main-3/WARN]: Invalid path in datapack: minecraft:sounds/PresenceFootsteps/blocks/step/marble/marble_wander4.ogg, ignoring
[16:24:22] [Worker-Main-3/WARN]: Invalid path in datapack: minecraft:sounds/PresenceFootsteps/blocks/step/marble/marble_wander5.ogg, ignoring
[16:24:22] [Worker-Main-3/WARN]: Invalid path in datapack: minecraft:sounds/PresenceFootsteps/blocks/step/marble/marble_wander6.ogg, ignoring
[16:24:22] [Worker-Main-3/WARN]: Invalid path in datapack: minecraft:sounds/PresenceFootsteps/blocks/step/marble/marble_wander7.ogg, ignoring
[16:24:22] [Worker-Main-3/WARN]: Invalid path in datapack: minecraft:sounds/PresenceFootsteps/blocks/step/metal/metalbox_run1.ogg, ignoring
[16:24:22] [Worker-Main-3/WARN]: Invalid path in datapack: minecraft:sounds/PresenceFootsteps/blocks/step/metal/metalbox_run10.ogg, ignoring
[16:24:22] [Worker-Main-3/WARN]: Invalid path in datapack: minecraft:sounds/PresenceFootsteps/blocks/step/metal/metalbox_run2.ogg, ignoring
[16:24:22] [Worker-Main-3/WARN]: Invalid path in datapack: minecraft:sounds/PresenceFootsteps/blocks/step/metal/metalbox_run3.ogg, ignoring
[16:24:22] [Worker-Main-3/WARN]: Invalid path in datapack: minecraft:sounds/PresenceFootsteps/blocks/step/metal/metalbox_run4.ogg, ignoring
[16:24:22] [Worker-Main-3/WARN]: Invalid path in datapack: minecraft:sounds/PresenceFootsteps/blocks/step/metal/metalbox_run5.ogg, ignoring
[16:24:22] [Worker-Main-3/WARN]: Invalid path in datapack: minecraft:sounds/PresenceFootsteps/blocks/step/metal/metalbox_run6.ogg, ignoring
[16:24:22] [Worker-Main-3/WARN]: Invalid path in datapack: minecraft:sounds/PresenceFootsteps/blocks/step/metal/metalbox_run7.ogg, ignoring
[16:24:22] [Worker-Main-3/WARN]: Invalid path in datapack: minecraft:sounds/PresenceFootsteps/blocks/step/metal/metalbox_run8.ogg, ignoring
[16:24:22] [Worker-Main-3/WARN]: Invalid path in datapack: minecraft:sounds/PresenceFootsteps/blocks/step/metal/metalbox_run9.ogg, ignoring
[16:24:22] [Worker-Main-3/WARN]: Invalid path in datapack: minecraft:sounds/PresenceFootsteps/blocks/step/metal/metalbox_walk1.ogg, ignoring
[16:24:22] [Worker-Main-3/WARN]: Invalid path in datapack: minecraft:sounds/PresenceFootsteps/blocks/step/metal/metalbox_walk2.ogg, ignoring
[16:24:22] [Worker-Main-3/WARN]: Invalid path in datapack: minecraft:sounds/PresenceFootsteps/blocks/step/metal/metalbox_walk3.ogg, ignoring
[16:24:22] [Worker-Main-3/WARN]: Invalid path in datapack: minecraft:sounds/PresenceFootsteps/blocks/step/metal/metalbox_walk4.ogg, ignoring
[16:24:22] [Worker-Main-3/WARN]: Invalid path in datapack: minecraft:sounds/PresenceFootsteps/blocks/step/metal/metalbox_walk5.ogg, ignoring
[16:24:22] [Worker-Main-3/WARN]: Invalid path in datapack: minecraft:sounds/PresenceFootsteps/blocks/step/metal/metalbox_walk6.ogg, ignoring
[16:24:22] [Worker-Main-3/WARN]: Invalid path in datapack: minecraft:sounds/PresenceFootsteps/blocks/step/metal/metalbox_walk7.ogg, ignoring
[16:24:22] [Worker-Main-3/WARN]: Invalid path in datapack: minecraft:sounds/PresenceFootsteps/blocks/step/metal/metalbox_walk8.ogg, ignoring
[16:24:22] [Worker-Main-3/WARN]: Invalid path in datapack: minecraft:sounds/PresenceFootsteps/blocks/step/metal/metalbox_walk9.ogg, ignoring
[16:24:22] [Worker-Main-3/WARN]: Invalid path in datapack: minecraft:sounds/PresenceFootsteps/blocks/step/metal/metalbox_wander1.ogg, ignoring
[16:24:22] [Worker-Main-3/WARN]: Invalid path in datapack: minecraft:sounds/PresenceFootsteps/blocks/step/metal/metalbox_wander2.ogg, ignoring
[16:24:22] [Worker-Main-3/WARN]: Invalid path in datapack: minecraft:sounds/PresenceFootsteps/blocks/step/metal/metalbox_wander3.ogg, ignoring
[16:24:22] [Worker-Main-3/WARN]: Invalid path in datapack: minecraft:sounds/PresenceFootsteps/blocks/step/metal/metalbox_wander4.ogg, ignoring
[16:24:22] [Worker-Main-3/WARN]: Invalid path in datapack: minecraft:sounds/PresenceFootsteps/blocks/step/metalbar/metalbar_land1.ogg, ignoring
[16:24:22] [Worker-Main-3/WARN]: Invalid path in datapack: minecraft:sounds/PresenceFootsteps/blocks/step/metalbar/metalbar_run1.ogg, ignoring
[16:24:22] [Worker-Main-3/WARN]: Invalid path in datapack: minecraft:sounds/PresenceFootsteps/blocks/step/metalbar/metalbar_run10.ogg, ignoring
[16:24:22] [Worker-Main-3/WARN]: Invalid path in datapack: minecraft:sounds/PresenceFootsteps/blocks/step/metalbar/metalbar_run11.ogg, ignoring
[16:24:22] [Worker-Main-3/WARN]: Invalid path in datapack: minecraft:sounds/PresenceFootsteps/blocks/step/metalbar/metalbar_run2.ogg, ignoring
[16:24:22] [Worker-Main-3/WARN]: Invalid path in datapack: minecraft:sounds/PresenceFootsteps/blocks/step/metalbar/metalbar_run3.ogg, ignoring
[16:24:22] [Worker-Main-3/WARN]: Invalid path in datapack: minecraft:sounds/PresenceFootsteps/blocks/step/metalbar/metalbar_run4.ogg, ignoring
[16:24:22] [Worker-Main-3/WARN]: Invalid path in datapack: minecraft:sounds/PresenceFootsteps/blocks/step/metalbar/metalbar_run5.ogg, ignoring
[16:24:22] [Worker-Main-3/WARN]: Invalid path in datapack: minecraft:sounds/PresenceFootsteps/blocks/step/metalbar/metalbar_run6.ogg, ignoring
[16:24:22] [Worker-Main-3/WARN]: Invalid path in datapack: minecraft:sounds/PresenceFootsteps/blocks/step/metalbar/metalbar_run7.ogg, ignoring
[16:24:22] [Worker-Main-3/WARN]: Invalid path in datapack: minecraft:sounds/PresenceFootsteps/blocks/step/metalbar/metalbar_run8.ogg, ignoring
[16:24:22] [Worker-Main-3/WARN]: Invalid path in datapack: minecraft:sounds/PresenceFootsteps/blocks/step/metalbar/metalbar_run9.ogg, ignoring
[16:24:22] [Worker-Main-3/WARN]: Invalid path in datapack: minecraft:sounds/PresenceFootsteps/blocks/step/metalbar/metalbar_walk1.ogg, ignoring
[16:24:22] [Worker-Main-3/WARN]: Invalid path in datapack: minecraft:sounds/PresenceFootsteps/blocks/step/metalbar/metalbar_walk10.ogg, ignoring
[16:24:22] [Worker-Main-3/WARN]: Invalid path in datapack: minecraft:sounds/PresenceFootsteps/blocks/step/metalbar/metalbar_walk11.ogg, ignoring
[16:24:22] [Worker-Main-3/WARN]: Invalid path in datapack: minecraft:sounds/PresenceFootsteps/blocks/step/metalbar/metalbar_walk2.ogg, ignoring
[16:24:22] [Worker-Main-3/WARN]: Invalid path in datapack: minecraft:sounds/PresenceFootsteps/blocks/step/metalbar/metalbar_walk3.ogg, ignoring
[16:24:22] [Worker-Main-3/WARN]: Invalid path in datapack: minecraft:sounds/PresenceFootsteps/blocks/step/metalbar/metalbar_walk4.ogg, ignoring
[16:24:22] [Worker-Main-3/WARN]: Invalid path in datapack: minecraft:sounds/PresenceFootsteps/blocks/step/metalbar/metalbar_walk5.ogg, ignoring
[16:24:22] [Worker-Main-3/WARN]: Invalid path in datapack: minecraft:sounds/PresenceFootsteps/blocks/step/metalbar/metalbar_walk6.ogg, ignoring
[16:24:22] [Worker-Main-3/WARN]: Invalid path in datapack: minecraft:sounds/PresenceFootsteps/blocks/step/metalbar/metalbar_walk7.ogg, ignoring
[16:24:22] [Worker-Main-3/WARN]: Invalid path in datapack: minecraft:sounds/PresenceFootsteps/blocks/step/metalbar/metalbar_walk8.ogg, ignoring
[16:24:22] [Worker-Main-3/WARN]: Invalid path in datapack: minecraft:sounds/PresenceFootsteps/blocks/step/metalbar/metalbar_walk9.ogg, ignoring
[16:24:22] [Worker-Main-3/WARN]: Invalid path in datapack: minecraft:sounds/PresenceFootsteps/blocks/step/metalbar/metalbar_wander1.ogg, ignoring
[16:24:22] [Worker-Main-3/WARN]: Invalid path in datapack: minecraft:sounds/PresenceFootsteps/blocks/step/metalbar/metalbar_wander2.ogg, ignoring
[16:24:22] [Worker-Main-3/WARN]: Invalid path in datapack: minecraft:sounds/PresenceFootsteps/blocks/step/metalbar/metalbar_wander3.ogg, ignoring
[16:24:22] [Worker-Main-3/WARN]: Invalid path in datapack: minecraft:sounds/PresenceFootsteps/blocks/step/metalbar/metalbar_wander4.ogg, ignoring
[16:24:22] [Worker-Main-3/WARN]: Invalid path in datapack: minecraft:sounds/PresenceFootsteps/blocks/step/metalbar/metalbar_wander5.ogg, ignoring
[16:24:22] [Worker-Main-3/WARN]: Invalid path in datapack: minecraft:sounds/PresenceFootsteps/blocks/step/metalbar/metalbar_wander6.ogg, ignoring
[16:24:22] [Worker-Main-3/WARN]: Invalid path in datapack: minecraft:sounds/PresenceFootsteps/blocks/step/metalbox/metalbox_run1.ogg, ignoring
[16:24:22] [Worker-Main-3/WARN]: Invalid path in datapack: minecraft:sounds/PresenceFootsteps/blocks/step/metalbox/metalbox_run10.ogg, ignoring
[16:24:22] [Worker-Main-3/WARN]: Invalid path in datapack: minecraft:sounds/PresenceFootsteps/blocks/step/metalbox/metalbox_run2.ogg, ignoring
[16:24:22] [Worker-Main-3/WARN]: Invalid path in datapack: minecraft:sounds/PresenceFootsteps/blocks/step/metalbox/metalbox_run3.ogg, ignoring
[16:24:22] [Worker-Main-3/WARN]: Invalid path in datapack: minecraft:sounds/PresenceFootsteps/blocks/step/metalbox/metalbox_run4.ogg, ignoring
[16:24:22] [Worker-Main-3/WARN]: Invalid path in datapack: minecraft:sounds/PresenceFootsteps/blocks/step/metalbox/metalbox_run5.ogg, ignoring
[16:24:22] [Worker-Main-3/WARN]: Invalid path in datapack: minecraft:sounds/PresenceFootsteps/blocks/step/metalbox/metalbox_run6.ogg, ignoring
[16:24:22] [Worker-Main-3/WARN]: Invalid path in datapack: minecraft:sounds/PresenceFootsteps/blocks/step/metalbox/metalbox_run7.ogg, ignoring
[16:24:22] [Worker-Main-3/WARN]: Invalid path in datapack: minecraft:sounds/PresenceFootsteps/blocks/step/metalbox/metalbox_run8.ogg, ignoring
[16:24:22] [Worker-Main-3/WARN]: Invalid path in datapack: minecraft:sounds/PresenceFootsteps/blocks/step/metalbox/metalbox_run9.ogg, ignoring
[16:24:22] [Worker-Main-3/WARN]: Invalid path in datapack: minecraft:sounds/PresenceFootsteps/blocks/step/metalbox/metalbox_walk1.ogg, ignoring
[16:24:22] [Worker-Main-3/WARN]: Invalid path in datapack: minecraft:sounds/PresenceFootsteps/blocks/step/metalbox/metalbox_walk2.ogg, ignoring
[16:24:22] [Worker-Main-3/WARN]: Invalid path in datapack: minecraft:sounds/PresenceFootsteps/blocks/step/metalbox/metalbox_walk3.ogg, ignoring
[16:24:22] [Worker-Main-3/WARN]: Invalid path in datapack: minecraft:sounds/PresenceFootsteps/blocks/step/metalbox/metalbox_walk4.ogg, ignoring
[16:24:22] [Worker-Main-3/WARN]: Invalid path in datapack: minecraft:sounds/PresenceFootsteps/blocks/step/metalbox/metalbox_walk5.ogg, ignoring
[16:24:22] [Worker-Main-3/WARN]: Invalid path in datapack: minecraft:sounds/PresenceFootsteps/blocks/step/metalbox/metalbox_walk6.ogg, ignoring
[16:24:22] [Worker-Main-3/WARN]: Invalid path in datapack: minecraft:sounds/PresenceFootsteps/blocks/step/metalbox/metalbox_walk7.ogg, ignoring
[16:24:22] [Worker-Main-3/WARN]: Invalid path in datapack: minecraft:sounds/PresenceFootsteps/blocks/step/metalbox/metalbox_walk8.ogg, ignoring
[16:24:22] [Worker-Main-3/WARN]: Invalid path in datapack: minecraft:sounds/PresenceFootsteps/blocks/step/metalbox/metalbox_walk9.ogg, ignoring
[16:24:22] [Worker-Main-3/WARN]: Invalid path in datapack: minecraft:sounds/PresenceFootsteps/blocks/step/metalbox/metalbox_wander1.ogg, ignoring
[16:24:22] [Worker-Main-3/WARN]: Invalid path in datapack: minecraft:sounds/PresenceFootsteps/blocks/step/metalbox/metalbox_wander2.ogg, ignoring
[16:24:22] [Worker-Main-3/WARN]: Invalid path in datapack: minecraft:sounds/PresenceFootsteps/blocks/step/metalbox/metalbox_wander3.ogg, ignoring
[16:24:22] [Worker-Main-3/WARN]: Invalid path in datapack: minecraft:sounds/PresenceFootsteps/blocks/step/metalbox/metalbox_wander4.ogg, ignoring
[16:24:22] [Worker-Main-3/WARN]: Invalid path in datapack: minecraft:sounds/PresenceFootsteps/blocks/step/moss/moss_step1.ogg, ignoring
[16:24:22] [Worker-Main-3/WARN]: Invalid path in datapack: minecraft:sounds/PresenceFootsteps/blocks/step/moss/moss_step10.ogg, ignoring
[16:24:22] [Worker-Main-3/WARN]: Invalid path in datapack: minecraft:sounds/PresenceFootsteps/blocks/step/moss/moss_step11.ogg, ignoring
[16:24:22] [Worker-Main-3/WARN]: Invalid path in datapack: minecraft:sounds/PresenceFootsteps/blocks/step/moss/moss_step2.ogg, ignoring
[16:24:22] [Worker-Main-3/WARN]: Invalid path in datapack: minecraft:sounds/PresenceFootsteps/blocks/step/moss/moss_step3.ogg, ignoring
[16:24:22] [Worker-Main-3/WARN]: Invalid path in datapack: minecraft:sounds/PresenceFootsteps/blocks/step/moss/moss_step4.ogg, ignoring
[16:24:22] [Worker-Main-3/WARN]: Invalid path in datapack: minecraft:sounds/PresenceFootsteps/blocks/step/moss/moss_step5.ogg, ignoring
[16:24:22] [Worker-Main-3/WARN]: Invalid path in datapack: minecraft:sounds/PresenceFootsteps/blocks/step/moss/moss_step6.ogg, ignoring
[16:24:22] [Worker-Main-3/WARN]: Invalid path in datapack: minecraft:sounds/PresenceFootsteps/blocks/step/moss/moss_step7.ogg, ignoring
[16:24:22] [Worker-Main-3/WARN]: Invalid path in datapack: minecraft:sounds/PresenceFootsteps/blocks/step/moss/moss_step8.ogg, ignoring
[16:24:22] [Worker-Main-3/WARN]: Invalid path in datapack: minecraft:sounds/PresenceFootsteps/blocks/step/moss/moss_step9.ogg, ignoring
[16:24:22] [Worker-Main-3/WARN]: Invalid path in datapack: minecraft:sounds/PresenceFootsteps/blocks/step/mud/mud_walk1.ogg, ignoring
[16:24:22] [Worker-Main-3/WARN]: Invalid path in datapack: minecraft:sounds/PresenceFootsteps/blocks/step/mud/mud_walk2.ogg, ignoring
[16:24:22] [Worker-Main-3/WARN]: Invalid path in datapack: minecraft:sounds/PresenceFootsteps/blocks/step/mud/mud_walk3.ogg, ignoring
[16:24:22] [Worker-Main-3/WARN]: Invalid path in datapack: minecraft:sounds/PresenceFootsteps/blocks/step/mud/mud_walk4.ogg, ignoring
[16:24:22] [Worker-Main-3/WARN]: Invalid path in datapack: minecraft:sounds/PresenceFootsteps/blocks/step/mud/mud_walk5.ogg, ignoring
[16:24:22] [Worker-Main-3/WARN]: Invalid path in datapack: minecraft:sounds/PresenceFootsteps/blocks/step/mud/mud_walk6.ogg, ignoring
[16:24:22] [Worker-Main-3/WARN]: Invalid path in datapack: minecraft:sounds/PresenceFootsteps/blocks/step/mud/mud_wander1.ogg, ignoring
[16:24:22] [Worker-Main-3/WARN]: Invalid path in datapack: minecraft:sounds/PresenceFootsteps/blocks/step/mud/mud_wander2.ogg, ignoring
[16:24:22] [Worker-Main-3/WARN]: Invalid path in datapack: minecraft:sounds/PresenceFootsteps/blocks/step/mud/mud_wander3.ogg, ignoring
[16:24:22] [Worker-Main-3/WARN]: Invalid path in datapack: minecraft:sounds/PresenceFootsteps/blocks/step/mud/mud_wander4.ogg, ignoring
[16:24:23] [Worker-Main-3/WARN]: Invalid path in datapack: minecraft:sounds/PresenceFootsteps/blocks/step/mud/muffledice_walk1.ogg, ignoring
[16:24:23] [Worker-Main-3/WARN]: Invalid path in datapack: minecraft:sounds/PresenceFootsteps/blocks/step/mud/muffledice_walk10.ogg, ignoring
[16:24:23] [Worker-Main-3/WARN]: Invalid path in datapack: minecraft:sounds/PresenceFootsteps/blocks/step/mud/muffledice_walk2.ogg, ignoring
[16:24:23] [Worker-Main-3/WARN]: Invalid path in datapack: minecraft:sounds/PresenceFootsteps/blocks/step/mud/muffledice_walk3.ogg, ignoring
[16:24:23] [Worker-Main-3/WARN]: Invalid path in datapack: minecraft:sounds/PresenceFootsteps/blocks/step/mud/muffledice_walk4.ogg, ignoring
[16:24:23] [Worker-Main-3/WARN]: Invalid path in datapack: minecraft:sounds/PresenceFootsteps/blocks/step/mud/muffledice_walk5.ogg, ignoring
[16:24:23] [Worker-Main-3/WARN]: Invalid path in datapack: minecraft:sounds/PresenceFootsteps/blocks/step/mud/muffledice_walk6.ogg, ignoring
[16:24:23] [Worker-Main-3/WARN]: Invalid path in datapack: minecraft:sounds/PresenceFootsteps/blocks/step/mud/muffledice_walk7.ogg, ignoring
[16:24:23] [Worker-Main-3/WARN]: Invalid path in datapack: minecraft:sounds/PresenceFootsteps/blocks/step/mud/muffledice_walk8.ogg, ignoring
[16:24:23] [Worker-Main-3/WARN]: Invalid path in datapack: minecraft:sounds/PresenceFootsteps/blocks/step/mud/muffledice_walk9.ogg, ignoring
[16:24:23] [Worker-Main-3/WARN]: Invalid path in datapack: minecraft:sounds/PresenceFootsteps/blocks/step/muffledice/muffledice_walk1.ogg, ignoring
[16:24:23] [Worker-Main-3/WARN]: Invalid path in datapack: minecraft:sounds/PresenceFootsteps/blocks/step/muffledice/muffledice_walk10.ogg, ignoring
[16:24:23] [Worker-Main-3/WARN]: Invalid path in datapack: minecraft:sounds/PresenceFootsteps/blocks/step/muffledice/muffledice_walk2.ogg, ignoring
[16:24:23] [Worker-Main-3/WARN]: Invalid path in datapack: minecraft:sounds/PresenceFootsteps/blocks/step/muffledice/muffledice_walk3.ogg, ignoring
[16:24:23] [Worker-Main-3/WARN]: Invalid path in datapack: minecraft:sounds/PresenceFootsteps/blocks/step/muffledice/muffledice_walk4.ogg, ignoring
[16:24:23] [Worker-Main-3/WARN]: Invalid path in datapack: minecraft:sounds/PresenceFootsteps/blocks/step/muffledice/muffledice_walk5.ogg, ignoring
[16:24:23] [Worker-Main-3/WARN]: Invalid path in datapack: minecraft:sounds/PresenceFootsteps/blocks/step/muffledice/muffledice_walk6.ogg, ignoring
[16:24:23] [Worker-Main-3/WARN]: Invalid path in datapack: minecraft:sounds/PresenceFootsteps/blocks/step/muffledice/muffledice_walk7.ogg, ignoring
[16:24:23] [Worker-Main-3/WARN]: Invalid path in datapack: minecraft:sounds/PresenceFootsteps/blocks/step/muffledice/muffledice_walk8.ogg, ignoring
[16:24:23] [Worker-Main-3/WARN]: Invalid path in datapack: minecraft:sounds/PresenceFootsteps/blocks/step/muffledice/muffledice_walk9.ogg, ignoring
[16:24:23] [Worker-Main-3/WARN]: Invalid path in datapack: minecraft:sounds/PresenceFootsteps/blocks/step/petals/leaves_through1.ogg, ignoring
[16:24:23] [Worker-Main-3/WARN]: Invalid path in datapack: minecraft:sounds/PresenceFootsteps/blocks/step/petals/leaves_through2.ogg, ignoring
[16:24:23] [Worker-Main-3/WARN]: Invalid path in datapack: minecraft:sounds/PresenceFootsteps/blocks/step/petals/leaves_through3.ogg, ignoring
[16:24:23] [Worker-Main-3/WARN]: Invalid path in datapack: minecraft:sounds/PresenceFootsteps/blocks/step/petals/leaves_through4.ogg, ignoring
[16:24:23] [Worker-Main-3/WARN]: Invalid path in datapack: minecraft:sounds/PresenceFootsteps/blocks/step/petals/leaves_through5.ogg, ignoring
[16:24:23] [Worker-Main-3/WARN]: Invalid path in datapack: minecraft:sounds/PresenceFootsteps/blocks/step/petals/leaves_through6.ogg, ignoring
[16:24:23] [Worker-Main-3/WARN]: Invalid path in datapack: minecraft:sounds/PresenceFootsteps/blocks/step/petals/leaves_through7.ogg, ignoring
[16:24:23] [Worker-Main-3/WARN]: Invalid path in datapack: minecraft:sounds/PresenceFootsteps/blocks/step/quicksand/quicksand_walk1.ogg, ignoring
[16:24:23] [Worker-Main-3/WARN]: Invalid path in datapack: minecraft:sounds/PresenceFootsteps/blocks/step/quicksand/quicksand_walk10.ogg, ignoring
[16:24:23] [Worker-Main-3/WARN]: Invalid path in datapack: minecraft:sounds/PresenceFootsteps/blocks/step/quicksand/quicksand_walk11.ogg, ignoring
[16:24:23] [Worker-Main-3/WARN]: Invalid path in datapack: minecraft:sounds/PresenceFootsteps/blocks/step/quicksand/quicksand_walk2.ogg, ignoring
[16:24:23] [Worker-Main-3/WARN]: Invalid path in datapack: minecraft:sounds/PresenceFootsteps/blocks/step/quicksand/quicksand_walk3.ogg, ignoring
[16:24:23] [Worker-Main-3/WARN]: Invalid path in datapack: minecraft:sounds/PresenceFootsteps/blocks/step/quicksand/quicksand_walk4.ogg, ignoring
[16:24:23] [Worker-Main-3/WARN]: Invalid path in datapack: minecraft:sounds/PresenceFootsteps/blocks/step/quicksand/quicksand_walk5.ogg, ignoring
[16:24:23] [Worker-Main-3/WARN]: Invalid path in datapack: minecraft:sounds/PresenceFootsteps/blocks/step/quicksand/quicksand_walk6.ogg, ignoring
[16:24:23] [Worker-Main-3/WARN]: Invalid path in datapack: minecraft:sounds/PresenceFootsteps/blocks/step/quicksand/quicksand_walk7.ogg, ignoring
[16:24:23] [Worker-Main-3/WARN]: Invalid path in datapack: minecraft:sounds/PresenceFootsteps/blocks/step/quicksand/quicksand_walk8.ogg, ignoring
[16:24:23] [Worker-Main-3/WARN]: Invalid path in datapack: minecraft:sounds/PresenceFootsteps/blocks/step/quicksand/quicksand_walk9.ogg, ignoring
[16:24:23] [Worker-Main-3/WARN]: Invalid path in datapack: minecraft:sounds/PresenceFootsteps/blocks/step/rug/rug_walk1.ogg, ignoring
[16:24:23] [Worker-Main-3/WARN]: Invalid path in datapack: minecraft:sounds/PresenceFootsteps/blocks/step/rug/rug_walk10.ogg, ignoring
[16:24:23] [Worker-Main-3/WARN]: Invalid path in datapack: minecraft:sounds/PresenceFootsteps/blocks/step/rug/rug_walk11.ogg, ignoring
[16:24:23] [Worker-Main-3/WARN]: Invalid path in datapack: minecraft:sounds/PresenceFootsteps/blocks/step/rug/rug_walk2.ogg, ignoring
[16:24:23] [Worker-Main-3/WARN]: Invalid path in datapack: minecraft:sounds/PresenceFootsteps/blocks/step/rug/rug_walk3.ogg, ignoring
[16:24:23] [Worker-Main-3/WARN]: Invalid path in datapack: minecraft:sounds/PresenceFootsteps/blocks/step/rug/rug_walk4.ogg, ignoring
[16:24:23] [Worker-Main-3/WARN]: Invalid path in datapack: minecraft:sounds/PresenceFootsteps/blocks/step/rug/rug_walk5.ogg, ignoring
[16:24:23] [Worker-Main-3/WARN]: Invalid path in datapack: minecraft:sounds/PresenceFootsteps/blocks/step/rug/rug_walk6.ogg, ignoring
[16:24:23] [Worker-Main-3/WARN]: Invalid path in datapack: minecraft:sounds/PresenceFootsteps/blocks/step/rug/rug_walk7.ogg, ignoring
[16:24:23] [Worker-Main-3/WARN]: Invalid path in datapack: minecraft:sounds/PresenceFootsteps/blocks/step/rug/rug_walk8.ogg, ignoring
[16:24:23] [Worker-Main-3/WARN]: Invalid path in datapack: minecraft:sounds/PresenceFootsteps/blocks/step/rug/rug_walk9.ogg, ignoring
[16:24:23] [Worker-Main-3/WARN]: Invalid path in datapack: minecraft:sounds/PresenceFootsteps/blocks/step/sand/sand_run1.ogg, ignoring
[16:24:23] [Worker-Main-3/WARN]: Invalid path in datapack: minecraft:sounds/PresenceFootsteps/blocks/step/sand/sand_run10.ogg, ignoring
[16:24:23] [Worker-Main-3/WARN]: Invalid path in datapack: minecraft:sounds/PresenceFootsteps/blocks/step/sand/sand_run11.ogg, ignoring
[16:24:23] [Worker-Main-3/WARN]: Invalid path in datapack: minecraft:sounds/PresenceFootsteps/blocks/step/sand/sand_run2.ogg, ignoring
[16:24:23] [Worker-Main-3/WARN]: Invalid path in datapack: minecraft:sounds/PresenceFootsteps/blocks/step/sand/sand_run3.ogg, ignoring
[16:24:23] [Worker-Main-3/WARN]: Invalid path in datapack: minecraft:sounds/PresenceFootsteps/blocks/step/sand/sand_run4.ogg, ignoring
[16:24:23] [Worker-Main-3/WARN]: Invalid path in datapack: minecraft:sounds/PresenceFootsteps/blocks/step/sand/sand_run5.ogg, ignoring
[16:24:23] [Worker-Main-3/WARN]: Invalid path in datapack: minecraft:sounds/PresenceFootsteps/blocks/step/sand/sand_run6.ogg, ignoring
[16:24:23] [Worker-Main-3/WARN]: Invalid path in datapack: minecraft:sounds/PresenceFootsteps/blocks/step/sand/sand_run7.ogg, ignoring
[16:24:23] [Worker-Main-3/WARN]: Invalid path in datapack: minecraft:sounds/PresenceFootsteps/blocks/step/sand/sand_run8.ogg, ignoring
[16:24:23] [Worker-Main-3/WARN]: Invalid path in datapack: minecraft:sounds/PresenceFootsteps/blocks/step/sand/sand_run9.ogg, ignoring
[16:24:23] [Worker-Main-3/WARN]: Invalid path in datapack: minecraft:sounds/PresenceFootsteps/blocks/step/sand/sand_walk1.ogg, ignoring
[16:24:23] [Worker-Main-3/WARN]: Invalid path in datapack: minecraft:sounds/PresenceFootsteps/blocks/step/sand/sand_walk10.ogg, ignoring
[16:24:23] [Worker-Main-3/WARN]: Invalid path in datapack: minecraft:sounds/PresenceFootsteps/blocks/step/sand/sand_walk11.ogg, ignoring
[16:24:23] [Worker-Main-3/WARN]: Invalid path in datapack: minecraft:sounds/PresenceFootsteps/blocks/step/sand/sand_walk2.ogg, ignoring
[16:24:23] [Worker-Main-3/WARN]: Invalid path in datapack: minecraft:sounds/PresenceFootsteps/blocks/step/sand/sand_walk3.ogg, ignoring
[16:24:23] [Worker-Main-3/WARN]: Invalid path in datapack: minecraft:sounds/PresenceFootsteps/blocks/step/sand/sand_walk4.ogg, ignoring
[16:24:23] [Worker-Main-3/WARN]: Invalid path in datapack: minecraft:sounds/PresenceFootsteps/blocks/step/sand/sand_walk5.ogg, ignoring
[16:24:23] [Worker-Main-3/WARN]: Invalid path in datapack: minecraft:sounds/PresenceFootsteps/blocks/step/sand/sand_walk6.ogg, ignoring
[16:24:23] [Worker-Main-3/WARN]: Invalid path in datapack: minecraft:sounds/PresenceFootsteps/blocks/step/sand/sand_walk7.ogg, ignoring
[16:24:23] [Worker-Main-3/WARN]: Invalid path in datapack: minecraft:sounds/PresenceFootsteps/blocks/step/sand/sand_walk8.ogg, ignoring
[16:24:23] [Worker-Main-3/WARN]: Invalid path in datapack: minecraft:sounds/PresenceFootsteps/blocks/step/sand/sand_walk9.ogg, ignoring
[16:24:23] [Worker-Main-3/WARN]: Invalid path in datapack: minecraft:sounds/PresenceFootsteps/blocks/step/slime/slime_run1.ogg, ignoring
[16:24:23] [Worker-Main-3/WARN]: Invalid path in datapack: minecraft:sounds/PresenceFootsteps/blocks/step/slime/slime_run2.ogg, ignoring
[16:24:23] [Worker-Main-3/WARN]: Invalid path in datapack: minecraft:sounds/PresenceFootsteps/blocks/step/slime/slime_run3.ogg, ignoring
[16:24:23] [Worker-Main-3/WARN]: Invalid path in datapack: minecraft:sounds/PresenceFootsteps/blocks/step/slime/slime_run4.ogg, ignoring
[16:24:23] [Worker-Main-3/WARN]: Invalid path in datapack: minecraft:sounds/PresenceFootsteps/blocks/step/slime/slime_run5.ogg, ignoring
[16:24:23] [Worker-Main-3/WARN]: Invalid path in datapack: minecraft:sounds/PresenceFootsteps/blocks/step/slime/slime_run6.ogg, ignoring
[16:24:23] [Worker-Main-3/WARN]: Invalid path in datapack: minecraft:sounds/PresenceFootsteps/blocks/step/slime/slime_walk1.ogg, ignoring
[16:24:23] [Worker-Main-3/WARN]: Invalid path in datapack: minecraft:sounds/PresenceFootsteps/blocks/step/slime/slime_walk2.ogg, ignoring
[16:24:23] [Worker-Main-3/WARN]: Invalid path in datapack: minecraft:sounds/PresenceFootsteps/blocks/step/slime/slime_walk3.ogg, ignoring
[16:24:23] [Worker-Main-3/WARN]: Invalid path in datapack: minecraft:sounds/PresenceFootsteps/blocks/step/slime/slime_walk4.ogg, ignoring
[16:24:23] [Worker-Main-3/WARN]: Invalid path in datapack: minecraft:sounds/PresenceFootsteps/blocks/step/slime/slime_walk5.ogg, ignoring
[16:24:23] [Worker-Main-3/WARN]: Invalid path in datapack: minecraft:sounds/PresenceFootsteps/blocks/step/slime/slime_walk6.ogg, ignoring
[16:24:23] [Worker-Main-3/WARN]: Invalid path in datapack: minecraft:sounds/PresenceFootsteps/blocks/step/snow/snow_run1.ogg, ignoring
[16:24:23] [Worker-Main-3/WARN]: Invalid path in datapack: minecraft:sounds/PresenceFootsteps/blocks/step/snow/snow_run10.ogg, ignoring
[16:24:23] [Worker-Main-3/WARN]: Invalid path in datapack: minecraft:sounds/PresenceFootsteps/blocks/step/snow/snow_run11.ogg, ignoring
[16:24:23] [Worker-Main-3/WARN]: Invalid path in datapack: minecraft:sounds/PresenceFootsteps/blocks/step/snow/snow_run2.ogg, ignoring
[16:24:23] [Worker-Main-3/WARN]: Invalid path in datapack: minecraft:sounds/PresenceFootsteps/blocks/step/snow/snow_run3.ogg, ignoring
[16:24:23] [Worker-Main-3/WARN]: Invalid path in datapack: minecraft:sounds/PresenceFootsteps/blocks/step/snow/snow_run4.ogg, ignoring
[16:24:23] [Worker-Main-3/WARN]: Invalid path in datapack: minecraft:sounds/PresenceFootsteps/blocks/step/snow/snow_run5.ogg, ignoring
[16:24:23] [Worker-Main-3/WARN]: Invalid path in datapack: minecraft:sounds/PresenceFootsteps/blocks/step/snow/snow_run6.ogg, ignoring
[16:24:23] [Worker-Main-3/WARN]: Invalid path in datapack: minecraft:sounds/PresenceFootsteps/blocks/step/snow/snow_run7.ogg, ignoring
[16:24:23] [Worker-Main-3/WARN]: Invalid path in datapack: minecraft:sounds/PresenceFootsteps/blocks/step/snow/snow_run8.ogg, ignoring
[16:24:23] [Worker-Main-3/WARN]: Invalid path in datapack: minecraft:sounds/PresenceFootsteps/blocks/step/snow/snow_run9.ogg, ignoring
[16:24:23] [Worker-Main-3/WARN]: Invalid path in datapack: minecraft:sounds/PresenceFootsteps/blocks/step/snow/snow_walk1.ogg, ignoring
[16:24:23] [Worker-Main-3/WARN]: Invalid path in datapack: minecraft:sounds/PresenceFootsteps/blocks/step/snow/snow_walk10.ogg, ignoring
[16:24:23] [Worker-Main-3/WARN]: Invalid path in datapack: minecraft:sounds/PresenceFootsteps/blocks/step/snow/snow_walk11.ogg, ignoring
[16:24:23] [Worker-Main-3/WARN]: Invalid path in datapack: minecraft:sounds/PresenceFootsteps/blocks/step/snow/snow_walk2.ogg, ignoring
[16:24:23] [Worker-Main-3/WARN]: Invalid path in datapack: minecraft:sounds/PresenceFootsteps/blocks/step/snow/snow_walk3.ogg, ignoring
[16:24:23] [Worker-Main-3/WARN]: Invalid path in datapack: minecraft:sounds/PresenceFootsteps/blocks/step/snow/snow_walk4.ogg, ignoring
[16:24:23] [Worker-Main-3/WARN]: Invalid path in datapack: minecraft:sounds/PresenceFootsteps/blocks/step/snow/snow_walk5.ogg, ignoring
[16:24:23] [Worker-Main-3/WARN]: Invalid path in datapack: minecraft:sounds/PresenceFootsteps/blocks/step/snow/snow_walk6.ogg, ignoring
[16:24:23] [Worker-Main-3/WARN]: Invalid path in datapack: minecraft:sounds/PresenceFootsteps/blocks/step/snow/snow_walk7.ogg, ignoring
[16:24:23] [Worker-Main-3/WARN]: Invalid path in datapack: minecraft:sounds/PresenceFootsteps/blocks/step/snow/snow_walk8.ogg, ignoring
[16:24:23] [Worker-Main-3/WARN]: Invalid path in datapack: minecraft:sounds/PresenceFootsteps/blocks/step/snow/snow_walk9.ogg, ignoring
[16:24:23] [Worker-Main-3/WARN]: Invalid path in datapack: minecraft:sounds/PresenceFootsteps/blocks/step/snow/snow_wander1.ogg, ignoring
[16:24:23] [Worker-Main-3/WARN]: Invalid path in datapack: minecraft:sounds/PresenceFootsteps/blocks/step/snow/snow_wander2.ogg, ignoring
[16:24:23] [Worker-Main-3/WARN]: Invalid path in datapack: minecraft:sounds/PresenceFootsteps/blocks/step/snow/snow_wander3.ogg, ignoring
[16:24:23] [Worker-Main-3/WARN]: Invalid path in datapack: minecraft:sounds/PresenceFootsteps/blocks/step/snow/snow_wander4.ogg, ignoring
[16:24:23] [Worker-Main-3/WARN]: Invalid path in datapack: minecraft:sounds/PresenceFootsteps/blocks/step/snow/snow_wander5.ogg, ignoring
[16:24:23] [Worker-Main-3/WARN]: Invalid path in datapack: minecraft:sounds/PresenceFootsteps/blocks/step/squeakywood/squeakywood_walk1.ogg, ignoring
[16:24:23] [Worker-Main-3/WARN]: Invalid path in datapack: minecraft:sounds/PresenceFootsteps/blocks/step/squeakywood/squeakywood_walk10.ogg, ignoring
[16:24:23] [Worker-Main-3/WARN]: Invalid path in datapack: minecraft:sounds/PresenceFootsteps/blocks/step/squeakywood/squeakywood_walk11.ogg, ignoring
[16:24:23] [Worker-Main-3/WARN]: Invalid path in datapack: minecraft:sounds/PresenceFootsteps/blocks/step/squeakywood/squeakywood_walk2.ogg, ignoring
[16:24:23] [Worker-Main-3/WARN]: Invalid path in datapack: minecraft:sounds/PresenceFootsteps/blocks/step/squeakywood/squeakywood_walk3.ogg, ignoring
[16:24:23] [Worker-Main-3/WARN]: Invalid path in datapack: minecraft:sounds/PresenceFootsteps/blocks/step/squeakywood/squeakywood_walk4.ogg, ignoring
[16:24:23] [Worker-Main-3/WARN]: Invalid path in datapack: minecraft:sounds/PresenceFootsteps/blocks/step/squeakywood/squeakywood_walk5.ogg, ignoring
[16:24:23] [Worker-Main-3/WARN]: Invalid path in datapack: minecraft:sounds/PresenceFootsteps/blocks/step/squeakywood/squeakywood_walk6.ogg, ignoring
[16:24:23] [Worker-Main-3/WARN]: Invalid path in datapack: minecraft:sounds/PresenceFootsteps/blocks/step/squeakywood/squeakywood_walk7.ogg, ignoring
[16:24:23] [Worker-Main-3/WARN]: Invalid path in datapack: minecraft:sounds/PresenceFootsteps/blocks/step/squeakywood/squeakywood_walk8.ogg, ignoring
[16:24:23] [Worker-Main-3/WARN]: Invalid path in datapack: minecraft:sounds/PresenceFootsteps/blocks/step/squeakywood/squeakywood_walk9.ogg, ignoring
[16:24:23] [Worker-Main-3/WARN]: Invalid path in datapack: minecraft:sounds/PresenceFootsteps/blocks/step/squeakywood/squeakywood_wander1.ogg, ignoring
[16:24:23] [Worker-Main-3/WARN]: Invalid path in datapack: minecraft:sounds/PresenceFootsteps/blocks/step/squeakywood/squeakywood_wander2.ogg, ignoring
[16:24:23] [Worker-Main-3/WARN]: Invalid path in datapack: minecraft:sounds/PresenceFootsteps/blocks/step/squeakywood/squeakywood_wander3.ogg, ignoring
[16:24:23] [Worker-Main-3/WARN]: Invalid path in datapack: minecraft:sounds/PresenceFootsteps/blocks/step/squeakywood/squeakywood_wander4.ogg, ignoring
[16:24:23] [Worker-Main-3/WARN]: Invalid path in datapack: minecraft:sounds/PresenceFootsteps/blocks/step/squeakywood/squeakywood_wander5.ogg, ignoring
[16:24:23] [Worker-Main-3/WARN]: Invalid path in datapack: minecraft:sounds/PresenceFootsteps/blocks/step/squeakywood/squeakywood_wander6.ogg, ignoring
[16:24:23] [Worker-Main-3/WARN]: Invalid path in datapack: minecraft:sounds/PresenceFootsteps/blocks/step/squeakywood/squeakywood_wander7.ogg, ignoring
[16:24:23] [Worker-Main-3/WARN]: Invalid path in datapack: minecraft:sounds/PresenceFootsteps/blocks/step/stone/stone_run1.ogg, ignoring
[16:24:23] [Worker-Main-3/WARN]: Invalid path in datapack: minecraft:sounds/PresenceFootsteps/blocks/step/stone/stone_run10.ogg, ignoring
[16:24:23] [Worker-Main-3/WARN]: Invalid path in datapack: minecraft:sounds/PresenceFootsteps/blocks/step/stone/stone_run11.ogg, ignoring
[16:24:23] [Worker-Main-3/WARN]: Invalid path in datapack: minecraft:sounds/PresenceFootsteps/blocks/step/stone/stone_run2.ogg, ignoring
[16:24:23] [Worker-Main-3/WARN]: Invalid path in datapack: minecraft:sounds/PresenceFootsteps/blocks/step/stone/stone_run3.ogg, ignoring
[16:24:23] [Worker-Main-3/WARN]: Invalid path in datapack: minecraft:sounds/PresenceFootsteps/blocks/step/stone/stone_run4.ogg, ignoring
[16:24:23] [Worker-Main-3/WARN]: Invalid path in datapack: minecraft:sounds/PresenceFootsteps/blocks/step/stone/stone_run5.ogg, ignoring
[16:24:23] [Worker-Main-3/WARN]: Invalid path in datapack: minecraft:sounds/PresenceFootsteps/blocks/step/stone/stone_run6.ogg, ignoring
[16:24:23] [Worker-Main-3/WARN]: Invalid path in datapack: minecraft:sounds/PresenceFootsteps/blocks/step/stone/stone_run7.ogg, ignoring
[16:24:23] [Worker-Main-3/WARN]: Invalid path in datapack: minecraft:sounds/PresenceFootsteps/blocks/step/stone/stone_run8.ogg, ignoring
[16:24:23] [Worker-Main-3/WARN]: Invalid path in datapack: minecraft:sounds/PresenceFootsteps/blocks/step/stone/stone_run9.ogg, ignoring
[16:24:23] [Worker-Main-3/WARN]: Invalid path in datapack: minecraft:sounds/PresenceFootsteps/blocks/step/stone/stone_walk1.ogg, ignoring
[16:24:23] [Worker-Main-3/WARN]: Invalid path in datapack: minecraft:sounds/PresenceFootsteps/blocks/step/stone/stone_walk10.ogg, ignoring
[16:24:23] [Worker-Main-3/WARN]: Invalid path in datapack: minecraft:sounds/PresenceFootsteps/blocks/step/stone/stone_walk11.ogg, ignoring
[16:24:23] [Worker-Main-3/WARN]: Invalid path in datapack: minecraft:sounds/PresenceFootsteps/blocks/step/stone/stone_walk2.ogg, ignoring
[16:24:23] [Worker-Main-3/WARN]: Invalid path in datapack: minecraft:sounds/PresenceFootsteps/blocks/step/stone/stone_walk3.ogg, ignoring
[16:24:23] [Worker-Main-3/WARN]: Invalid path in datapack: minecraft:sounds/PresenceFootsteps/blocks/step/stone/stone_walk4.ogg, ignoring
[16:24:23] [Worker-Main-3/WARN]: Invalid path in datapack: minecraft:sounds/PresenceFootsteps/blocks/step/stone/stone_walk5.ogg, ignoring
[16:24:23] [Worker-Main-3/WARN]: Invalid path in datapack: minecraft:sounds/PresenceFootsteps/blocks/step/stone/stone_walk6.ogg, ignoring
[16:24:23] [Worker-Main-3/WARN]: Invalid path in datapack: minecraft:sounds/PresenceFootsteps/blocks/step/stone/stone_walk7.ogg, ignoring
[16:24:23] [Worker-Main-3/WARN]: Invalid path in datapack: minecraft:sounds/PresenceFootsteps/blocks/step/stone/stone_walk8.ogg, ignoring
[16:24:23] [Worker-Main-3/WARN]: Invalid path in datapack: minecraft:sounds/PresenceFootsteps/blocks/step/stone/stone_walk9.ogg, ignoring
[16:24:23] [Worker-Main-3/WARN]: Invalid path in datapack: minecraft:sounds/PresenceFootsteps/blocks/step/stone/stone_wander1.ogg, ignoring
[16:24:23] [Worker-Main-3/WARN]: Invalid path in datapack: minecraft:sounds/PresenceFootsteps/blocks/step/stone/stone_wander2.ogg, ignoring
[16:24:23] [Worker-Main-3/WARN]: Invalid path in datapack: minecraft:sounds/PresenceFootsteps/blocks/step/stone/stone_wander3.ogg, ignoring
[16:24:23] [Worker-Main-3/WARN]: Invalid path in datapack: minecraft:sounds/PresenceFootsteps/blocks/step/stone/stone_wander4.ogg, ignoring
[16:24:23] [Worker-Main-3/WARN]: Invalid path in datapack: minecraft:sounds/PresenceFootsteps/blocks/step/stone/stone_wander5.ogg, ignoring
[16:24:23] [Worker-Main-3/WARN]: Invalid path in datapack: minecraft:sounds/PresenceFootsteps/blocks/step/water/water_through1.ogg, ignoring
[16:24:23] [Worker-Main-3/WARN]: Invalid path in datapack: minecraft:sounds/PresenceFootsteps/blocks/step/water/water_through10.ogg, ignoring
[16:24:23] [Worker-Main-3/WARN]: Invalid path in datapack: minecraft:sounds/PresenceFootsteps/blocks/step/water/water_through11.ogg, ignoring
[16:24:23] [Worker-Main-3/WARN]: Invalid path in datapack: minecraft:sounds/PresenceFootsteps/blocks/step/water/water_through2.ogg, ignoring
[16:24:23] [Worker-Main-3/WARN]: Invalid path in datapack: minecraft:sounds/PresenceFootsteps/blocks/step/water/water_through3.ogg, ignoring
[16:24:23] [Worker-Main-3/WARN]: Invalid path in datapack: minecraft:sounds/PresenceFootsteps/blocks/step/water/water_through4.ogg, ignoring
[16:24:23] [Worker-Main-3/WARN]: Invalid path in datapack: minecraft:sounds/PresenceFootsteps/blocks/step/water/water_through5.ogg, ignoring
[16:24:23] [Worker-Main-3/WARN]: Invalid path in datapack: minecraft:sounds/PresenceFootsteps/blocks/step/water/water_through6.ogg, ignoring
[16:24:23] [Worker-Main-3/WARN]: Invalid path in datapack: minecraft:sounds/PresenceFootsteps/blocks/step/water/water_through7.ogg, ignoring
[16:24:23] [Worker-Main-3/WARN]: Invalid path in datapack: minecraft:sounds/PresenceFootsteps/blocks/step/water/water_through8.ogg, ignoring
[16:24:23] [Worker-Main-3/WARN]: Invalid path in datapack: minecraft:sounds/PresenceFootsteps/blocks/step/water/water_through9.ogg, ignoring
[16:24:23] [Worker-Main-3/WARN]: Invalid path in datapack: minecraft:sounds/PresenceFootsteps/blocks/step/water/water_wander1.ogg, ignoring
[16:24:23] [Worker-Main-3/WARN]: Invalid path in datapack: minecraft:sounds/PresenceFootsteps/blocks/step/water/water_wander2.ogg, ignoring
[16:24:23] [Worker-Main-3/WARN]: Invalid path in datapack: minecraft:sounds/PresenceFootsteps/blocks/step/water/water_wander3.ogg, ignoring
[16:24:23] [Worker-Main-3/WARN]: Invalid path in datapack: minecraft:sounds/PresenceFootsteps/blocks/step/water/water_wander4.ogg, ignoring
[16:24:23] [Worker-Main-3/WARN]: Invalid path in datapack: minecraft:sounds/PresenceFootsteps/blocks/step/water/water_wander5.ogg, ignoring
[16:24:23] [Worker-Main-3/WARN]: Invalid path in datapack: minecraft:sounds/PresenceFootsteps/blocks/step/water_stereofix/water_through1.ogg, ignoring
[16:24:23] [Worker-Main-3/WARN]: Invalid path in datapack: minecraft:sounds/PresenceFootsteps/blocks/step/water_stereofix/water_through10.ogg, ignoring
[16:24:23] [Worker-Main-3/WARN]: Invalid path in datapack: minecraft:sounds/PresenceFootsteps/blocks/step/water_stereofix/water_through11.ogg, ignoring
[16:24:23] [Worker-Main-3/WARN]: Invalid path in datapack: minecraft:sounds/PresenceFootsteps/blocks/step/water_stereofix/water_through2.ogg, ignoring
[16:24:23] [Worker-Main-3/WARN]: Invalid path in datapack: minecraft:sounds/PresenceFootsteps/blocks/step/water_stereofix/water_through3.ogg, ignoring
[16:24:23] [Worker-Main-3/WARN]: Invalid path in datapack: minecraft:sounds/PresenceFootsteps/blocks/step/water_stereofix/water_through4.ogg, ignoring
[16:24:23] [Worker-Main-3/WARN]: Invalid path in datapack: minecraft:sounds/PresenceFootsteps/blocks/step/water_stereofix/water_through5.ogg, ignoring
[16:24:23] [Worker-Main-3/WARN]: Invalid path in datapack: minecraft:sounds/PresenceFootsteps/blocks/step/water_stereofix/water_through6.ogg, ignoring
[16:24:23] [Worker-Main-3/WARN]: Invalid path in datapack: minecraft:sounds/PresenceFootsteps/blocks/step/water_stereofix/water_through7.ogg, ignoring
[16:24:23] [Worker-Main-3/WARN]: Invalid path in datapack: minecraft:sounds/PresenceFootsteps/blocks/step/water_stereofix/water_through8.ogg, ignoring
[16:24:23] [Worker-Main-3/WARN]: Invalid path in datapack: minecraft:sounds/PresenceFootsteps/blocks/step/water_stereofix/water_through9.ogg, ignoring
[16:24:23] [Worker-Main-3/WARN]: Invalid path in datapack: minecraft:sounds/PresenceFootsteps/blocks/step/water_stereofix/water_wander1.ogg, ignoring
[16:24:23] [Worker-Main-3/WARN]: Invalid path in datapack: minecraft:sounds/PresenceFootsteps/blocks/step/water_stereofix/water_wander2.ogg, ignoring
[16:24:23] [Worker-Main-3/WARN]: Invalid path in datapack: minecraft:sounds/PresenceFootsteps/blocks/step/water_stereofix/water_wander3.ogg, ignoring
[16:24:23] [Worker-Main-3/WARN]: Invalid path in datapack: minecraft:sounds/PresenceFootsteps/blocks/step/water_stereofix/water_wander4.ogg, ignoring
[16:24:23] [Worker-Main-3/WARN]: Invalid path in datapack: minecraft:sounds/PresenceFootsteps/blocks/step/water_stereofix/water_wander5.ogg, ignoring
[16:24:23] [Worker-Main-3/WARN]: Invalid path in datapack: minecraft:sounds/PresenceFootsteps/blocks/step/weakice/weakice_walk1.ogg, ignoring
[16:24:23] [Worker-Main-3/WARN]: Invalid path in datapack: minecraft:sounds/PresenceFootsteps/blocks/step/weakice/weakice_walk10.ogg, ignoring
[16:24:23] [Worker-Main-3/WARN]: Invalid path in datapack: minecraft:sounds/PresenceFootsteps/blocks/step/weakice/weakice_walk2.ogg, ignoring
[16:24:23] [Worker-Main-3/WARN]: Invalid path in datapack: minecraft:sounds/PresenceFootsteps/blocks/step/weakice/weakice_walk3.ogg, ignoring
[16:24:23] [Worker-Main-3/WARN]: Invalid path in datapack: minecraft:sounds/PresenceFootsteps/blocks/step/weakice/weakice_walk4.ogg, ignoring
[16:24:23] [Worker-Main-3/WARN]: Invalid path in datapack: minecraft:sounds/PresenceFootsteps/blocks/step/weakice/weakice_walk5.ogg, ignoring
[16:24:23] [Worker-Main-3/WARN]: Invalid path in datapack: minecraft:sounds/PresenceFootsteps/blocks/step/weakice/weakice_walk6.ogg, ignoring
[16:24:23] [Worker-Main-3/WARN]: Invalid path in datapack: minecraft:sounds/PresenceFootsteps/blocks/step/weakice/weakice_walk7.ogg, ignoring
[16:24:23] [Worker-Main-3/WARN]: Invalid path in datapack: minecraft:sounds/PresenceFootsteps/blocks/step/weakice/weakice_walk8.ogg, ignoring
[16:24:23] [Worker-Main-3/WARN]: Invalid path in datapack: minecraft:sounds/PresenceFootsteps/blocks/step/weakice/weakice_walk9.ogg, ignoring
[16:24:23] [Worker-Main-3/WARN]: Invalid path in datapack: minecraft:sounds/PresenceFootsteps/blocks/step/wing/dash1.ogg, ignoring
[16:24:23] [Worker-Main-3/WARN]: Invalid path in datapack: minecraft:sounds/PresenceFootsteps/blocks/step/wing/land1.ogg, ignoring
[16:24:23] [Worker-Main-3/WARN]: Invalid path in datapack: minecraft:sounds/PresenceFootsteps/blocks/step/wing/wing0.ogg, ignoring
[16:24:23] [Worker-Main-3/WARN]: Invalid path in datapack: minecraft:sounds/PresenceFootsteps/blocks/step/wing/wing1.ogg, ignoring
[16:24:23] [Worker-Main-3/WARN]: Invalid path in datapack: minecraft:sounds/PresenceFootsteps/blocks/step/wing/wing2.ogg, ignoring
[16:24:23] [Worker-Main-3/WARN]: Invalid path in datapack: minecraft:sounds/PresenceFootsteps/blocks/step/wing/wing3.ogg, ignoring
[16:24:23] [Worker-Main-3/WARN]: Invalid path in datapack: minecraft:sounds/PresenceFootsteps/blocks/step/wood/wood_walk1.ogg, ignoring
[16:24:23] [Worker-Main-3/WARN]: Invalid path in datapack: minecraft:sounds/PresenceFootsteps/blocks/step/wood/wood_walk10.ogg, ignoring
[16:24:23] [Worker-Main-3/WARN]: Invalid path in datapack: minecraft:sounds/PresenceFootsteps/blocks/step/wood/wood_walk11.ogg, ignoring
[16:24:23] [Worker-Main-3/WARN]: Invalid path in datapack: minecraft:sounds/PresenceFootsteps/blocks/step/wood/wood_walk2.ogg, ignoring
[16:24:23] [Worker-Main-3/WARN]: Invalid path in datapack: minecraft:sounds/PresenceFootsteps/blocks/step/wood/wood_walk3.ogg, ignoring
[16:24:23] [Worker-Main-3/WARN]: Invalid path in datapack: minecraft:sounds/PresenceFootsteps/blocks/step/wood/wood_walk4.ogg, ignoring
[16:24:23] [Worker-Main-3/WARN]: Invalid path in datapack: minecraft:sounds/PresenceFootsteps/blocks/step/wood/wood_walk5.ogg, ignoring
[16:24:23] [Worker-Main-3/WARN]: Invalid path in datapack: minecraft:sounds/PresenceFootsteps/blocks/step/wood/wood_walk6.ogg, ignoring
[16:24:23] [Worker-Main-3/WARN]: Invalid path in datapack: minecraft:sounds/PresenceFootsteps/blocks/step/wood/wood_walk7.ogg, ignoring
[16:24:23] [Worker-Main-3/WARN]: Invalid path in datapack: minecraft:sounds/PresenceFootsteps/blocks/step/wood/wood_walk8.ogg, ignoring
[16:24:23] [Worker-Main-3/WARN]: Invalid path in datapack: minecraft:sounds/PresenceFootsteps/blocks/step/wood/wood_walk9.ogg, ignoring
[16:24:23] [Render thread/INFO]: Placement Manager calculated thread limit: [02/03]
[16:24:23] [Render thread/INFO]: i18nLang#load: File: '/assets/litematica/lang/en_us.json' has been loaded successfully
[16:24:23] [Render thread/WARN]: i18nOptionManager#buildLanguageOptions(litematica): Detected [14] available options.
[16:24:23] [Worker-Main-5/INFO]: Found unifont_all_no_pua-17.0.01.hex, loading
[16:24:23] [Worker-Main-6/INFO]: Found unifont_pua-17.0.01.hex, loading
[16:24:23] [Worker-Main-3/WARN]: Invalid sounds.json in resourcepack: 'file/CPVP Aesthetic.zip'
net.minecraft.class_151: Non [a-z0-9/._-] character in path of location: minecraft:PresenceFootsteps/blocks/step/wood/wood_walk1
	at knot//net.minecraft.class_2960.method_45137(class_2960.java:265)
	at knot//net.minecraft.class_2960.method_60656(class_2960.java:51)
	at knot//net.minecraft.class_2960.method_12838(class_2960.java:78)
	at knot//net.minecraft.class_2960.method_60654(class_2960.java:47)
	at knot//net.minecraft.class_1115.method_4790(class_1115.java:55)
	at knot//net.minecraft.class_1115.method_4792(class_1115.java:46)
	at knot//net.minecraft.class_1115.method_4791(class_1115.java:29)
	at knot//net.minecraft.class_1115.deserialize(class_1115.java:20)
	at knot//com.google.gson.internal.bind.TreeTypeAdapter.read(TreeTypeAdapter.java:95)
	at knot//com.google.gson.internal.bind.TypeAdapterRuntimeTypeWrapper.read(TypeAdapterRuntimeTypeWrapper.java:40)
	at knot//com.google.gson.internal.bind.MapTypeAdapterFactory$Adapter.read(MapTypeAdapterFactory.java:203)
	at knot//com.google.gson.internal.bind.MapTypeAdapterFactory$Adapter.read(MapTypeAdapterFactory.java:161)
	at knot//net.minecraft.class_3518.method_47992(class_3518.java:530)
	at knot//net.minecraft.class_3518.method_15297(class_3518.java:537)
	at knot//net.minecraft.class_1144.method_18180(class_1144.java:80)
	at knot//net.minecraft.class_1144.method_18789(class_1144.java:41)
	at knot//net.minecraft.class_4080.method_18791(class_4080.java:13)
	at java.base/java.util.concurrent.CompletableFuture$AsyncSupply.run(Unknown Source)
	at knot//net.minecraft.class_4014.method_67576(class_4014.java:51)
	at java.base/java.util.concurrent.ForkJoinTask$RunnableExecuteAction.exec(Unknown Source)
	at java.base/java.util.concurrent.ForkJoinTask.doExec(Unknown Source)
	at java.base/java.util.concurrent.ForkJoinPool$WorkQueue.topLevelExec(Unknown Source)
	at java.base/java.util.concurrent.ForkJoinPool.scan(Unknown Source)
	at java.base/java.util.concurrent.ForkJoinPool.runWorker(Unknown Source)
	at java.base/java.util.concurrent.ForkJoinWorkerThread.run(Unknown Source)
[16:24:23] [Render thread/WARN]: Invalid path in datapack: minecraft:textures/gui/title/background/old low res/panorama_0.png, ignoring
[16:24:23] [Render thread/WARN]: Invalid path in datapack: minecraft:textures/gui/title/background/old low res/panorama_1.png, ignoring
[16:24:23] [Render thread/WARN]: Invalid path in datapack: minecraft:textures/gui/title/background/old low res/panorama_2.png, ignoring
[16:24:23] [Render thread/WARN]: Invalid path in datapack: minecraft:textures/gui/title/background/old low res/panorama_3.png, ignoring
[16:24:23] [Render thread/WARN]: Invalid path in datapack: minecraft:textures/gui/title/background/old low res/panorama_4.png, ignoring
[16:24:23] [Render thread/WARN]: Invalid path in datapack: minecraft:textures/gui/title/background/old low res/panorama_5.png, ignoring
[16:24:23] [Worker-Main-3/INFO]: Found unifont_jp_patch-17.0.01.hex, loading
[16:24:23] [Render thread/INFO]: i18nLang#load: File: '/assets/malilib/lang/en_us.json' has been loaded successfully
[16:24:23] [Render thread/WARN]: i18nOptionManager#buildLanguageOptions(malilib): Detected [13] available options.
[16:24:23] [Render thread/INFO]: Carpet: [N/F], CarpetTIS: [N/F]
[16:24:23] [Render thread/INFO]: Initializing Meteor Client
[16:24:23] [Worker-Main-7/WARN]: Missing block model: minecraft:builtin/entity
[16:24:23] [Render thread/INFO]: Reflections took 227 ms to scan 1 urls, producing 27 keys and 1019 values
[16:24:23] [Render thread/INFO]: Reflections took 36 ms to scan 1 urls, producing 9 keys and 148 values
[16:24:23] [Worker-Main-2/WARN]: Missing texture references in model minecraft:item/end_crystal:
    particle
[16:24:24] [Render thread/INFO]: Found 73 font families.
[16:24:24] [Render thread/INFO]: Path Manager: none
[16:24:24] [Render thread/INFO]: Loading
[16:24:24] [Render thread/INFO]: Loaded in 142 milliseconds
[16:24:25] [Render thread/INFO]: OpenAL initialized on device OpenAL Soft on Headphones (PULSE Elite)
[16:24:25] [Render thread/INFO]: Sound engine started
[16:24:25] [Render thread/INFO]: Created: 2048x2048x0 minecraft:textures/atlas/particles.png-atlas
[16:24:25] [Render thread/INFO]: Created: 128x128x0 minecraft:textures/atlas/decorated_pot.png-atlas
[16:24:25] [Render thread/INFO]: Created: 2048x1024x0 minecraft:textures/atlas/armor_trims.png-atlas
[16:24:25] [Render thread/INFO]: Created: 512x256x0 minecraft:textures/atlas/paintings.png-atlas
[16:24:25] [Render thread/INFO]: Created: 1024x512x0 minecraft:textures/atlas/shield_patterns.png-atlas
[16:24:25] [Render thread/INFO]: Created: 1024x1024x2 minecraft:textures/atlas/blocks.png-atlas
[16:24:25] [Render thread/INFO]: Created: 512x512x0 minecraft:textures/atlas/chest.png-atlas
[16:24:25] [Render thread/INFO]: Created: 256x128x0 minecraft:textures/atlas/celestials.png-atlas
[16:24:25] [Render thread/INFO]: Created: 1024x512x0 minecraft:textures/atlas/banner_patterns.png-atlas
[16:24:25] [Render thread/INFO]: Created: 512x512x0 minecraft:textures/atlas/beds.png-atlas
[16:24:25] [Render thread/INFO]: Created: 1024x512x0 minecraft:textures/atlas/items.png-atlas
[16:24:25] [Render thread/INFO]: Created: 1024x1024x0 minecraft:textures/atlas/gui.png-atlas
[16:24:25] [Render thread/INFO]: Created: 128x64x0 minecraft:textures/atlas/map_decorations.png-atlas
[16:24:25] [Render thread/INFO]: Created: 512x256x0 minecraft:textures/atlas/signs.png-atlas
[16:24:25] [Render thread/INFO]: Created: 512x512x0 minecraft:textures/atlas/shulker_boxes.png-atlas
[16:24:26] [Render thread/INFO]: ResourcePackScanner rescan: [sky=0, clouds=0, sun=0, stars=0, day_sky=0, moon=0, night_sky=0, snow=0, rain=0]
[16:25:36] [Render thread/INFO]: Connecting to play.donutsmp.net, 25565
[16:25:38] [Render thread/INFO]: [voicechat] Sending secret request to the server
[16:25:38] [VoicechatSoundManagerThread/WARN]: [voicechat] Failed to open audio device 'OpenAL Soft on Speakers (PlayStation Link Adapter)', falling back to default
[16:25:38] [Render thread/INFO]: CustomSkyboxes command registered
[16:25:38] [Render thread/WARN]: Unable to read property: east with value: "false" for blockstate: {Name:"minecraft:cobblestone_wall",Properties:{east:"false",north:"false",south:"false",up:"false",west:"false"}}
[16:25:38] [Render thread/WARN]: Unable to read property: south with value: "false" for blockstate: {Name:"minecraft:cobblestone_wall",Properties:{east:"false",north:"false",south:"false",up:"false",west:"false"}}
[16:25:38] [Render thread/WARN]: Unable to read property: north with value: "false" for blockstate: {Name:"minecraft:cobblestone_wall",Properties:{east:"false",north:"false",south:"false",up:"false",west:"false"}}
[16:25:38] [Render thread/WARN]: Unable to read property: west with value: "false" for blockstate: {Name:"minecraft:cobblestone_wall",Properties:{east:"false",north:"false",south:"false",up:"false",west:"false"}}
[16:25:38] [Render thread/WARN]: Unable to read property: east with value: "false" for blockstate: {Name:"minecraft:mossy_cobblestone_wall",Properties:{east:"false",north:"false",south:"false",up:"false",west:"false"}}
[16:25:38] [Render thread/WARN]: Unable to read property: south with value: "false" for blockstate: {Name:"minecraft:mossy_cobblestone_wall",Properties:{east:"false",north:"false",south:"false",up:"false",west:"false"}}
[16:25:38] [Render thread/WARN]: Unable to read property: north with value: "false" for blockstate: {Name:"minecraft:mossy_cobblestone_wall",Properties:{east:"false",north:"false",south:"false",up:"false",west:"false"}}
[16:25:38] [Render thread/WARN]: Unable to read property: west with value: "false" for blockstate: {Name:"minecraft:mossy_cobblestone_wall",Properties:{east:"false",north:"false",south:"false",up:"false",west:"false"}}
[16:25:39] [Render thread/INFO]: Starting [2] Placement Manager Daemon threads
[16:25:39] [Render thread/INFO]: Loaded 450 advancements
[16:25:39] [Render thread/INFO]: [System] [CHAT] $ 155K
[16:25:39] [Render thread/INFO]: [voicechat] Received secret
[16:25:39] [Render thread/INFO]: [voicechat] Connecting to voice chat server: '172.65.200.198:55554'
[16:25:39] [VoiceChatAuthenticationThread/INFO]: [voicechat] Trying to authenticate voice chat connection
[16:25:39] [Render thread/INFO]: Resizing Dynamic Transforms UBO, capacity limit of 2 reached during a single frame. New capacity will be 4.
[16:25:39] [Render thread/INFO]: Resizing Dynamic Transforms UBO, capacity limit of 4 reached during a single frame. New capacity will be 8.
[16:25:39] [VoiceChatConnectionThread/INFO]: [voicechat] Server acknowledged authentication
[16:25:39] [VoiceChatConnectionThread/INFO]: [voicechat] Server acknowledged connection check
[16:25:39] [MicrophoneThread/WARN]: [voicechat] Failed to open microphone 'OpenAL Soft on Microphone (fifine Microphone)', falling back to default microphone
[16:25:39] [Render thread/INFO]: Resizing Chunk Sections UBO, capacity limit of 2 reached during a single frame. New capacity will be 16.
[16:25:39] [Render thread/INFO]: Resizing Chunk Sections UBO, capacity limit of 16 reached during a single frame. New capacity will be 32.
[16:25:39] [Render thread/INFO]: Resizing Chunk Sections UBO, capacity limit of 32 reached during a single frame. New capacity will be 64.
[16:25:39] [Render thread/INFO]: Resizing Chunk Sections UBO, capacity limit of 64 reached during a single frame. New capacity will be 128.
[16:25:39] [Render thread/INFO]: Resizing Chunk Sections UBO, capacity limit of 128 reached during a single frame. New capacity will be 256.
[16:25:39] [Render thread/INFO]: Resizing Chunk Sections UBO, capacity limit of 256 reached during a single frame. New capacity will be 512.
[16:25:41] [Render thread/INFO]: [System] [CHAT] SHOW MY MAPS is not installed on this server, or is older than 1.0.3 and cannot say so, so it only sends maps you carry and maps in item frames you walk past. Maps in chests, in shulker boxes and on the ground stay blank until you have seen them one of those two ways.
[16:25:51] [Render thread/INFO]: Resizing Dynamic Transforms UBO, capacity limit of 8 reached during a single frame. New capacity will be 16.
[16:25:58] [Render thread/INFO]: [System] [CHAT] You have $ 251,050
[16:26:04] [Render thread/INFO]: [System] [CHAT] _MrKyro_ has $ 31.9M
[16:30:00] [Render thread/INFO]: [System] [CHAT] You earned 1 Shard for playing the server
[16:33:48] [Render thread/INFO]: Loaded 470 advancements
[16:33:53] [Render thread/INFO]: Resizing Chunk Sections UBO, capacity limit of 512 reached during a single frame. New capacity will be 1024.
[16:34:01] [Render thread/INFO]: [System] [CHAT] You bought 64 Scaffolding for $ 68K
[16:39:13] [Render thread/INFO]: [System] [CHAT] You bought 2 Chests for $ 7K
[16:39:13] [Render thread/INFO]: [System] [CHAT] You bought 2 Chests for $ 7K
[16:39:14] [Render thread/INFO]: [System] [CHAT] You bought 2 Chests for $ 7K
[16:39:14] [Render thread/INFO]: [System] [CHAT] You bought 2 Chests for $ 7K
[16:39:15] [Render thread/INFO]: [System] [CHAT] You bought 2 Chests for $ 7K
[16:39:15] [Render thread/INFO]: [System] [CHAT] You bought 2 Chests for $ 7K
[16:39:16] [Render thread/INFO]: [System] [CHAT] You bought 2 Chests for $ 7K
[16:39:16] [Render thread/INFO]: [System] [CHAT] You bought 2 Chests for $ 7K
[16:39:33] [Render thread/INFO]: [System] [CHAT] You bought 1 Chest for $ 3.9K
[16:39:33] [Render thread/INFO]: [System] [CHAT] You bought 1 Chest for $ 3.9K
[16:39:38] [Render thread/INFO]: [System] [CHAT] You bought 1 Hopper for $ 2.5K
[16:39:38] [Render thread/INFO]: [System] [CHAT] You bought 1 Hopper for $ 2.4K
[16:39:38] [Render thread/INFO]: [System] [CHAT] You bought 1 Hopper for $ 2.5K
[16:39:38] [Render thread/INFO]: [System] [CHAT] You bought 1 Hopper for $ 2.5K
[16:39:39] [Render thread/INFO]: [System] [CHAT] You bought 1 Hopper for $ 2.5K
[16:39:39] [Render thread/INFO]: [System] [CHAT] You bought 1 Hopper for $ 2.5K
[16:39:39] [Render thread/INFO]: [System] [CHAT] You bought 1 Hopper for $ 2.5K
[16:39:39] [Render thread/INFO]: [System] [CHAT] You bought 1 Hopper for $ 2.5K
[16:39:41] [Render thread/INFO]: [System] [CHAT] You bought 1 Water Bucket for $ 3.9K
[16:39:52] [Render thread/INFO]: [System] [CHAT] You bought 1 Hopper for $ 2.8K
[16:40:00] [Render thread/INFO]: [System] [CHAT] You earned 1 Shard for playing the server
[16:40:15] [Render thread/INFO]: [System] [CHAT] You bought 1 Hopper for $ 2.6K
[16:40:15] [Render thread/INFO]: [System] [CHAT] You bought 1 Hopper for $ 5.2K
[16:40:15] [Render thread/INFO]: [System] [CHAT] You bought 1 Hopper for $ 5.2K
[16:40:15] [Render thread/INFO]: [System] [CHAT] You bought 1 Hopper for $ 8.8K
[16:40:16] [Render thread/INFO]: [System] [CHAT] You don't have enough money for this
[16:40:17] [Render thread/INFO]: [System] [CHAT] You don't have enough money for this
[16:40:18] [Render thread/INFO]: [System] [CHAT] You don't have enough money for this
[16:40:18] [Worker-Main-22/WARN]: Profile contained invalid signature for textures property (profile id: 00000000-0000-0000-0009-01ffd43ba7d8)
[16:40:20] [Render thread/INFO]: [System] [CHAT] You bought 1 Hopper for $ 5.1K
[16:40:34] [Render thread/INFO]: Resizing Dynamic Transforms UBO, capacity limit of 16 reached during a single frame. New capacity will be 32.
[16:40:34] [Render thread/INFO]: Resizing Dynamic Transforms UBO, capacity limit of 32 reached during a single frame. New capacity will be 64.
[16:40:45] [Render thread/INFO]: [System] [CHAT] You bought 1 Ender Chest for $ 11.9K
[16:40:50] [Render thread/INFO]: [System] [CHAT] Show My Maps: filled in 1 map previews you were missing — reopen the menu to see them
[16:40:59] [Render thread/INFO]: [System] [CHAT] $ 161K
[16:41:01] [Render thread/INFO]: [System] [CHAT] $ 6K
[16:41:09] [Render thread/INFO]: [System] [CHAT] You listed 1 Map for $ 30K
[16:41:09] [Render thread/INFO]: [System] [CHAT] This command does not exist
[16:41:10] [Render thread/INFO]: [System] [CHAT] This command does not exist
[16:41:10] [Render thread/INFO]: [System] [CHAT] You listed 1 Map for $ 30K
[16:41:11] [Render thread/INFO]: [System] [CHAT] You listed 1 Map for $ 30K
[16:41:12] [Render thread/INFO]: [System] [CHAT] You listed 1 Map for $ 30K
[16:41:25] [Render thread/INFO]: [System] [CHAT] You listed 1 Map for $ 30K
[16:41:26] [Render thread/INFO]: [System] [CHAT] You listed 1 Map for $ 30K
[16:41:26] [Render thread/INFO]: [System] [CHAT] This command does not exist
[16:41:26] [Render thread/INFO]: [System] [CHAT] This command does not exist
[16:41:27] [Render thread/INFO]: [System] [CHAT] You listed 3 Map for $ 30K
[16:41:28] [Render thread/INFO]: [System] [CHAT] You listed 1 Map for $ 30K
[16:41:30] [Render thread/INFO]: [System] [CHAT] You listed 1 Map for $ 30K
[16:41:31] [Render thread/INFO]: [System] [CHAT] You listed 1 Map for $ 30K
[16:41:31] [Render thread/INFO]: [System] [CHAT] You listed 1 Map for $ 30K
[16:41:31] [Render thread/INFO]: [System] [CHAT] You listed 1 Map for $ 30K
[16:41:34] [Render thread/INFO]: [System] [CHAT] That is not a valid number.
[16:41:34] [Render thread/INFO]: [System] [CHAT] That is not a valid number.
[16:41:35] [Render thread/INFO]: [System] [CHAT] You listed 1 Map for $ 30K
[16:41:35] [Render thread/INFO]: [System] [CHAT] You listed 1 Map for $ 30K
[16:41:36] [Render thread/INFO]: [System] [CHAT] You listed 1 Map for $ 30K
[16:41:36] [Render thread/INFO]: [System] [CHAT] You listed 1 Map for $ 30K
[16:41:39] [Render thread/INFO]: [System] [CHAT] You listed 1 Map for $ 30K
[16:41:41] [Render thread/INFO]: [System] [CHAT] You listed 1 Map for $ 30K
[16:41:41] [Render thread/INFO]: [System] [CHAT] jkrules121 bought your Map for $30K
[16:41:41] [Render thread/INFO]: [System] [CHAT] You listed 1 Map for $ 30K
[16:41:43] [Render thread/INFO]: [System] [CHAT] You have too many listed items
[16:41:45] [Render thread/INFO]: [System] [CHAT] N0tFire_ bought your Map for $30K
[16:41:46] [Render thread/INFO]: [System] [CHAT] You listed 1 Map for $ 30K
[16:41:47] [Render thread/INFO]: [System] [CHAT] You have too many listed items
[16:41:47] [Render thread/INFO]: [System] [CHAT] You have too many listed items
[16:41:49] [Render thread/INFO]: [System] [CHAT] V0idH3ad bought your Map for $30K
[16:42:04] [Render thread/INFO]: [System] [CHAT] You bought 16 Hoppers for $ 83.9K
[16:42:16] [Render thread/INFO]: [System] [CHAT] .Mugm6821 bought your Map for $30K
[16:42:17] [Render thread/INFO]: [System] [CHAT] huzzZeph bought your Map for $30K
[16:42:21] [Render thread/INFO]: [System] [CHAT] You bought 1 Hopper for $ 2.4K
[16:42:21] [Render thread/INFO]: [System] [CHAT] huzzZeph bought your Map for $30K
[16:42:45] [Render thread/INFO]: [System] [CHAT] WPeck bought your Map for $30K
[16:43:05] [Render thread/INFO]: [System] [CHAT] You bought 64 Scaffolding for $ 64K
[16:43:15] [Render thread/INFO]: [System] [CHAT] You listed 54 Scaffolding for $ 50K
[16:43:23] [Render thread/INFO]: [System] [CHAT] You bought 64 Spruce Slabs for $ 6.7K
[16:43:23] [Render thread/INFO]: [System] [CHAT] You bought 64 Spruce Slabs for $ 6.7K
[16:43:23] [Render thread/INFO]: [System] [CHAT] You bought 64 Spruce Slabs for $ 6.7K
[16:43:23] [Render thread/INFO]: [System] [CHAT] You bought 64 Spruce Slabs for $ 6.7K
[16:43:23] [Render thread/INFO]: [System] [CHAT] You bought 64 Spruce Slabs for $ 6.7K
[16:43:23] [Render thread/INFO]: [System] [CHAT] You bought 64 Spruce Slabs for $ 6.7K
[16:43:24] [Render thread/INFO]: [System] [CHAT] You bought 64 Spruce Slabs for $ 6.7K
[16:43:24] [Render thread/INFO]: [System] [CHAT] You bought 64 Spruce Slabs for $ 6.7K
[16:43:24] [Render thread/INFO]: [System] [CHAT] You bought 64 Spruce Slabs for $ 6.7K
[16:43:24] [Render thread/INFO]: [System] [CHAT] You bought 64 Spruce Slabs for $ 6.7K
[16:43:24] [Render thread/INFO]: [System] [CHAT] You bought 64 Spruce Slabs for $ 6.7K
[16:43:24] [Render thread/INFO]: [System] [CHAT] You bought 64 Spruce Slabs for $ 6.7K
[16:43:25] [Render thread/INFO]: [System] [CHAT] You bought 64 Spruce Slabs for $ 7K
[16:43:25] [Render thread/INFO]: [System] [CHAT] You bought 64 Spruce Slabs for $ 7K
[16:43:25] [Render thread/INFO]: [System] [CHAT] You bought 64 Spruce Slabs for $ 7K
[16:43:25] [Render thread/INFO]: [System] [CHAT] You bought 64 Spruce Slabs for $ 6.7K
[16:43:25] [Render thread/INFO]: [System] [CHAT] You bought 64 Spruce Slabs for $ 7K
[16:43:29] [Render thread/INFO]: [System] [CHAT] You bought 1 Chest for $ 3.9K
[16:43:41] [Render thread/INFO]: [System] [CHAT] You bought 1 Dirt for $ 2.9K
[16:43:41] [Render thread/INFO]: [System] [CHAT] You bought 1 Dirt for $ 2.9K
[16:43:54] [Render thread/INFO]: [System] [CHAT] You bought 1 Stone Axe for $ 15K
[16:44:22] [Render thread/INFO]: [System] [CHAT] Meo15417 bought your Scaffolding for $50K
[16:44:27] [Render thread/INFO]: [System] [CHAT] You bought 64 Ladders for $ 8.9K
[16:44:41] [Render thread/INFO]: [System] [CHAT] You earned $60K from auction
[16:44:49] [Render thread/INFO]: [System] [CHAT] You bought 64 Steaks for $ 160K
[16:44:52] [Render thread/INFO]: [System] [CHAT] Home set
[16:45:13] [Render thread/INFO]: [System] [CHAT] Home does not exist
[16:45:34] [Render thread/INFO]: [voicechat] Clearing audio channels
[16:45:34] [Render thread/INFO]: [voicechat] Stopping microphone thread
[16:45:34] [Render thread/INFO]: [voicechat] Disconnecting voicechat
[16:45:34] [Render thread/INFO]: Saving
[16:45:35] [Render thread/INFO]: Saved in 19 milliseconds.
[16:45:37] [Render thread/INFO]: [OpSec] Logging into account: SimonKstar
[16:45:37] [ForkJoinPool.commonPool-worker-5/WARN]: [OpSec] Token invalid/expired for SimonKstar: HTTP 401
[16:45:37] [ForkJoinPool.commonPool-worker-5/INFO]: [OpSec] Token invalid, attempting refresh...
[16:45:37] [ForkJoinPool.commonPool-worker-5/INFO]: [OpSec] Attempting to refresh token for SimonKstar (attempt 1)
[16:45:37] [ForkJoinPool.commonPool-worker-5/INFO]: [OpSec] Token refresh succeeded with client ID: 00000000402b5328
[16:45:39] [ForkJoinPool.commonPool-worker-5/INFO]: [OpSec] Successfully refreshed token for SimonKstar
[16:45:39] [ForkJoinPool.commonPool-worker-5/INFO]: [OpSec] Validated account: SimonKstar (7c3a3dc9-8aea-4988-88f6-c3db661b9238)
[16:45:39] [ForkJoinPool.commonPool-worker-5/INFO]: Environment: Environment[sessionHost=https://sessionserver.mojang.com, servicesHost=https://api.minecraftservices.com, profilesHost=https://api.mojang.com, name=PROD]
[16:45:39] [ForkJoinPool.commonPool-worker-5/INFO]: [OpSec] Successfully logged in as: SimonKstar
[16:45:41] [Render thread/INFO]: Connecting to play.donutsmp.net, 25565
[16:45:42] [Render thread/INFO]: [voicechat] Sending secret request to the server
[16:45:42] [VoicechatSoundManagerThread/WARN]: [voicechat] Failed to open audio device 'OpenAL Soft on Speakers (PlayStation Link Adapter)', falling back to default
[16:45:42] [Render thread/INFO]: CustomSkyboxes command registered
[16:45:42] [Render thread/INFO]: Starting [2] Placement Manager Daemon threads
[16:45:42] [Render thread/INFO]: Loaded 586 advancements
[16:45:43] [Worker-Main-16/WARN]: Profile contained invalid signature for textures property (profile id: 00000000-0000-0000-0009-01ffd43ba7d8)
[16:45:43] [Render thread/WARN]: Requested creation of existing team '09-EitanFila-false'
[16:45:43] [Render thread/WARN]: Requested creation of existing team '09-FishnChipsTom-false'
[16:45:43] [Render thread/WARN]: Requested creation of existing team '08-u_vv-false'
[16:45:43] [Render thread/WARN]: Requested creation of existing team '09-.AmogusGaming690-false'
[16:45:43] [Render thread/WARN]: Requested creation of existing team '09-Bulldotjuh-false'
[16:45:43] [Render thread/WARN]: Requested creation of existing team '09-faiifzz-false'
[16:45:43] [Render thread/WARN]: Requested creation of existing team '07-LzouZMp5-false'
[16:45:43] [Render thread/WARN]: Requested creation of existing team '09-eli9472-false'
[16:45:43] [Render thread/WARN]: Requested creation of existing team '09-ibfel-false'
[16:45:43] [Render thread/WARN]: Requested creation of existing team '09-awdp-false'
[16:45:43] [Render thread/WARN]: Requested creation of existing team '09-BrixelBuilds-false'
[16:45:43] [Render thread/WARN]: Requested creation of existing team '09-DefNotSmurf-false'
[16:45:43] [Render thread/WARN]: Requested creation of existing team '09-Gen0vw-false'
[16:45:43] [Render thread/WARN]: Requested creation of existing team '09-DaBigNinja-false'
[16:45:43] [Render thread/WARN]: Requested creation of existing team '09-DaBana-false'
[16:45:43] [Render thread/WARN]: Requested creation of existing team '09-Breezeley-false'
[16:45:43] [Render thread/WARN]: Requested creation of existing team '09-Doomed001-false'
[16:45:43] [Render thread/WARN]: Requested creation of existing team '09-artuur11-false'
[16:45:43] [Render thread/WARN]: Requested creation of existing team '08-BobIsFound-false'
[16:45:43] [Render thread/WARN]: Requested creation of existing team '09-ErrorStrikezz-false'
[16:45:43] [Render thread/WARN]: Requested creation of existing team '09-_Gaara_-false'
[16:45:43] [Render thread/WARN]: Requested creation of existing team '09-blazeTNT-false'
[16:45:43] [Render thread/WARN]: Requested creation of existing team '09-0vyy-false'
[16:45:43] [Render thread/WARN]: Requested creation of existing team '09-Dorzeey-false'
[16:45:43] [Render thread/WARN]: Requested creation of existing team '09-barba354-false'
[16:45:43] [Render thread/WARN]: Requested creation of existing team '09-67aud-false'
[16:45:43] [Render thread/WARN]: Requested creation of existing team '09-GhostPulse_-false'
[16:45:43] [Render thread/WARN]: Requested creation of existing team '09-Bluqo1-false'
[16:45:43] [Render thread/WARN]: Requested creation of existing team '09-greedzox-false'
[16:45:43] [Render thread/WARN]: Requested creation of existing team '09-formalmist-false'
[16:45:43] [Render thread/WARN]: Requested creation of existing team '09-Cartercombo-false'
[16:45:43] [Render thread/WARN]: Requested creation of existing team '09-AmIFocused-false'
[16:45:43] [Render thread/WARN]: Requested creation of existing team '09-fr_rn-false'
[16:45:43] [Render thread/WARN]: Requested creation of existing team '09-ASPECT_TTV2-false'
[16:45:43] [Render thread/WARN]: Requested creation of existing team '09-cr7en-false'
[16:45:43] [Render thread/WARN]: Requested creation of existing team '09-Grave9186-false'
[16:45:43] [Render thread/WARN]: Requested creation of existing team '09-CoffeRush-false'
[16:45:43] [Render thread/WARN]: Requested creation of existing team '09-BambyCZ-false'
[16:45:43] [Render thread/WARN]: Requested creation of existing team '09-BexyLea-false'
[16:45:43] [Render thread/WARN]: Requested creation of existing team '09-AimbotIsCheating-false'
[16:45:43] [Render thread/WARN]: Requested creation of existing team '09-Green_ash00-false'
[16:45:43] [Render thread/WARN]: Requested creation of existing team '09-demo16-false'
[16:45:43] [Render thread/WARN]: Requested creation of existing team '09-EmirX_x-false'
[16:45:43] [Render thread/WARN]: Requested creation of existing team '09-echstazy-false'
[16:45:43] [Render thread/WARN]: Requested creation of existing team '09-HueyYT-false'
[16:45:43] [Render thread/WARN]: Requested creation of existing team '09-BENJIMOA-false'
[16:45:43] [Render thread/WARN]: Requested creation of existing team '09-arachnidYT-false'
[16:45:43] [Render thread/WARN]: Requested creation of existing team '09-Clutchhy-false'
[16:45:43] [Render thread/WARN]: Requested creation of existing team '09-Eddie_Empire-false'
[16:45:43] [Render thread/WARN]: Requested creation of existing team '09-AtomicalSky-false'
[16:45:43] [Render thread/WARN]: Requested creation of existing team '09-dramatizeds-false'
[16:45:43] [Render thread/WARN]: Requested creation of existing team '09-bobuxv3-false'
[16:45:43] [Render thread/WARN]: Requested creation of existing team '09-codysmile11-false'
[16:45:43] [Render thread/WARN]: Requested creation of existing team '09-DreamBoundd-false'
[16:45:43] [Render thread/WARN]: Requested creation of existing team '09-airwu-false'
[16:45:43] [Render thread/WARN]: Requested creation of existing team '09-06yyusuff-false'
[16:45:43] [Render thread/WARN]: Requested creation of existing team '09-Fire_Azure-false'
[16:45:43] [Render thread/WARN]: Requested creation of existing team '09-Dwomix-false'
[16:45:43] [Render thread/WARN]: Requested creation of existing team '09-0693k-false'
[16:45:43] [Render thread/WARN]: Requested creation of existing team '09-Arthurrrico-false'
[16:45:43] [Render thread/WARN]: Requested creation of existing team '09-fubol-false'
[16:45:43] [Render thread/WARN]: Requested creation of existing team '08-Napooo_-false'
[16:45:43] [Render thread/WARN]: Requested creation of existing team '09-AmethystCPVP-false'
[16:45:43] [Render thread/WARN]: Requested creation of existing team '09-AidansGamingYT-false'
[16:45:43] [Render thread/WARN]: Requested creation of existing team '09-_Abolo-false'
[16:45:43] [Render thread/WARN]: Requested creation of existing team '09-Chopsickle-false'
[16:45:43] [Render thread/WARN]: Requested creation of existing team '09-EtlotOff-false'
[16:45:43] [Render thread/WARN]: Requested creation of existing team '08-Splaterd-false'
[16:45:43] [Render thread/WARN]: Requested creation of existing team '09-BLUEGODISBACK-false'
[16:45:43] [Render thread/WARN]: Requested creation of existing team '09-6D3_-false'
[16:45:43] [Render thread/WARN]: Requested creation of existing team '09-Hatred101010-false'
[16:45:43] [Render thread/WARN]: Requested creation of existing team '09-FlewBTW-false'
[16:45:43] [Render thread/WARN]: Requested creation of existing team '09-blodsvaerd5-false'
[16:45:43] [Render thread/WARN]: Requested creation of existing team '09-FelixHave-false'
[16:45:43] [Render thread/WARN]: Requested creation of existing team '09-gezxov-false'
[16:45:43] [Render thread/WARN]: Requested creation of existing team '09-As1atic-false'
[16:45:43] [Render thread/WARN]: Requested creation of existing team '09-Gra_-false'
[16:45:43] [Render thread/WARN]: Requested creation of existing team '08-Frenk_Btw-false'
[16:45:43] [Render thread/WARN]: Requested creation of existing team '03-W1zoX_-false'
[16:45:43] [Render thread/WARN]: Requested creation of existing team '06-Munkerlich-false'
[16:45:43] [Render thread/WARN]: Requested creation of existing team '02-archivePedro-false'
[16:45:43] [Render thread/WARN]: Requested creation of existing team '09-HaitchL-false'
[16:45:43] [Render thread/WARN]: Requested creation of existing team '09-AlpBey3503-false'
[16:45:43] [Render thread/WARN]: Requested creation of existing team '09-GaminGG_host-false'
[16:45:43] [Render thread/WARN]: Requested creation of existing team '09-drvetlenut-false'
[16:45:44] [Render thread/INFO]: [voicechat] Clearing audio channels
[16:45:44] [Render thread/INFO]: Saving
[16:45:44] [Render thread/INFO]: Saved in 17 milliseconds.
[16:45:47] [Render thread/INFO]: [OpSec] Logging into account: Accurateishere
[16:45:47] [ForkJoinPool.commonPool-worker-5/WARN]: [OpSec] Token invalid/expired for Accurateishere: HTTP 401
[16:45:47] [ForkJoinPool.commonPool-worker-5/INFO]: [OpSec] Token invalid, attempting refresh...
[16:45:47] [ForkJoinPool.commonPool-worker-5/INFO]: [OpSec] Attempting to refresh token for Accurateishere (attempt 1)
[16:45:47] [ForkJoinPool.commonPool-worker-5/INFO]: [OpSec] Token refresh succeeded with client ID: 00000000402b5328
[16:45:48] [ForkJoinPool.commonPool-worker-5/INFO]: [OpSec] Successfully refreshed token for Accurateishere
[16:45:48] [ForkJoinPool.commonPool-worker-5/WARN]: [OpSec] Failed to validate token: HTTP 404
[16:45:48] [ForkJoinPool.commonPool-worker-5/ERROR]: [OpSec] Cannot login: token validation failed (ERROR)
[16:45:49] [Render thread/INFO]: [OpSec] Logging into account: Accurateishere
[16:45:49] [ForkJoinPool.commonPool-worker-5/WARN]: [OpSec] Failed to validate token: HTTP 404
[16:45:49] [ForkJoinPool.commonPool-worker-5/INFO]: [OpSec] Validation attempt 1 failed (ERROR), retrying in 3867ms...
[16:45:53] [ForkJoinPool.commonPool-worker-5/WARN]: [OpSec] Failed to validate token: HTTP 404
[16:45:53] [ForkJoinPool.commonPool-worker-5/INFO]: [OpSec] Validation attempt 2 failed (ERROR), retrying in 5700ms...
[16:45:54] [Render thread/INFO]: [OpSec] Logging into account: Celestial14
[16:45:54] [ForkJoinPool.commonPool-worker-6/WARN]: [OpSec] Token invalid/expired for Celestial14: HTTP 401
[16:45:54] [ForkJoinPool.commonPool-worker-6/INFO]: [OpSec] Token invalid, attempting refresh...
[16:45:54] [ForkJoinPool.commonPool-worker-6/INFO]: [OpSec] Attempting to refresh token for Celestial14 (attempt 1)
[16:45:54] [ForkJoinPool.commonPool-worker-6/INFO]: [OpSec] Token refresh succeeded with client ID: 00000000402b5328
[16:45:55] [ForkJoinPool.commonPool-worker-6/INFO]: [OpSec] Successfully refreshed token for Celestial14
[16:45:55] [ForkJoinPool.commonPool-worker-6/INFO]: [OpSec] Validated account: Celestial14 (ff3901b6-d137-4444-8dc7-a371f07fdb36)
[16:45:55] [ForkJoinPool.commonPool-worker-6/INFO]: Environment: Environment[sessionHost=https://sessionserver.mojang.com, servicesHost=https://api.minecraftservices.com, profilesHost=https://api.mojang.com, name=PROD]
[16:45:55] [ForkJoinPool.commonPool-worker-6/INFO]: [OpSec] Successfully logged in as: Celestial14
[16:45:55] [Render thread/INFO]: [OpSec] Logging into account: Accurateishere
[16:45:55] [ForkJoinPool.commonPool-worker-6/WARN]: [OpSec] Failed to validate token: HTTP 404
[16:45:55] [ForkJoinPool.commonPool-worker-6/INFO]: [OpSec] Validation attempt 1 failed (ERROR), retrying in 2000ms...
[16:45:57] [ForkJoinPool.commonPool-worker-6/WARN]: [OpSec] Failed to validate token: HTTP 404
[16:45:57] [ForkJoinPool.commonPool-worker-6/INFO]: [OpSec] Validation attempt 2 failed (ERROR), retrying in 4637ms...
[16:45:59] [ForkJoinPool.commonPool-worker-5/WARN]: [OpSec] Failed to validate token: HTTP 404
[16:45:59] [ForkJoinPool.commonPool-worker-5/ERROR]: [OpSec] Cannot login: token validation failed (ERROR)
[16:46:00] [Render thread/INFO]: [OpSec] Logging into account: Accurateishere
[16:46:00] [ForkJoinPool.commonPool-worker-5/WARN]: [OpSec] Failed to validate token: HTTP 404
[16:46:00] [ForkJoinPool.commonPool-worker-5/INFO]: [OpSec] Validation attempt 1 failed (ERROR), retrying in 3820ms...
[16:46:02] [ForkJoinPool.commonPool-worker-6/WARN]: [OpSec] Failed to validate token: HTTP 404
[16:46:02] [ForkJoinPool.commonPool-worker-6/ERROR]: [OpSec] Cannot login: token validation failed (ERROR)
[16:46:03] [Render thread/INFO]: [OpSec] Logging into account: TxmOG
[16:46:04] [ForkJoinPool.commonPool-worker-6/WARN]: [OpSec] Token invalid/expired for TxmOG: HTTP 401
[16:46:04] [ForkJoinPool.commonPool-worker-6/INFO]: [OpSec] Token invalid, attempting refresh...
[16:46:04] [ForkJoinPool.commonPool-worker-6/INFO]: [OpSec] Attempting to refresh token for TxmOG (attempt 1)
[16:46:04] [ForkJoinPool.commonPool-worker-5/WARN]: [OpSec] Failed to validate token: HTTP 404
[16:46:04] [ForkJoinPool.commonPool-worker-5/INFO]: [OpSec] Validation attempt 2 failed (ERROR), retrying in 4430ms...
[16:46:06] [ForkJoinPool.commonPool-worker-6/WARN]: [OpSec] Token refresh failed with all known client IDs
[16:46:06] [ForkJoinPool.commonPool-worker-6/INFO]: [OpSec] MS token refresh failed, retrying in 3245ms...
[16:46:08] [ForkJoinPool.commonPool-worker-5/WARN]: [OpSec] Failed to validate token: HTTP 404
[16:46:08] [ForkJoinPool.commonPool-worker-5/ERROR]: [OpSec] Cannot login: token validation failed (ERROR)
[16:46:09] [ForkJoinPool.commonPool-worker-6/INFO]: [OpSec] Attempting to refresh token for TxmOG (attempt 2)
[16:46:10] [Render thread/INFO]: Connecting to play.donutsmp.net, 25565
[16:46:11] [Render thread/INFO]: [voicechat] Sending secret request to the server
[16:46:11] [VoicechatSoundManagerThread/WARN]: [voicechat] Failed to open audio device 'OpenAL Soft on Speakers (PlayStation Link Adapter)', falling back to default
[16:46:11] [Render thread/INFO]: CustomSkyboxes command registered
[16:46:11] [Render thread/INFO]: Starting [2] Placement Manager Daemon threads
[16:46:11] [Render thread/INFO]: Loaded 64 advancements
[16:46:11] [ForkJoinPool.commonPool-worker-6/WARN]: [OpSec] Token refresh failed with all known client IDs
[16:46:11] [ForkJoinPool.commonPool-worker-6/INFO]: [OpSec] MS token refresh failed, retrying in 5703ms...
[16:46:17] [ForkJoinPool.commonPool-worker-6/INFO]: [OpSec] Attempting to refresh token for TxmOG (attempt 3)
[16:46:18] [Render thread/INFO]: [System] [CHAT] Accurateishere has $ 43.3K
[16:46:19] [ForkJoinPool.commonPool-worker-6/WARN]: [OpSec] Token refresh failed with all known client IDs
[16:46:19] [ForkJoinPool.commonPool-worker-6/ERROR]: [OpSec] Cannot login: token validation failed (INVALID)
[16:46:22] [ForkJoinPool.commonPool-worker-6/INFO]: [OpSec] Validated account: 01lvl (0feb9918-d342-4df5-a9d1-1b1d9d36f46e)
[16:46:22] [ForkJoinPool.commonPool-worker-6/INFO]: Environment: Environment[sessionHost=https://sessionserver.mojang.com, servicesHost=https://api.minecraftservices.com, profilesHost=https://api.mojang.com, name=PROD]
[16:46:22] [ForkJoinPool.commonPool-worker-6/INFO]: [OpSec] Successfully logged in as: 01lvl
[16:46:22] [ForkJoinPool.commonPool-worker-6/INFO]: [OpSec] Logged out to original account: 01lvl
[16:46:22] [Render thread/INFO]: [OpSec] Removed account: Celestial14 (ff3901b6-d137-4444-8dc7-a371f07fdb36)
[16:46:28] [Render thread/INFO]: [voicechat] Clearing audio channels
[16:46:28] [Render thread/INFO]: Saving
[16:46:28] [Render thread/INFO]: Saved in 15 milliseconds.
[16:46:28] [Render thread/INFO]: Connecting to play.donutsmp.net, 25565
[16:46:29] [Render thread/INFO]: [voicechat] Sending secret request to the server
[16:46:29] [VoicechatSoundManagerThread/WARN]: [voicechat] Failed to open audio device 'OpenAL Soft on Speakers (PlayStation Link Adapter)', falling back to default
[16:46:29] [Render thread/INFO]: CustomSkyboxes command registered
[16:46:29] [Render thread/INFO]: Starting [2] Placement Manager Daemon threads
[16:46:29] [Render thread/INFO]: Loaded 470 advancements
[16:46:29] [Render thread/INFO]: [voicechat] Received secret
[16:46:29] [Render thread/INFO]: [voicechat] Connecting to voice chat server: '172.65.200.198:55554'
[16:46:29] [VoiceChatAuthenticationThread/INFO]: [voicechat] Trying to authenticate voice chat connection
[16:46:29] [VoiceChatConnectionThread/INFO]: [voicechat] Server acknowledged authentication
[16:46:29] [VoiceChatConnectionThread/INFO]: [voicechat] Server acknowledged connection check
[16:46:29] [MicrophoneThread/WARN]: [voicechat] Failed to open microphone 'OpenAL Soft on Microphone (fifine Microphone)', falling back to default microphone
[16:46:30] [Worker-Main-9/WARN]: Profile contained invalid signature for textures property (profile id: 00000000-0000-0000-0009-01ffd43ba7d8)
[16:46:34] [Render thread/INFO]: [voicechat] Clearing audio channels
[16:46:34] [Render thread/INFO]: [voicechat] Stopping microphone thread
[16:46:34] [Render thread/INFO]: [voicechat] Disconnecting voicechat
[16:46:34] [Render thread/INFO]: Saving
[16:46:34] [Render thread/INFO]: Saved in 16 milliseconds.
[16:46:37] [Render thread/INFO]: [OpSec] Logging into account: Habibipapaki
[16:46:37] [ForkJoinPool.commonPool-worker-6/WARN]: [OpSec] Token invalid/expired for Habibipapaki: HTTP 401
[16:46:37] [ForkJoinPool.commonPool-worker-6/INFO]: [OpSec] Token invalid, attempting refresh...
[16:46:37] [ForkJoinPool.commonPool-worker-6/INFO]: [OpSec] Attempting to refresh token for Habibipapaki (attempt 1)
[16:46:38] [ForkJoinPool.commonPool-worker-6/INFO]: [OpSec] Token refresh succeeded with client ID: 00000000402b5328
[16:46:39] [Render thread/INFO]: Connecting to play.donutsmp.net, 25565
[16:46:39] [ForkJoinPool.commonPool-worker-6/INFO]: [OpSec] Successfully refreshed token for Habibipapaki
[16:46:39] [ForkJoinPool.commonPool-worker-6/INFO]: [OpSec] Validated account: Habibipapaki (74ce8198-6839-4713-be25-03176ddfcb98)
[16:46:39] [ForkJoinPool.commonPool-worker-6/INFO]: Environment: Environment[sessionHost=https://sessionserver.mojang.com, servicesHost=https://api.minecraftservices.com, profilesHost=https://api.mojang.com, name=PROD]
[16:46:39] [ForkJoinPool.commonPool-worker-6/INFO]: [OpSec] Successfully logged in as: Habibipapaki
[16:46:40] [Render thread/INFO]: [voicechat] Sending secret request to the server
[16:46:40] [VoicechatSoundManagerThread/WARN]: [voicechat] Failed to open audio device 'OpenAL Soft on Speakers (PlayStation Link Adapter)', falling back to default
[16:46:40] [Render thread/INFO]: CustomSkyboxes command registered
[16:46:40] [Render thread/INFO]: Starting [2] Placement Manager Daemon threads
[16:46:40] [Render thread/INFO]: Loaded 470 advancements
[16:46:40] [Render thread/INFO]: [voicechat] Received secret
[16:46:40] [Render thread/INFO]: [voicechat] Connecting to voice chat server: '172.65.200.198:55554'
[16:46:40] [VoiceChatAuthenticationThread/INFO]: [voicechat] Trying to authenticate voice chat connection
[16:46:40] [VoiceChatConnectionThread/INFO]: [voicechat] Server acknowledged authentication
[16:46:40] [VoiceChatConnectionThread/INFO]: [voicechat] Server acknowledged connection check
[16:46:40] [MicrophoneThread/WARN]: [voicechat] Failed to open microphone 'OpenAL Soft on Microphone (fifine Microphone)', falling back to default microphone
[16:46:42] [Render thread/INFO]: [voicechat] Clearing audio channels
[16:46:42] [Render thread/INFO]: [voicechat] Stopping microphone thread
[16:46:42] [Render thread/INFO]: [voicechat] Disconnecting voicechat
[16:46:42] [Render thread/INFO]: Saving
[16:46:42] [Render thread/INFO]: Saved in 14 milliseconds.
[16:46:44] [Render thread/INFO]: [OpSec] Logging into account: Accurateishere
[16:46:44] [ForkJoinPool.commonPool-worker-6/WARN]: [OpSec] Failed to validate token: HTTP 404
[16:46:44] [ForkJoinPool.commonPool-worker-6/INFO]: [OpSec] Validation attempt 1 failed (ERROR), retrying in 3380ms...
[16:46:45] [Render thread/INFO]: [OpSec] Logging into account: SimonKstar
[16:46:45] [ForkJoinPool.commonPool-worker-5/INFO]: [OpSec] Validated account: SimonKstar (7c3a3dc9-8aea-4988-88f6-c3db661b9238)
[16:46:45] [ForkJoinPool.commonPool-worker-5/INFO]: Environment: Environment[sessionHost=https://sessionserver.mojang.com, servicesHost=https://api.minecraftservices.com, profilesHost=https://api.mojang.com, name=PROD]
[16:46:45] [ForkJoinPool.commonPool-worker-5/INFO]: [OpSec] Successfully logged in as: SimonKstar
[16:46:46] [Render thread/INFO]: [OpSec] Logging into account: Accurateishere
[16:46:46] [ForkJoinPool.commonPool-worker-5/WARN]: [OpSec] Failed to validate token: HTTP 404
[16:46:46] [ForkJoinPool.commonPool-worker-5/INFO]: [OpSec] Validation attempt 1 failed (ERROR), retrying in 2060ms...
[16:46:47] [Render thread/INFO]: Connecting to play.donutsmp.net, 25565
[16:46:48] [ForkJoinPool.commonPool-worker-6/WARN]: [OpSec] Rate limited while validating token for Accurateishere (Retry-After: 0ms)
[16:46:48] [ForkJoinPool.commonPool-worker-6/INFO]: [OpSec] Validation attempt 2 failed (RATE_LIMITED), retrying in 12106ms...
[16:46:48] [ForkJoinPool.commonPool-worker-5/WARN]: [OpSec] Rate limited while validating token for Accurateishere (Retry-After: 0ms)
[16:46:48] [ForkJoinPool.commonPool-worker-5/INFO]: [OpSec] Validation attempt 2 failed (RATE_LIMITED), retrying in 10377ms...
[16:46:48] [Render thread/INFO]: [voicechat] Sending secret request to the server
[16:46:48] [VoicechatSoundManagerThread/WARN]: [voicechat] Failed to open audio device 'OpenAL Soft on Speakers (PlayStation Link Adapter)', falling back to default
[16:46:48] [Render thread/INFO]: CustomSkyboxes command registered
[16:46:48] [Render thread/INFO]: Starting [2] Placement Manager Daemon threads
[16:46:48] [Render thread/INFO]: Loaded 586 advancements
[16:46:49] [Render thread/INFO]: [voicechat] Clearing audio channels
[16:46:49] [Render thread/INFO]: Saving
[16:46:49] [Render thread/INFO]: Saved in 16 milliseconds.
[16:46:55] [Render thread/INFO]: Connecting to play.donutsmp.net, 25565
[16:46:56] [Render thread/INFO]: [voicechat] Sending secret request to the server
[16:46:56] [Render thread/INFO]: CustomSkyboxes command registered
[16:46:56] [VoicechatSoundManagerThread/WARN]: [voicechat] Failed to open audio device 'OpenAL Soft on Speakers (PlayStation Link Adapter)', falling back to default
[16:46:56] [Render thread/INFO]: Starting [2] Placement Manager Daemon threads
[16:46:56] [Render thread/INFO]: Loaded 586 advancements
[16:46:59] [ForkJoinPool.commonPool-worker-5/WARN]: [OpSec] Failed to validate token: HTTP 404
[16:46:59] [ForkJoinPool.commonPool-worker-5/ERROR]: [OpSec] Cannot login: token validation failed (ERROR)
[16:47:00] [ForkJoinPool.commonPool-worker-6/WARN]: [OpSec] Failed to validate token: HTTP 404
[16:47:00] [ForkJoinPool.commonPool-worker-6/ERROR]: [OpSec] Cannot login: token validation failed (ERROR)
[16:47:02] [Render thread/INFO]: [OpSec] Logging into account: Habibipapaki
[16:47:02] [ForkJoinPool.commonPool-worker-6/INFO]: [OpSec] Validated account: Habibipapaki (74ce8198-6839-4713-be25-03176ddfcb98)
[16:47:02] [ForkJoinPool.commonPool-worker-6/INFO]: Environment: Environment[sessionHost=https://sessionserver.mojang.com, servicesHost=https://api.minecraftservices.com, profilesHost=https://api.mojang.com, name=PROD]
[16:47:02] [ForkJoinPool.commonPool-worker-6/INFO]: [OpSec] Successfully logged in as: Habibipapaki
[16:47:07] [Render thread/INFO]: [voicechat] Clearing audio channels
[16:47:07] [Render thread/INFO]: Saving
[16:47:07] [Render thread/INFO]: Saved in 14 milliseconds.
[16:47:07] [Render thread/INFO]: Connecting to play.donutsmp.net, 25565
[16:47:08] [Render thread/INFO]: [voicechat] Sending secret request to the server
[16:47:08] [VoicechatSoundManagerThread/WARN]: [voicechat] Failed to open audio device 'OpenAL Soft on Speakers (PlayStation Link Adapter)', falling back to default
[16:47:08] [Render thread/INFO]: CustomSkyboxes command registered
[16:47:08] [Render thread/INFO]: Starting [2] Placement Manager Daemon threads
[16:47:08] [Render thread/INFO]: Loaded 332 advancements
[16:47:08] [Render thread/INFO]: [voicechat] Received secret
[16:47:08] [Render thread/INFO]: [voicechat] Connecting to voice chat server: '172.65.200.198:55554'
[16:47:08] [VoiceChatAuthenticationThread/INFO]: [voicechat] Trying to authenticate voice chat connection
[16:47:08] [VoiceChatConnectionThread/INFO]: [voicechat] Server acknowledged authentication
[16:47:08] [VoiceChatConnectionThread/INFO]: [voicechat] Server acknowledged connection check
[16:47:08] [MicrophoneThread/WARN]: [voicechat] Failed to open microphone 'OpenAL Soft on Microphone (fifine Microphone)', falling back to default microphone
[16:47:08] [Worker-Main-11/WARN]: Profile contained invalid signature for textures property (profile id: 00000000-0000-0000-0009-01ffd43ba7d8)
[16:47:09] [Render thread/WARN]: Requested creation of existing team '09-EitanFila-false'
[16:47:09] [Render thread/WARN]: Requested creation of existing team '09-FishnChipsTom-false'
[16:47:09] [Render thread/WARN]: Requested creation of existing team '08-u_vv-false'
[16:47:09] [Render thread/WARN]: Requested creation of existing team '09-.AmogusGaming690-false'
[16:47:09] [Render thread/WARN]: Requested creation of existing team '09-Bulldotjuh-false'
[16:47:09] [Render thread/WARN]: Requested creation of existing team '09-faiifzz-false'
[16:47:09] [Render thread/WARN]: Requested creation of existing team '07-LzouZMp5-false'
[16:47:09] [Render thread/WARN]: Requested creation of existing team '09-eli9472-false'
[16:47:09] [Render thread/WARN]: Requested creation of existing team '09-ibfel-false'
[16:47:09] [Render thread/WARN]: Requested creation of existing team '09-BrixelBuilds-false'
[16:47:09] [Render thread/WARN]: Requested creation of existing team '09-DefNotSmurf-false'
[16:47:09] [Render thread/WARN]: Requested creation of existing team '09-Gen0vw-false'
[16:47:09] [Render thread/WARN]: Requested creation of existing team '09-DaBigNinja-false'
[16:47:09] [Render thread/WARN]: Requested creation of existing team '09-DaBana-false'
[16:47:09] [Render thread/WARN]: Requested creation of existing team '09-Breezeley-false'
[16:47:09] [Render thread/WARN]: Requested creation of existing team '09-Doomed001-false'
[16:47:09] [Render thread/WARN]: Requested creation of existing team '09-artuur11-false'
[16:47:09] [Render thread/WARN]: Requested creation of existing team '08-BobIsFound-false'
[16:47:09] [Render thread/WARN]: Requested creation of existing team '09-ErrorStrikezz-false'
[16:47:09] [Render thread/WARN]: Requested creation of existing team '09-_Gaara_-false'
[16:47:09] [Render thread/WARN]: Requested creation of existing team '09-blazeTNT-false'
[16:47:09] [Render thread/WARN]: Requested creation of existing team '09-0vyy-false'
[16:47:09] [Render thread/WARN]: Requested creation of existing team '09-Dorzeey-false'
[16:47:09] [Render thread/WARN]: Requested creation of existing team '09-barba354-false'
[16:47:09] [Render thread/WARN]: Requested creation of existing team '09-67aud-false'
[16:47:09] [Render thread/WARN]: Requested creation of existing team '09-GhostPulse_-false'
[16:47:09] [Render thread/WARN]: Requested creation of existing team '09-Bluqo1-false'
[16:47:09] [Render thread/WARN]: Requested creation of existing team '09-greedzox-false'
[16:47:09] [Render thread/WARN]: Requested creation of existing team '09-formalmist-false'
[16:47:09] [Render thread/WARN]: Requested creation of existing team '09-Cartercombo-false'
[16:47:09] [Render thread/WARN]: Requested creation of existing team '09-AmIFocused-false'
[16:47:09] [Render thread/WARN]: Requested creation of existing team '09-fr_rn-false'
[16:47:09] [Render thread/WARN]: Requested creation of existing team '09-ASPECT_TTV2-false'
[16:47:09] [Render thread/WARN]: Requested creation of existing team '09-cr7en-false'
[16:47:09] [Render thread/WARN]: Requested creation of existing team '09-Grave9186-false'
[16:47:09] [Render thread/WARN]: Requested creation of existing team '09-CoffeRush-false'
[16:47:09] [Render thread/WARN]: Requested creation of existing team '09-BambyCZ-false'
[16:47:09] [Render thread/WARN]: Requested creation of existing team '09-AimbotIsCheating-false'
[16:47:09] [Render thread/WARN]: Requested creation of existing team '09-Green_ash00-false'
[16:47:09] [Render thread/WARN]: Requested creation of existing team '09-demo16-false'
[16:47:09] [Render thread/WARN]: Requested creation of existing team '09-EmirX_x-false'
[16:47:09] [Render thread/WARN]: Requested creation of existing team '09-echstazy-false'
[16:47:09] [Render thread/WARN]: Requested creation of existing team '09-HueyYT-false'
[16:47:09] [Render thread/WARN]: Requested creation of existing team '09-BENJIMOA-false'
[16:47:09] [Render thread/WARN]: Requested creation of existing team '09-arachnidYT-false'
[16:47:09] [Render thread/WARN]: Requested creation of existing team '09-fluxy_ttv-false'
[16:47:09] [Render thread/WARN]: Requested creation of existing team '09-Clutchhy-false'
[16:47:09] [Render thread/WARN]: Requested creation of existing team '09-Eddie_Empire-false'
[16:47:09] [Render thread/WARN]: Requested creation of existing team '09-AtomicalSky-false'
[16:47:09] [Render thread/WARN]: Requested creation of existing team '09-GodsSparkyX-false'
[16:47:09] [Render thread/WARN]: Requested creation of existing team '09-dramatizeds-false'
[16:47:09] [Render thread/WARN]: Requested creation of existing team '09-bobuxv3-false'
[16:47:09] [Render thread/WARN]: Requested creation of existing team '09-GhostDogMC-false'
[16:47:09] [Render thread/WARN]: Requested creation of existing team '09-codysmile11-false'
[16:47:09] [Render thread/WARN]: Requested creation of existing team '09-airwu-false'
[16:47:09] [Render thread/WARN]: Requested creation of existing team '09-06yyusuff-false'
[16:47:09] [Render thread/WARN]: Requested creation of existing team '09-Fire_Azure-false'
[16:47:09] [Render thread/WARN]: Requested creation of existing team '09-Dwomix-false'
[16:47:09] [Render thread/WARN]: Requested creation of existing team '09-0693k-false'
[16:47:09] [Render thread/WARN]: Requested creation of existing team '09-Arthurrrico-false'
[16:47:09] [Render thread/WARN]: Requested creation of existing team '09-fubol-false'
[16:47:09] [Render thread/WARN]: Requested creation of existing team '08-Napooo_-false'
[16:47:09] [Render thread/WARN]: Requested creation of existing team '09-AmethystCPVP-false'
[16:47:09] [Render thread/WARN]: Requested creation of existing team '09-AidansGamingYT-false'
[16:47:09] [Render thread/WARN]: Requested creation of existing team '09-_Abolo-false'
[16:47:09] [Render thread/WARN]: Requested creation of existing team '09-Chopsickle-false'
[16:47:09] [Render thread/WARN]: Requested creation of existing team '09-EtlotOff-false'
[16:47:09] [Render thread/WARN]: Requested creation of existing team '08-Splaterd-false'
[16:47:09] [Render thread/WARN]: Requested creation of existing team '09-BLUEGODISBACK-false'
[16:47:09] [Render thread/WARN]: Requested creation of existing team '09-6D3_-false'
[16:47:09] [Render thread/WARN]: Requested creation of existing team '09-Hatred101010-false'
[16:47:09] [Render thread/WARN]: Requested creation of existing team '09-FlewBTW-false'
[16:47:09] [Render thread/WARN]: Requested creation of existing team '09-blodsvaerd5-false'
[16:47:09] [Render thread/WARN]: Requested creation of existing team '09-FelixHave-false'
[16:47:09] [Render thread/WARN]: Requested creation of existing team '09-gezxov-false'
[16:47:09] [Render thread/WARN]: Requested creation of existing team '09-As1atic-false'
[16:47:09] [Render thread/WARN]: Requested creation of existing team '09-Gra_-false'
[16:47:09] [Render thread/WARN]: Requested creation of existing team '08-Frenk_Btw-false'
[16:47:09] [Render thread/WARN]: Requested creation of existing team '03-W1zoX_-false'
[16:47:09] [Render thread/WARN]: Requested creation of existing team '06-Munkerlich-false'
[16:47:09] [Render thread/WARN]: Requested creation of existing team '02-archivePedro-false'
[16:47:09] [Render thread/WARN]: Requested creation of existing team '09-HaitchL-false'
[16:47:09] [Render thread/WARN]: Requested creation of existing team '09-AlpBey3503-false'
[16:47:09] [Render thread/WARN]: Requested creation of existing team '09-GaminGG_host-false'
[16:47:09] [Render thread/WARN]: Requested creation of existing team '09-drvetlenut-false'
[16:47:13] [Render thread/INFO]: Loaded 333 advancements
[16:47:17] [Render thread/INFO]: [System] [CHAT] $ 40.9K
[16:49:18] [Render thread/INFO]: [voicechat] Clearing audio channels
[16:49:18] [Render thread/INFO]: [voicechat] Stopping microphone thread
[16:49:18] [Render thread/INFO]: [voicechat] Disconnecting voicechat
[16:49:18] [Render thread/INFO]: Saving
[16:49:18] [Render thread/INFO]: Saved in 14 milliseconds.
[16:49:19] [Render thread/INFO]: Connecting to mcpvp.club, 25565
[16:49:20] [Render thread/WARN]: Client disconnected with reason: 
You are banned for 1 hour, 35 minutes from this server!

Reason: Disallowed Modifications
Date: 2026-09-07

Appeal: http://discord.mcpvp.club
[16:49:21] [Render thread/INFO]: Connecting to mcpvp.club, 25565
[16:49:22] [Render thread/WARN]: Client disconnected with reason: 
You are banned for 1 hour, 35 minutes from this server!

Reason: Disallowed Modifications
Date: 2026-09-07

Appeal: http://discord.mcpvp.club
[16:49:23] [Render thread/INFO]: [OpSec] Logging into account: BobbyOMG
[16:49:24] [ForkJoinPool.commonPool-worker-7/WARN]: [OpSec] Token invalid/expired for BobbyOMG: HTTP 401
[16:49:24] [ForkJoinPool.commonPool-worker-7/ERROR]: [OpSec] Cannot login: token validation failed (INVALID)
[16:49:24] [Render thread/INFO]: [OpSec] Logging into account: Accurateishere
[16:49:24] [ForkJoinPool.commonPool-worker-7/WARN]: [OpSec] Failed to validate token: HTTP 404
[16:49:24] [ForkJoinPool.commonPool-worker-7/INFO]: [OpSec] Validation attempt 1 failed (ERROR), retrying in 3194ms...
[16:49:25] [Render thread/INFO]: [OpSec] Logging into account: SimonKstar
[16:49:25] [ForkJoinPool.commonPool-worker-8/INFO]: [OpSec] Validated account: SimonKstar (7c3a3dc9-8aea-4988-88f6-c3db661b9238)
[16:49:25] [ForkJoinPool.commonPool-worker-8/INFO]: Environment: Environment[sessionHost=https://sessionserver.mojang.com, servicesHost=https://api.minecraftservices.com, profilesHost=https://api.mojang.com, name=PROD]
[16:49:25] [ForkJoinPool.commonPool-worker-8/INFO]: [OpSec] Successfully logged in as: SimonKstar
[16:49:26] [Render thread/INFO]: Connecting to mcpvp.club, 25565
[16:49:27] [Render thread/WARN]: Client disconnected with reason: 
You are banned for 71 days, 1 hour, 54 minutes from this server!

Reason: Disallowed Modifications
Date: 2026-09-18

Appeal: http://discord.mcpvp.club
[16:49:28] [ForkJoinPool.commonPool-worker-7/WARN]: [OpSec] Failed to validate token: HTTP 404
[16:49:28] [ForkJoinPool.commonPool-worker-7/INFO]: [OpSec] Validation attempt 2 failed (ERROR), retrying in 5865ms...
[16:49:29] [Render thread/INFO]: [OpSec] Logging into account: Habibipapaki
[16:49:29] [ForkJoinPool.commonPool-worker-8/INFO]: [OpSec] Validated account: Habibipapaki (74ce8198-6839-4713-be25-03176ddfcb98)
[16:49:29] [ForkJoinPool.commonPool-worker-8/INFO]: Environment: Environment[sessionHost=https://sessionserver.mojang.com, servicesHost=https://api.minecraftservices.com, profilesHost=https://api.mojang.com, name=PROD]
[16:49:29] [ForkJoinPool.commonPool-worker-8/INFO]: [OpSec] Successfully logged in as: Habibipapaki
[16:49:31] [Render thread/INFO]: [OpSec] Logging out of account: Habibipapaki
[16:49:31] [ForkJoinPool.commonPool-worker-8/INFO]: [OpSec] Validated account: 01lvl (0feb9918-d342-4df5-a9d1-1b1d9d36f46e)
[16:49:31] [ForkJoinPool.commonPool-worker-8/INFO]: Environment: Environment[sessionHost=https://sessionserver.mojang.com, servicesHost=https://api.minecraftservices.com, profilesHost=https://api.mojang.com, name=PROD]
[16:49:31] [ForkJoinPool.commonPool-worker-8/INFO]: [OpSec] Successfully logged in as: 01lvl
[16:49:31] [ForkJoinPool.commonPool-worker-8/INFO]: [OpSec] Logged out to original account: 01lvl
[16:49:32] [Render thread/INFO]: Connecting to mcpvp.club, 25565
[16:49:34] [Render thread/INFO]: Connecting to mcpvp.club, 25565
[16:49:34] [ForkJoinPool.commonPool-worker-7/WARN]: [OpSec] Failed to validate token: HTTP 404
[16:49:34] [ForkJoinPool.commonPool-worker-7/ERROR]: [OpSec] Cannot login: token validation failed (ERROR)
[16:49:34] [Render thread/INFO]: [OpSec] Logging into account: Accurateishere
[16:49:35] [ForkJoinPool.commonPool-worker-7/WARN]: [OpSec] Failed to validate token: HTTP 404
[16:49:35] [ForkJoinPool.commonPool-worker-7/INFO]: [OpSec] Validation attempt 1 failed (ERROR), retrying in 2324ms...
[16:49:35] [Render thread/INFO]: Connecting to mcpvp.club, 25565
[16:49:36] [Render thread/WARN]: Client disconnected with reason: 
You are banned for 13 days, 22 hours, 36 minutes from this server!

Reason: Disallowed Modifications
Date: 2026-07-23

Appeal: http://discord.mcpvp.club
[16:49:37] [ForkJoinPool.commonPool-worker-7/WARN]: [OpSec] Failed to validate token: HTTP 404
[16:49:37] [ForkJoinPool.commonPool-worker-7/INFO]: [OpSec] Validation attempt 2 failed (ERROR), retrying in 5979ms...
[16:49:43] [ForkJoinPool.commonPool-worker-7/WARN]: [OpSec] Failed to validate token: HTTP 404
[16:49:43] [ForkJoinPool.commonPool-worker-7/ERROR]: [OpSec] Cannot login: token validation failed (ERROR)
[16:49:49] [OpSec-Import-Thread/INFO]: [OpSec] Imported 3 accounts
[16:49:49] [Render thread/INFO]: [OpSec] Imported 3 accounts from too many accs.json
[16:49:50] [Render thread/INFO]: [OpSec] Logging into account: chill2k7839
[16:49:50] [ForkJoinPool.commonPool-worker-7/ERROR]: [OpSec] Cannot login: missing token
[16:49:51] [Render thread/INFO]: [OpSec] Logging into account: Celestial14
[16:49:51] [ForkJoinPool.commonPool-worker-7/WARN]: [OpSec] Token invalid/expired for Celestial14: HTTP 401
[16:49:51] [ForkJoinPool.commonPool-worker-7/INFO]: [OpSec] Token invalid, attempting refresh...
[16:49:51] [ForkJoinPool.commonPool-worker-7/INFO]: [OpSec] Attempting to refresh token for Celestial14 (attempt 1)
[16:49:52] [ForkJoinPool.commonPool-worker-7/INFO]: [OpSec] Token refresh succeeded with client ID: 00000000402b5328
[16:49:52] [Render thread/INFO]: [OpSec] Logging into account: chill2k7839
[16:49:52] [ForkJoinPool.commonPool-worker-8/ERROR]: [OpSec] Cannot login: missing token
[16:49:52] [ForkJoinPool.commonPool-worker-7/INFO]: [OpSec] Successfully refreshed token for Celestial14
[16:49:53] [ForkJoinPool.commonPool-worker-7/INFO]: [OpSec] Validated account: Celestial14 (ff3901b6-d137-4444-8dc7-a371f07fdb36)
[16:49:53] [ForkJoinPool.commonPool-worker-7/INFO]: Environment: Environment[sessionHost=https://sessionserver.mojang.com, servicesHost=https://api.minecraftservices.com, profilesHost=https://api.mojang.com, name=PROD]
[16:49:53] [ForkJoinPool.commonPool-worker-7/INFO]: [OpSec] Successfully logged in as: Celestial14
[16:49:53] [Render thread/INFO]: [OpSec] Removed account: chill2k7839 (5c1bbdec-960d-40cb-ae57-bd9aa2ce73d9)
[16:49:53] [Render thread/INFO]: [OpSec] Logging into account: Chrizlo
[16:49:54] [ForkJoinPool.commonPool-worker-7/WARN]: [OpSec] Token invalid/expired for Chrizlo: HTTP 401
[16:49:54] [ForkJoinPool.commonPool-worker-7/ERROR]: [OpSec] Cannot login: token validation failed (INVALID)
[16:49:56] [OpSec-Import-Thread/INFO]: [OpSec] Imported 1 accounts
[16:49:56] [Render thread/INFO]: [OpSec] Imported 1 accounts from too many accs.json
[16:49:57] [Render thread/INFO]: [OpSec] Logging into account: chill2k7839
[16:49:57] [ForkJoinPool.commonPool-worker-7/ERROR]: [OpSec] Cannot login: missing token
[16:50:02] [OpSec-Export-Thread/INFO]: [OpSec] Exported accounts to C:\Users\cadwa\Downloads\opsec-accounts-export.json
[16:56:38] [Render thread/INFO]: [OpSec] Removed account: BobbyOMG (b687425c-f645-41b8-af7d-cd8c1ce4ead5)
[16:56:38] [Render thread/INFO]: [OpSec] Removed account: Chrizlo (322d3dfb-572e-47cf-8cc5-07690d591407)
[16:56:39] [Render thread/INFO]: [OpSec] Removed account: TxmOG (0ccddb7c-05f1-4fae-9ac1-9e1685d3d6b0)
[16:56:39] [Render thread/INFO]: [OpSec] Logging into account: Habibipapaki
[16:56:40] [ForkJoinPool.commonPool-worker-10/INFO]: [OpSec] Validated account: Habibipapaki (74ce8198-6839-4713-be25-03176ddfcb98)
[16:56:40] [ForkJoinPool.commonPool-worker-10/INFO]: Environment: Environment[sessionHost=https://sessionserver.mojang.com, servicesHost=https://api.minecraftservices.com, profilesHost=https://api.mojang.com, name=PROD]
[16:56:40] [ForkJoinPool.commonPool-worker-10/INFO]: [OpSec] Successfully logged in as: Habibipapaki
[16:56:40] [Render thread/INFO]: [OpSec] Logging into account: SimonKstar
[16:56:41] [ForkJoinPool.commonPool-worker-10/INFO]: [OpSec] Validated account: SimonKstar (7c3a3dc9-8aea-4988-88f6-c3db661b9238)
[16:56:41] [ForkJoinPool.commonPool-worker-10/INFO]: Environment: Environment[sessionHost=https://sessionserver.mojang.com, servicesHost=https://api.minecraftservices.com, profilesHost=https://api.mojang.com, name=PROD]
[16:56:41] [ForkJoinPool.commonPool-worker-10/INFO]: [OpSec] Successfully logged in as: SimonKstar
[16:56:41] [Render thread/INFO]: [OpSec] Logging into account: Accurateishere
[16:56:41] [ForkJoinPool.commonPool-worker-10/WARN]: [OpSec] Failed to validate token: HTTP 404
[16:56:41] [ForkJoinPool.commonPool-worker-10/INFO]: [OpSec] Validation attempt 1 failed (ERROR), retrying in 2117ms...
[16:56:43] [Render thread/INFO]: [OpSec] Logging into account: Celestial14
[16:56:43] [ForkJoinPool.commonPool-worker-11/INFO]: [OpSec] Validated account: Celestial14 (ff3901b6-d137-4444-8dc7-a371f07fdb36)
[16:56:43] [ForkJoinPool.commonPool-worker-11/INFO]: Environment: Environment[sessionHost=https://sessionserver.mojang.com, servicesHost=https://api.minecraftservices.com, profilesHost=https://api.mojang.com, name=PROD]
[16:56:43] [ForkJoinPool.commonPool-worker-11/INFO]: [OpSec] Successfully logged in as: Celestial14
[16:56:43] [ForkJoinPool.commonPool-worker-10/WARN]: [OpSec] Failed to validate token: HTTP 404
[16:56:43] [ForkJoinPool.commonPool-worker-10/INFO]: [OpSec] Validation attempt 2 failed (ERROR), retrying in 5776ms...
[16:56:43] [Render thread/INFO]: [OpSec] Removed account: Accurateishere (2dc4b49c-da9f-4780-b160-59eb655e54b8)
[16:56:44] [Render thread/INFO]: [OpSec] Logging into account: chill2k7839
[16:56:44] [ForkJoinPool.commonPool-worker-11/ERROR]: [OpSec] Cannot login: missing token
[16:56:45] [Render thread/INFO]: [OpSec] Removed account: chill2k7839 (5c1bbdec-960d-40cb-ae57-bd9aa2ce73d9)
[16:56:49] [ForkJoinPool.commonPool-worker-10/WARN]: [OpSec] Failed to validate token: HTTP 404
[16:56:49] [ForkJoinPool.commonPool-worker-10/ERROR]: [OpSec] Cannot login: token validation failed (ERROR)
[17:01:54] [Render thread/INFO]: [OpSec] Logging out of account: Celestial14
[17:01:54] [ForkJoinPool.commonPool-worker-13/INFO]: [OpSec] Validated account: 01lvl (0feb9918-d342-4df5-a9d1-1b1d9d36f46e)
[17:01:54] [ForkJoinPool.commonPool-worker-13/INFO]: Environment: Environment[sessionHost=https://sessionserver.mojang.com, servicesHost=https://api.minecraftservices.com, profilesHost=https://api.mojang.com, name=PROD]
[17:01:54] [ForkJoinPool.commonPool-worker-13/INFO]: [OpSec] Successfully logged in as: 01lvl
[17:01:54] [ForkJoinPool.commonPool-worker-13/INFO]: [OpSec] Logged out to original account: 01lvl
[17:02:36] [Render thread/INFO]: [OpSec] Logging into account: Habibipapaki
[17:02:36] [ForkJoinPool.commonPool-worker-13/INFO]: [OpSec] Validated account: Habibipapaki (74ce8198-6839-4713-be25-03176ddfcb98)
[17:02:36] [ForkJoinPool.commonPool-worker-13/INFO]: Environment: Environment[sessionHost=https://sessionserver.mojang.com, servicesHost=https://api.minecraftservices.com, profilesHost=https://api.mojang.com, name=PROD]
[17:02:36] [ForkJoinPool.commonPool-worker-13/INFO]: [OpSec] Successfully logged in as: Habibipapaki
[17:02:38] [Render thread/INFO]: Connecting to mcpvp.club, 25565
[17:02:38] [Render thread/WARN]: Client disconnected with reason: 
You are banned for 1 hour, 22 minutes from this server!

Reason: Disallowed Modifications
Date: 2026-09-07

Appeal: http://discord.mcpvp.club
[17:02:48] [Render thread/INFO]: [OpSec] Logging into account: SimonKstar
[17:02:48] [ForkJoinPool.commonPool-worker-13/INFO]: [OpSec] Validated account: SimonKstar (7c3a3dc9-8aea-4988-88f6-c3db661b9238)
[17:02:48] [ForkJoinPool.commonPool-worker-13/INFO]: Environment: Environment[sessionHost=https://sessionserver.mojang.com, servicesHost=https://api.minecraftservices.com, profilesHost=https://api.mojang.com, name=PROD]
[17:02:48] [ForkJoinPool.commonPool-worker-13/INFO]: [OpSec] Successfully logged in as: SimonKstar
[17:02:50] [Render thread/INFO]: Connecting to mcpvp.club, 25565
[17:02:51] [Render thread/WARN]: Client disconnected with reason: 
You are banned for 71 days, 1 hour, 40 minutes from this server!

Reason: Disallowed Modifications
Date: 2026-09-18

Appeal: http://discord.mcpvp.club
[17:02:54] [Render thread/INFO]: [OpSec] Logging out of account: SimonKstar
[17:02:54] [ForkJoinPool.commonPool-worker-13/INFO]: [OpSec] Validated account: 01lvl (0feb9918-d342-4df5-a9d1-1b1d9d36f46e)
[17:02:54] [ForkJoinPool.commonPool-worker-13/INFO]: Environment: Environment[sessionHost=https://sessionserver.mojang.com, servicesHost=https://api.minecraftservices.com, profilesHost=https://api.mojang.com, name=PROD]
[17:02:54] [ForkJoinPool.commonPool-worker-13/INFO]: [OpSec] Successfully logged in as: 01lvl
[17:02:54] [ForkJoinPool.commonPool-worker-13/INFO]: [OpSec] Logged out to original account: 01lvl
[17:03:56] [OpSec-Account-Refresh/INFO]: [OpSec] Validated account: Habibipapaki (74ce8198-6839-4713-be25-03176ddfcb98)
[17:03:56] [Render thread/INFO]: [OpSec] Logging into account: Celestial14
[17:03:56] [ForkJoinPool.commonPool-worker-14/INFO]: [OpSec] Validated account: Celestial14 (ff3901b6-d137-4444-8dc7-a371f07fdb36)
[17:03:56] [ForkJoinPool.commonPool-worker-14/INFO]: Environment: Environment[sessionHost=https://sessionserver.mojang.com, servicesHost=https://api.minecraftservices.com, profilesHost=https://api.mojang.com, name=PROD]
[17:03:56] [ForkJoinPool.commonPool-worker-14/INFO]: [OpSec] Successfully logged in as: Celestial14
[17:03:58] [OpSec-Account-Refresh/INFO]: [OpSec] Validated account: SimonKstar (7c3a3dc9-8aea-4988-88f6-c3db661b9238)
[17:03:58] [Render thread/INFO]: Connecting to mcpvp.club, 25565
[17:03:59] [Render thread/WARN]: Client disconnected with reason: 
You are banned for 85 days, 2 hours, 55 minutes from this server!

Reason: Disallowed Modifications
Date: 2026-10-02

Appeal: http://discord.mcpvp.club
[17:03:59] [OpSec-Account-Refresh/INFO]: [OpSec] Validated account: Celestial14 (ff3901b6-d137-4444-8dc7-a371f07fdb36)
[17:03:59] [OpSec-Account-Refresh/INFO]: [OpSec] Refreshed accounts: 3 valid, 0 invalid
[17:04:01] [Render thread/INFO]: Connecting to mcpvp.club, 25565
[17:04:02] [Render thread/WARN]: Client disconnected with reason: 
You are banned for 85 days, 2 hours, 55 minutes from this server!

Reason: Disallowed Modifications
Date: 2026-10-02

Appeal: http://discord.mcpvp.club
[17:04:04] [Render thread/INFO]: [OpSec] Logging out of account: Celestial14
[17:04:04] [ForkJoinPool.commonPool-worker-14/INFO]: [OpSec] Validated account: 01lvl (0feb9918-d342-4df5-a9d1-1b1d9d36f46e)
[17:04:04] [ForkJoinPool.commonPool-worker-14/INFO]: Environment: Environment[sessionHost=https://sessionserver.mojang.com, servicesHost=https://api.minecraftservices.com, profilesHost=https://api.mojang.com, name=PROD]
[17:04:04] [ForkJoinPool.commonPool-worker-14/INFO]: [OpSec] Successfully logged in as: 01lvl
[17:04:04] [ForkJoinPool.commonPool-worker-14/INFO]: [OpSec] Logged out to original account: 01lvl
[17:10:22] [Render thread/INFO]: Connecting to play.colorgens.com, 25565
[17:10:22] [Download-51/WARN]: Existing file C:\Users\cadwa\AppData\Roaming\ModrinthApp\profiles\Fabric 1.21.11 (1)\downloads\0feb9918-d342-4df5-a9d1-1b1d9d36f46e\e32725de-84cb-3105-ad70-b8f75bdebd76\7d16db17025dc3ae71698a51eb777174ece360e5 not found or had mismatched hash
[17:10:22] [Render thread/INFO]: [voicechat] Sending secret request to the server
[17:10:22] [VoicechatSoundManagerThread/WARN]: [voicechat] Failed to open audio device 'OpenAL Soft on Speakers (PlayStation Link Adapter)', falling back to default
[17:10:22] [Render thread/INFO]: CustomSkyboxes command registered
[17:10:22] [Render thread/INFO]: Starting [2] Placement Manager Daemon threads
[17:10:22] [Render thread/INFO]: [System] [CHAT] 
[17:10:22] [Render thread/INFO]: [System] [CHAT] COLORGENS
[17:10:22] [Render thread/INFO]: [System] [CHAT] 
[17:10:22] [Render thread/INFO]: [System] [CHAT] Welcome, 01lvl!
[17:10:22] [Render thread/INFO]: [System] [CHAT] Vote with /vote, browse the /shop and talk to us in /discord.
[17:10:22] [Render thread/INFO]: [System] [CHAT] 
[17:10:22] [Render thread/INFO]: [System] [CHAT] store.colorgens.com
[17:10:22] [Render thread/INFO]: [System] [CHAT] 
[17:10:22] [Render thread/WARN]: Ignoring player info update for unknown player 0feb9918-d342-4df5-a9d1-1b1d9d36f46e ([UPDATE_DISPLAY_NAME])
[17:10:23] [Render thread/INFO]: Loaded 2 advancements
[17:10:23] [Render thread/INFO]: [voicechat] Received secret
[17:10:23] [Render thread/INFO]: [voicechat] Connecting to voice chat server: '68.169.100.197:24454'
[17:10:23] [VoiceChatAuthenticationThread/INFO]: [voicechat] Trying to authenticate voice chat connection
[17:10:23] [Render thread/INFO]: Found non-pack entry 'C:\Users\cadwa\AppData\Roaming\ModrinthApp\profiles\Fabric 1.21.11 (1)\resourcepacks\Better Shield Sounds 1.3.zip.disabled', ignoring
[17:10:23] [Render thread/ERROR]: Couldn't load file/BrandNEWGlowingOres.zip pack metadata: Pack declares support for version newer than 64, but is missing mandatory fields min_format and max_format
[17:10:23] [Render thread/ERROR]: Couldn't load file/Donut Pack.zip pack metadata: Pack declares support for version newer than 64, but is missing mandatory fields min_format and max_format
[17:10:23] [Render thread/ERROR]: Couldn't load file/Miku Totem.zip pack metadata: Pack declares support for version newer than 64, but is missing mandatory fields min_format and max_format
[17:10:23] [Render thread/ERROR]: Couldn't load file/Miku-1.17-26.3-Totem.zip pack metadata: Pack declares support for version newer than 64, but is missing mandatory fields min_format and max_format
[17:10:23] [Render thread/ERROR]: Couldn't load file/Miku_Pack_1.0.1.zip pack metadata: Pack declares support for version newer than 64, but is missing mandatory fields min_format and max_format
[17:10:23] [Render thread/ERROR]: Couldn't load creativecore pack metadata: Pack declares support for format 50, but game versions supporting formats 17 to 64 require a supported_formats field. Add "supported_formats": [50, 64] or require a version greater or equal to 65.0.
[17:10:23] [Render thread/INFO]: Reloading ResourceManager: vanilla, componentviewer, conditional-mixin, creativecore, customskyboxes, exploitpreventer, fabric-api, fabric-api-base, fabric-api-lookup-api-v1, fabric-biome-api-v1, fabric-block-api-v1, fabric-block-view-api-v2, fabric-command-api-v2, fabric-content-registries-v0, fabric-convention-tags-v1, fabric-convention-tags-v2, fabric-crash-report-info-v1, fabric-data-attachment-api-v1, fabric-data-generation-api-v1, fabric-dimensions-v1, fabric-entity-events-v1, fabric-events-interaction-v0, fabric-game-rule-api-v1, fabric-item-api-v1, fabric-item-group-api-v1, fabric-key-binding-api-v1, fabric-lifecycle-events-v1, fabric-loot-api-v2, fabric-loot-api-v3, fabric-message-api-v1, fabric-model-loading-api-v1, fabric-networking-api-v1, fabric-object-builder-api-v1, fabric-particles-v1, fabric-recipe-api-v1, fabric-registry-sync-v0, fabric-renderer-api-v1, fabric-renderer-indigo, fabric-rendering-fluids-v1, fabric-rendering-v1, fabric-resource-conditions-api-v1, fabric-resource-loader-v0, fabric-resource-loader-v1, fabric-screen-api-v1, fabric-screen-handler-api-v1, fabric-serialization-api-v1, fabric-sound-api-v1, fabric-tag-api-v1, fabric-transfer-api-v1, fabric-transitive-access-wideners-v1, fabricloader, fakeclient, gamblerplus, glazed, litematica, malilib, maptooltip, meteor-client, modernmaptooltip, modmenu, nochatrestrictions, opsec, placeholder-api, relogclient, show_my_maps, skyboxify, voicechat, yet_another_config_lib_v3, file/Blue Netherite[1.2.1].zip, file/BlueEnchantmentGlint.zip, file/Blue Diamond Tools 1.4.zip, file/Fullbright-UB-1.21 fub-6.0.zip, file/CPVP Aesthetic.zip, server/00000000/e32725de-84cb-3105-ad70-b8f75bdebd76
[17:10:23] [Render thread/ERROR]: Invalid path in mod resource-pack gamblerplus: gamblerplus:font/LICENSE-nerd-font.txt, ignoring
[17:10:23] [Render thread/WARN]: Invalid path in datapack: minecraft:textures/gui/title/background/old low res/panorama_0.png, ignoring
[17:10:23] [Render thread/WARN]: Invalid path in datapack: minecraft:textures/gui/title/background/old low res/panorama_1.png, ignoring
[17:10:23] [Render thread/WARN]: Invalid path in datapack: minecraft:textures/gui/title/background/old low res/panorama_2.png, ignoring
[17:10:23] [Render thread/WARN]: Invalid path in datapack: minecraft:textures/gui/title/background/old low res/panorama_3.png, ignoring
[17:10:23] [Render thread/WARN]: Invalid path in datapack: minecraft:textures/gui/title/background/old low res/panorama_4.png, ignoring
[17:10:23] [Render thread/WARN]: Invalid path in datapack: minecraft:textures/gui/title/background/old low res/panorama_5.png, ignoring
[17:10:23] [Worker-Main-33/WARN]: Invalid path in datapack: minecraft:sounds/PresenceFootsteps/blocks/step/bamboo/squeakywood_walk1.ogg, ignoring
[17:10:23] [Worker-Main-33/WARN]: Invalid path in datapack: minecraft:sounds/PresenceFootsteps/blocks/step/bamboo/squeakywood_walk10.ogg, ignoring
[17:10:23] [Worker-Main-33/WARN]: Invalid path in datapack: minecraft:sounds/PresenceFootsteps/blocks/step/bamboo/squeakywood_walk11.ogg, ignoring
[17:10:23] [Worker-Main-33/WARN]: Invalid path in datapack: minecraft:sounds/PresenceFootsteps/blocks/step/bamboo/squeakywood_walk2.ogg, ignoring
[17:10:23] [Worker-Main-33/WARN]: Invalid path in datapack: minecraft:sounds/PresenceFootsteps/blocks/step/bamboo/squeakywood_walk3.ogg, ignoring
[17:10:23] [Worker-Main-33/WARN]: Invalid path in datapack: minecraft:sounds/PresenceFootsteps/blocks/step/bamboo/squeakywood_walk4.ogg, ignoring
[17:10:23] [Worker-Main-33/WARN]: Invalid path in datapack: minecraft:sounds/PresenceFootsteps/blocks/step/bamboo/squeakywood_walk5.ogg, ignoring
[17:10:23] [Worker-Main-33/WARN]: Invalid path in datapack: minecraft:sounds/PresenceFootsteps/blocks/step/bamboo/squeakywood_walk6.ogg, ignoring
[17:10:23] [Worker-Main-33/WARN]: Invalid path in datapack: minecraft:sounds/PresenceFootsteps/blocks/step/bamboo/squeakywood_walk7.ogg, ignoring
[17:10:23] [Worker-Main-33/WARN]: Invalid path in datapack: minecraft:sounds/PresenceFootsteps/blocks/step/bamboo/squeakywood_walk8.ogg, ignoring
[17:10:23] [Worker-Main-33/WARN]: Invalid path in datapack: minecraft:sounds/PresenceFootsteps/blocks/step/bamboo/squeakywood_walk9.ogg, ignoring
[17:10:23] [Worker-Main-33/WARN]: Invalid path in datapack: minecraft:sounds/PresenceFootsteps/blocks/step/bamboo/squeakywood_wander1.ogg, ignoring
[17:10:23] [Worker-Main-33/WARN]: Invalid path in datapack: minecraft:sounds/PresenceFootsteps/blocks/step/bamboo/squeakywood_wander2.ogg, ignoring
[17:10:23] [Worker-Main-33/WARN]: Invalid path in datapack: minecraft:sounds/PresenceFootsteps/blocks/step/bamboo/squeakywood_wander3.ogg, ignoring
[17:10:23] [Worker-Main-33/WARN]: Invalid path in datapack: minecraft:sounds/PresenceFootsteps/blocks/step/bamboo/squeakywood_wander4.ogg, ignoring
[17:10:23] [Worker-Main-33/WARN]: Invalid path in datapack: minecraft:sounds/PresenceFootsteps/blocks/step/bamboo/squeakywood_wander5.ogg, ignoring
[17:10:23] [Worker-Main-33/WARN]: Invalid path in datapack: minecraft:sounds/PresenceFootsteps/blocks/step/bamboo/squeakywood_wander6.ogg, ignoring
[17:10:23] [Worker-Main-33/WARN]: Invalid path in datapack: minecraft:sounds/PresenceFootsteps/blocks/step/bamboo/squeakywood_wander7.ogg, ignoring
[17:10:23] [Worker-Main-33/WARN]: Invalid path in datapack: minecraft:sounds/PresenceFootsteps/blocks/step/bluntwood/bluntwood_walk1.ogg, ignoring
[17:10:23] [Worker-Main-33/WARN]: Invalid path in datapack: minecraft:sounds/PresenceFootsteps/blocks/step/bluntwood/bluntwood_walk10.ogg, ignoring
[17:10:23] [Worker-Main-33/WARN]: Invalid path in datapack: minecraft:sounds/PresenceFootsteps/blocks/step/bluntwood/bluntwood_walk11.ogg, ignoring
[17:10:23] [Worker-Main-33/WARN]: Invalid path in datapack: minecraft:sounds/PresenceFootsteps/blocks/step/bluntwood/bluntwood_walk2.ogg, ignoring
[17:10:23] [Worker-Main-33/WARN]: Invalid path in datapack: minecraft:sounds/PresenceFootsteps/blocks/step/bluntwood/bluntwood_walk3.ogg, ignoring
[17:10:23] [Worker-Main-33/WARN]: Invalid path in datapack: minecraft:sounds/PresenceFootsteps/blocks/step/bluntwood/bluntwood_walk4.ogg, ignoring
[17:10:23] [Worker-Main-33/WARN]: Invalid path in datapack: minecraft:sounds/PresenceFootsteps/blocks/step/bluntwood/bluntwood_walk5.ogg, ignoring
[17:10:23] [Worker-Main-33/WARN]: Invalid path in datapack: minecraft:sounds/PresenceFootsteps/blocks/step/bluntwood/bluntwood_walk6.ogg, ignoring
[17:10:23] [Worker-Main-33/WARN]: Invalid path in datapack: minecraft:sounds/PresenceFootsteps/blocks/step/bluntwood/bluntwood_walk7.ogg, ignoring
[17:10:23] [Worker-Main-33/WARN]: Invalid path in datapack: minecraft:sounds/PresenceFootsteps/blocks/step/bluntwood/bluntwood_walk8.ogg, ignoring
[17:10:23] [Worker-Main-33/WARN]: Invalid path in datapack: minecraft:sounds/PresenceFootsteps/blocks/step/bluntwood/bluntwood_walk9.ogg, ignoring
[17:10:23] [Worker-Main-33/WARN]: Invalid path in datapack: minecraft:sounds/PresenceFootsteps/blocks/step/bluntwood/bluntwood_wander1.ogg, ignoring
[17:10:23] [Worker-Main-33/WARN]: Invalid path in datapack: minecraft:sounds/PresenceFootsteps/blocks/step/bluntwood/bluntwood_wander2.ogg, ignoring
[17:10:23] [Worker-Main-33/WARN]: Invalid path in datapack: minecraft:sounds/PresenceFootsteps/blocks/step/bluntwood/bluntwood_wander3.ogg, ignoring
[17:10:23] [Worker-Main-33/WARN]: Invalid path in datapack: minecraft:sounds/PresenceFootsteps/blocks/step/bluntwood/bluntwood_wander4.ogg, ignoring
[17:10:23] [Worker-Main-33/WARN]: Invalid path in datapack: minecraft:sounds/PresenceFootsteps/blocks/step/bluntwood/bluntwood_wander5.ogg, ignoring
[17:10:23] [Worker-Main-33/WARN]: Invalid path in datapack: minecraft:sounds/PresenceFootsteps/blocks/step/brush/brush_through1.ogg, ignoring
[17:10:23] [Worker-Main-33/WARN]: Invalid path in datapack: minecraft:sounds/PresenceFootsteps/blocks/step/brush/brush_through10.ogg, ignoring
[17:10:23] [Worker-Main-33/WARN]: Invalid path in datapack: minecraft:sounds/PresenceFootsteps/blocks/step/brush/brush_through11.ogg, ignoring
[17:10:23] [Worker-Main-33/WARN]: Invalid path in datapack: minecraft:sounds/PresenceFootsteps/blocks/step/brush/brush_through2.ogg, ignoring
[17:10:23] [Worker-Main-33/WARN]: Invalid path in datapack: minecraft:sounds/PresenceFootsteps/blocks/step/brush/brush_through3.ogg, ignoring
[17:10:23] [Worker-Main-33/WARN]: Invalid path in datapack: minecraft:sounds/PresenceFootsteps/blocks/step/brush/brush_through4.ogg, ignoring
[17:10:23] [Worker-Main-33/WARN]: Invalid path in datapack: minecraft:sounds/PresenceFootsteps/blocks/step/brush/brush_through5.ogg, ignoring
[17:10:23] [Worker-Main-33/WARN]: Invalid path in datapack: minecraft:sounds/PresenceFootsteps/blocks/step/brush/brush_through6.ogg, ignoring
[17:10:23] [Worker-Main-33/WARN]: Invalid path in datapack: minecraft:sounds/PresenceFootsteps/blocks/step/brush/brush_through7.ogg, ignoring
[17:10:23] [Worker-Main-33/WARN]: Invalid path in datapack: minecraft:sounds/PresenceFootsteps/blocks/step/brush/brush_through8.ogg, ignoring
[17:10:23] [Worker-Main-33/WARN]: Invalid path in datapack: minecraft:sounds/PresenceFootsteps/blocks/step/brush/brush_through9.ogg, ignoring
[17:10:23] [Worker-Main-33/WARN]: Invalid path in datapack: minecraft:sounds/PresenceFootsteps/blocks/step/chain/chain_1.ogg, ignoring
[17:10:23] [Worker-Main-33/WARN]: Invalid path in datapack: minecraft:sounds/PresenceFootsteps/blocks/step/chain/chain_10.ogg, ignoring
[17:10:23] [Worker-Main-33/WARN]: Invalid path in datapack: minecraft:sounds/PresenceFootsteps/blocks/step/chain/chain_11.ogg, ignoring
[17:10:23] [Worker-Main-33/WARN]: Invalid path in datapack: minecraft:sounds/PresenceFootsteps/blocks/step/chain/chain_12.ogg, ignoring
[17:10:23] [Worker-Main-33/WARN]: Invalid path in datapack: minecraft:sounds/PresenceFootsteps/blocks/step/chain/chain_2.ogg, ignoring
[17:10:23] [Worker-Main-33/WARN]: Invalid path in datapack: minecraft:sounds/PresenceFootsteps/blocks/step/chain/chain_3.ogg, ignoring
[17:10:23] [Worker-Main-33/WARN]: Invalid path in datapack: minecraft:sounds/PresenceFootsteps/blocks/step/chain/chain_4.ogg, ignoring
[17:10:23] [Worker-Main-33/WARN]: Invalid path in datapack: minecraft:sounds/PresenceFootsteps/blocks/step/chain/chain_5.ogg, ignoring
[17:10:23] [Worker-Main-33/WARN]: Invalid path in datapack: minecraft:sounds/PresenceFootsteps/blocks/step/chain/chain_6.ogg, ignoring
[17:10:23] [Worker-Main-33/WARN]: Invalid path in datapack: minecraft:sounds/PresenceFootsteps/blocks/step/chain/chain_7.ogg, ignoring
[17:10:23] [Worker-Main-33/WARN]: Invalid path in datapack: minecraft:sounds/PresenceFootsteps/blocks/step/chain/chain_8.ogg, ignoring
[17:10:23] [Worker-Main-33/WARN]: Invalid path in datapack: minecraft:sounds/PresenceFootsteps/blocks/step/chain/chain_9.ogg, ignoring
[17:10:23] [Worker-Main-33/WARN]: Invalid path in datapack: minecraft:sounds/PresenceFootsteps/blocks/step/concrete/concrete_run1.ogg, ignoring
[17:10:23] [Worker-Main-33/WARN]: Invalid path in datapack: minecraft:sounds/PresenceFootsteps/blocks/step/concrete/concrete_run10.ogg, ignoring
[17:10:23] [Worker-Main-33/WARN]: Invalid path in datapack: minecraft:sounds/PresenceFootsteps/blocks/step/concrete/concrete_run11.ogg, ignoring
[17:10:23] [Worker-Main-33/WARN]: Invalid path in datapack: minecraft:sounds/PresenceFootsteps/blocks/step/concrete/concrete_run2.ogg, ignoring
[17:10:23] [Worker-Main-33/WARN]: Invalid path in datapack: minecraft:sounds/PresenceFootsteps/blocks/step/concrete/concrete_run3.ogg, ignoring
[17:10:23] [Worker-Main-33/WARN]: Invalid path in datapack: minecraft:sounds/PresenceFootsteps/blocks/step/concrete/concrete_run4.ogg, ignoring
[17:10:23] [Worker-Main-33/WARN]: Invalid path in datapack: minecraft:sounds/PresenceFootsteps/blocks/step/concrete/concrete_run5.ogg, ignoring
[17:10:23] [Worker-Main-33/WARN]: Invalid path in datapack: minecraft:sounds/PresenceFootsteps/blocks/step/concrete/concrete_run6.ogg, ignoring
[17:10:23] [Worker-Main-33/WARN]: Invalid path in datapack: minecraft:sounds/PresenceFootsteps/blocks/step/concrete/concrete_run7.ogg, ignoring
[17:10:23] [Worker-Main-33/WARN]: Invalid path in datapack: minecraft:sounds/PresenceFootsteps/blocks/step/concrete/concrete_run8.ogg, ignoring
[17:10:23] [Worker-Main-33/WARN]: Invalid path in datapack: minecraft:sounds/PresenceFootsteps/blocks/step/concrete/concrete_run9.ogg, ignoring
[17:10:23] [Worker-Main-33/WARN]: Invalid path in datapack: minecraft:sounds/PresenceFootsteps/blocks/step/concrete/concrete_walk1.ogg, ignoring
[17:10:23] [Worker-Main-33/WARN]: Invalid path in datapack: minecraft:sounds/PresenceFootsteps/blocks/step/concrete/concrete_walk10.ogg, ignoring
[17:10:23] [Worker-Main-33/WARN]: Invalid path in datapack: minecraft:sounds/PresenceFootsteps/blocks/step/concrete/concrete_walk11.ogg, ignoring
[17:10:23] [Worker-Main-33/WARN]: Invalid path in datapack: minecraft:sounds/PresenceFootsteps/blocks/step/concrete/concrete_walk2.ogg, ignoring
[17:10:23] [Worker-Main-33/WARN]: Invalid path in datapack: minecraft:sounds/PresenceFootsteps/blocks/step/concrete/concrete_walk3.ogg, ignoring
[17:10:23] [Worker-Main-33/WARN]: Invalid path in datapack: minecraft:sounds/PresenceFootsteps/blocks/step/concrete/concrete_walk4.ogg, ignoring
[17:10:23] [Worker-Main-33/WARN]: Invalid path in datapack: minecraft:sounds/PresenceFootsteps/blocks/step/concrete/concrete_walk5.ogg, ignoring
[17:10:23] [Worker-Main-33/WARN]: Invalid path in datapack: minecraft:sounds/PresenceFootsteps/blocks/step/concrete/concrete_walk6.ogg, ignoring
[17:10:23] [Worker-Main-33/WARN]: Invalid path in datapack: minecraft:sounds/PresenceFootsteps/blocks/step/concrete/concrete_walk7.ogg, ignoring
[17:10:23] [Worker-Main-33/WARN]: Invalid path in datapack: minecraft:sounds/PresenceFootsteps/blocks/step/concrete/concrete_walk8.ogg, ignoring
[17:10:23] [Worker-Main-33/WARN]: Invalid path in datapack: minecraft:sounds/PresenceFootsteps/blocks/step/concrete/concrete_walk9.ogg, ignoring
[17:10:23] [Worker-Main-33/WARN]: Invalid path in datapack: minecraft:sounds/PresenceFootsteps/blocks/step/concrete/concrete_wander1.ogg, ignoring
[17:10:23] [Worker-Main-33/WARN]: Invalid path in datapack: minecraft:sounds/PresenceFootsteps/blocks/step/concrete/concrete_wander2.ogg, ignoring
[17:10:23] [Worker-Main-33/WARN]: Invalid path in datapack: minecraft:sounds/PresenceFootsteps/blocks/step/concrete/concrete_wander3.ogg, ignoring
[17:10:23] [Worker-Main-33/WARN]: Invalid path in datapack: minecraft:sounds/PresenceFootsteps/blocks/step/concrete/concrete_wander4.ogg, ignoring
[17:10:23] [Worker-Main-33/WARN]: Invalid path in datapack: minecraft:sounds/PresenceFootsteps/blocks/step/concrete/concrete_wander5.ogg, ignoring
[17:10:23] [Worker-Main-33/WARN]: Invalid path in datapack: minecraft:sounds/PresenceFootsteps/blocks/step/crystal/crystal_run1.ogg, ignoring
[17:10:23] [Worker-Main-33/WARN]: Invalid path in datapack: minecraft:sounds/PresenceFootsteps/blocks/step/crystal/crystal_run2.ogg, ignoring
[17:10:23] [Worker-Main-33/WARN]: Invalid path in datapack: minecraft:sounds/PresenceFootsteps/blocks/step/crystal/crystal_run3.ogg, ignoring
[17:10:23] [Worker-Main-33/WARN]: Invalid path in datapack: minecraft:sounds/PresenceFootsteps/blocks/step/crystal/crystal_run4.ogg, ignoring
[17:10:23] [Worker-Main-33/WARN]: Invalid path in datapack: minecraft:sounds/PresenceFootsteps/blocks/step/crystal/crystal_run5.ogg, ignoring
[17:10:23] [Worker-Main-33/WARN]: Invalid path in datapack: minecraft:sounds/PresenceFootsteps/blocks/step/crystal/crystal_run6.ogg, ignoring
[17:10:23] [Worker-Main-33/WARN]: Invalid path in datapack: minecraft:sounds/PresenceFootsteps/blocks/step/crystal/crystal_walk1.ogg, ignoring
[17:10:23] [Worker-Main-33/WARN]: Invalid path in datapack: minecraft:sounds/PresenceFootsteps/blocks/step/crystal/crystal_walk2.ogg, ignoring
[17:10:23] [Worker-Main-33/WARN]: Invalid path in datapack: minecraft:sounds/PresenceFootsteps/blocks/step/crystal/crystal_walk3.ogg, ignoring
[17:10:23] [Worker-Main-33/WARN]: Invalid path in datapack: minecraft:sounds/PresenceFootsteps/blocks/step/crystal/crystal_walk4.ogg, ignoring
[17:10:23] [Worker-Main-33/WARN]: Invalid path in datapack: minecraft:sounds/PresenceFootsteps/blocks/step/crystal/crystal_walk5.ogg, ignoring
[17:10:23] [Worker-Main-33/WARN]: Invalid path in datapack: minecraft:sounds/PresenceFootsteps/blocks/step/crystal/crystal_walk6.ogg, ignoring
[17:10:23] [Worker-Main-33/WARN]: Invalid path in datapack: minecraft:sounds/PresenceFootsteps/blocks/step/deckwood/deckwood_run1.ogg, ignoring
[17:10:23] [Worker-Main-33/WARN]: Invalid path in datapack: minecraft:sounds/PresenceFootsteps/blocks/step/deckwood/deckwood_run10.ogg, ignoring
[17:10:23] [Worker-Main-33/WARN]: Invalid path in datapack: minecraft:sounds/PresenceFootsteps/blocks/step/deckwood/deckwood_run11.ogg, ignoring
[17:10:23] [Worker-Main-33/WARN]: Invalid path in datapack: minecraft:sounds/PresenceFootsteps/blocks/step/deckwood/deckwood_run2.ogg, ignoring
[17:10:23] [Worker-Main-33/WARN]: Invalid path in datapack: minecraft:sounds/PresenceFootsteps/blocks/step/deckwood/deckwood_run3.ogg, ignoring
[17:10:23] [Worker-Main-33/WARN]: Invalid path in datapack: minecraft:sounds/PresenceFootsteps/blocks/step/deckwood/deckwood_run4.ogg, ignoring
[17:10:23] [Worker-Main-33/WARN]: Invalid path in datapack: minecraft:sounds/PresenceFootsteps/blocks/step/deckwood/deckwood_run5.ogg, ignoring
[17:10:23] [Worker-Main-33/WARN]: Invalid path in datapack: minecraft:sounds/PresenceFootsteps/blocks/step/deckwood/deckwood_run6.ogg, ignoring
[17:10:23] [Worker-Main-33/WARN]: Invalid path in datapack: minecraft:sounds/PresenceFootsteps/blocks/step/deckwood/deckwood_run7.ogg, ignoring
[17:10:23] [Worker-Main-33/WARN]: Invalid path in datapack: minecraft:sounds/PresenceFootsteps/blocks/step/deckwood/deckwood_run8.ogg, ignoring
[17:10:23] [Worker-Main-33/WARN]: Invalid path in datapack: minecraft:sounds/PresenceFootsteps/blocks/step/deckwood/deckwood_run9.ogg, ignoring
[17:10:23] [Worker-Main-33/WARN]: Invalid path in datapack: minecraft:sounds/PresenceFootsteps/blocks/step/dirt/dirt_land1.ogg, ignoring
[17:10:23] [Worker-Main-33/WARN]: Invalid path in datapack: minecraft:sounds/PresenceFootsteps/blocks/step/dirt/dirt_land2.ogg, ignoring
[17:10:23] [Worker-Main-33/WARN]: Invalid path in datapack: minecraft:sounds/PresenceFootsteps/blocks/step/dirt/dirt_land3.ogg, ignoring
[17:10:23] [Worker-Main-33/WARN]: Invalid path in datapack: minecraft:sounds/PresenceFootsteps/blocks/step/dirt/dirt_land4.ogg, ignoring
[17:10:23] [Worker-Main-33/WARN]: Invalid path in datapack: minecraft:sounds/PresenceFootsteps/blocks/step/dirt/dirt_run1.ogg, ignoring
[17:10:23] [Worker-Main-33/WARN]: Invalid path in datapack: minecraft:sounds/PresenceFootsteps/blocks/step/dirt/dirt_run10.ogg, ignoring
[17:10:23] [Worker-Main-33/WARN]: Invalid path in datapack: minecraft:sounds/PresenceFootsteps/blocks/step/dirt/dirt_run11.ogg, ignoring
[17:10:23] [Worker-Main-33/WARN]: Invalid path in datapack: minecraft:sounds/PresenceFootsteps/blocks/step/dirt/dirt_run2.ogg, ignoring
[17:10:23] [Worker-Main-33/WARN]: Invalid path in datapack: minecraft:sounds/PresenceFootsteps/blocks/step/dirt/dirt_run3.ogg, ignoring
[17:10:23] [Worker-Main-33/WARN]: Invalid path in datapack: minecraft:sounds/PresenceFootsteps/blocks/step/dirt/dirt_run4.ogg, ignoring
[17:10:23] [Worker-Main-33/WARN]: Invalid path in datapack: minecraft:sounds/PresenceFootsteps/blocks/step/dirt/dirt_run5.ogg, ignoring
[17:10:23] [Worker-Main-33/WARN]: Invalid path in datapack: minecraft:sounds/PresenceFootsteps/blocks/step/dirt/dirt_run6.ogg, ignoring
[17:10:23] [Worker-Main-33/WARN]: Invalid path in datapack: minecraft:sounds/PresenceFootsteps/blocks/step/dirt/dirt_run7.ogg, ignoring
[17:10:23] [Worker-Main-33/WARN]: Invalid path in datapack: minecraft:sounds/PresenceFootsteps/blocks/step/dirt/dirt_run8.ogg, ignoring
[17:10:23] [Worker-Main-33/WARN]: Invalid path in datapack: minecraft:sounds/PresenceFootsteps/blocks/step/dirt/dirt_run9.ogg, ignoring
[17:10:23] [Worker-Main-33/WARN]: Invalid path in datapack: minecraft:sounds/PresenceFootsteps/blocks/step/dirt/dirt_walk1.ogg, ignoring
[17:10:23] [Worker-Main-33/WARN]: Invalid path in datapack: minecraft:sounds/PresenceFootsteps/blocks/step/dirt/dirt_walk10.ogg, ignoring
[17:10:23] [Worker-Main-33/WARN]: Invalid path in datapack: minecraft:sounds/PresenceFootsteps/blocks/step/dirt/dirt_walk11.ogg, ignoring
[17:10:23] [Worker-Main-33/WARN]: Invalid path in datapack: minecraft:sounds/PresenceFootsteps/blocks/step/dirt/dirt_walk2.ogg, ignoring
[17:10:23] [Worker-Main-33/WARN]: Invalid path in datapack: minecraft:sounds/PresenceFootsteps/blocks/step/dirt/dirt_walk3.ogg, ignoring
[17:10:23] [Worker-Main-33/WARN]: Invalid path in datapack: minecraft:sounds/PresenceFootsteps/blocks/step/dirt/dirt_walk4.ogg, ignoring
[17:10:23] [Worker-Main-33/WARN]: Invalid path in datapack: minecraft:sounds/PresenceFootsteps/blocks/step/dirt/dirt_walk5.ogg, ignoring
[17:10:23] [Worker-Main-33/WARN]: Invalid path in datapack: minecraft:sounds/PresenceFootsteps/blocks/step/dirt/dirt_walk6.ogg, ignoring
[17:10:23] [Worker-Main-33/WARN]: Invalid path in datapack: minecraft:sounds/PresenceFootsteps/blocks/step/dirt/dirt_walk7.ogg, ignoring
[17:10:23] [Worker-Main-33/WARN]: Invalid path in datapack: minecraft:sounds/PresenceFootsteps/blocks/step/dirt/dirt_walk8.ogg, ignoring
[17:10:23] [Worker-Main-33/WARN]: Invalid path in datapack: minecraft:sounds/PresenceFootsteps/blocks/step/dirt/dirt_walk9.ogg, ignoring
[17:10:23] [Worker-Main-33/WARN]: Invalid path in datapack: minecraft:sounds/PresenceFootsteps/blocks/step/dirt/dirt_wander1.ogg, ignoring
[17:10:23] [Worker-Main-33/WARN]: Invalid path in datapack: minecraft:sounds/PresenceFootsteps/blocks/step/dirt/dirt_wander2.ogg, ignoring
[17:10:23] [Worker-Main-33/WARN]: Invalid path in datapack: minecraft:sounds/PresenceFootsteps/blocks/step/dirt/dirt_wander3.ogg, ignoring
[17:10:23] [Worker-Main-33/WARN]: Invalid path in datapack: minecraft:sounds/PresenceFootsteps/blocks/step/dirt/dirt_wander4.ogg, ignoring
[17:10:23] [Worker-Main-33/WARN]: Invalid path in datapack: minecraft:sounds/PresenceFootsteps/blocks/step/dirt/dirt_wander5.ogg, ignoring
[17:10:23] [Worker-Main-33/WARN]: Invalid path in datapack: minecraft:sounds/PresenceFootsteps/blocks/step/glass/glass_hard1.ogg, ignoring
[17:10:23] [Worker-Main-33/WARN]: Invalid path in datapack: minecraft:sounds/PresenceFootsteps/blocks/step/glass/glass_hit1.ogg, ignoring
[17:10:23] [Worker-Main-33/WARN]: Invalid path in datapack: minecraft:sounds/PresenceFootsteps/blocks/step/glass/glass_hit2.ogg, ignoring
[17:10:23] [Worker-Main-33/WARN]: Invalid path in datapack: minecraft:sounds/PresenceFootsteps/blocks/step/glass/glass_hit3.ogg, ignoring
[17:10:23] [Worker-Main-33/WARN]: Invalid path in datapack: minecraft:sounds/PresenceFootsteps/blocks/step/grass/grass_run1.ogg, ignoring
[17:10:23] [Worker-Main-33/WARN]: Invalid path in datapack: minecraft:sounds/PresenceFootsteps/blocks/step/grass/grass_run2.ogg, ignoring
[17:10:23] [Worker-Main-33/WARN]: Invalid path in datapack: minecraft:sounds/PresenceFootsteps/blocks/step/grass/grass_run3.ogg, ignoring
[17:10:23] [Worker-Main-33/WARN]: Invalid path in datapack: minecraft:sounds/PresenceFootsteps/blocks/step/grass/grass_run4.ogg, ignoring
[17:10:23] [Worker-Main-33/WARN]: Invalid path in datapack: minecraft:sounds/PresenceFootsteps/blocks/step/grass/grass_walk1.ogg, ignoring
[17:10:23] [Worker-Main-33/WARN]: Invalid path in datapack: minecraft:sounds/PresenceFootsteps/blocks/step/grass/grass_walk10.ogg, ignoring
[17:10:23] [Worker-Main-33/WARN]: Invalid path in datapack: minecraft:sounds/PresenceFootsteps/blocks/step/grass/grass_walk2.ogg, ignoring
[17:10:23] [Worker-Main-33/WARN]: Invalid path in datapack: minecraft:sounds/PresenceFootsteps/blocks/step/grass/grass_walk3.ogg, ignoring
[17:10:23] [Worker-Main-33/WARN]: Invalid path in datapack: minecraft:sounds/PresenceFootsteps/blocks/step/grass/grass_walk4.ogg, ignoring
[17:10:23] [Worker-Main-33/WARN]: Invalid path in datapack: minecraft:sounds/PresenceFootsteps/blocks/step/grass/grass_walk5.ogg, ignoring
[17:10:23] [Worker-Main-33/WARN]: Invalid path in datapack: minecraft:sounds/PresenceFootsteps/blocks/step/grass/grass_walk6.ogg, ignoring
[17:10:23] [Worker-Main-33/WARN]: Invalid path in datapack: minecraft:sounds/PresenceFootsteps/blocks/step/grass/grass_walk7.ogg, ignoring
[17:10:23] [Worker-Main-33/WARN]: Invalid path in datapack: minecraft:sounds/PresenceFootsteps/blocks/step/grass/grass_walk8.ogg, ignoring
[17:10:23] [Worker-Main-33/WARN]: Invalid path in datapack: minecraft:sounds/PresenceFootsteps/blocks/step/grass/grass_walk9.ogg, ignoring
[17:10:23] [Worker-Main-33/WARN]: Invalid path in datapack: minecraft:sounds/PresenceFootsteps/blocks/step/grass/grass_wander1.ogg, ignoring
[17:10:23] [Worker-Main-33/WARN]: Invalid path in datapack: minecraft:sounds/PresenceFootsteps/blocks/step/grass/grass_wander2.ogg, ignoring
[17:10:23] [Worker-Main-33/WARN]: Invalid path in datapack: minecraft:sounds/PresenceFootsteps/blocks/step/grass/grass_wander3.ogg, ignoring
[17:10:23] [Worker-Main-33/WARN]: Invalid path in datapack: minecraft:sounds/PresenceFootsteps/blocks/step/grass/grass_wander4.ogg, ignoring
[17:10:23] [Worker-Main-33/WARN]: Invalid path in datapack: minecraft:sounds/PresenceFootsteps/blocks/step/grass/grass_wander5.ogg, ignoring
[17:10:23] [Worker-Main-33/WARN]: Invalid path in datapack: minecraft:sounds/PresenceFootsteps/blocks/step/grass/grass_wander6.ogg, ignoring
[17:10:23] [Worker-Main-33/WARN]: Invalid path in datapack: minecraft:sounds/PresenceFootsteps/blocks/step/gravel/gravel_land1.ogg, ignoring
[17:10:23] [Worker-Main-33/WARN]: Invalid path in datapack: minecraft:sounds/PresenceFootsteps/blocks/step/gravel/gravel_land2.ogg, ignoring
[17:10:23] [Worker-Main-33/WARN]: Invalid path in datapack: minecraft:sounds/PresenceFootsteps/blocks/step/gravel/gravel_run1.ogg, ignoring
[17:10:23] [Worker-Main-33/WARN]: Invalid path in datapack: minecraft:sounds/PresenceFootsteps/blocks/step/gravel/gravel_run10.ogg, ignoring
[17:10:23] [Worker-Main-33/WARN]: Invalid path in datapack: minecraft:sounds/PresenceFootsteps/blocks/step/gravel/gravel_run11.ogg, ignoring
[17:10:23] [Worker-Main-33/WARN]: Invalid path in datapack: minecraft:sounds/PresenceFootsteps/blocks/step/gravel/gravel_run2.ogg, ignoring
[17:10:23] [Worker-Main-33/WARN]: Invalid path in datapack: minecraft:sounds/PresenceFootsteps/blocks/step/gravel/gravel_run3.ogg, ignoring
[17:10:23] [Worker-Main-33/WARN]: Invalid path in datapack: minecraft:sounds/PresenceFootsteps/blocks/step/gravel/gravel_run4.ogg, ignoring
[17:10:23] [Worker-Main-33/WARN]: Invalid path in datapack: minecraft:sounds/PresenceFootsteps/blocks/step/gravel/gravel_run5.ogg, ignoring
[17:10:23] [Worker-Main-33/WARN]: Invalid path in datapack: minecraft:sounds/PresenceFootsteps/blocks/step/gravel/gravel_run6.ogg, ignoring
[17:10:23] [Worker-Main-33/WARN]: Invalid path in datapack: minecraft:sounds/PresenceFootsteps/blocks/step/gravel/gravel_run7.ogg, ignoring
[17:10:23] [Worker-Main-33/WARN]: Invalid path in datapack: minecraft:sounds/PresenceFootsteps/blocks/step/gravel/gravel_run8.ogg, ignoring
[17:10:23] [Worker-Main-33/WARN]: Invalid path in datapack: minecraft:sounds/PresenceFootsteps/blocks/step/gravel/gravel_run9.ogg, ignoring
[17:10:23] [Worker-Main-33/WARN]: Invalid path in datapack: minecraft:sounds/PresenceFootsteps/blocks/step/gravel/gravel_walk1.ogg, ignoring
[17:10:23] [Worker-Main-33/WARN]: Invalid path in datapack: minecraft:sounds/PresenceFootsteps/blocks/step/gravel/gravel_walk10.ogg, ignoring
[17:10:23] [Worker-Main-33/WARN]: Invalid path in datapack: minecraft:sounds/PresenceFootsteps/blocks/step/gravel/gravel_walk11.ogg, ignoring
[17:10:23] [Worker-Main-33/WARN]: Invalid path in datapack: minecraft:sounds/PresenceFootsteps/blocks/step/gravel/gravel_walk2.ogg, ignoring
[17:10:23] [Worker-Main-33/WARN]: Invalid path in datapack: minecraft:sounds/PresenceFootsteps/blocks/step/gravel/gravel_walk3.ogg, ignoring
[17:10:23] [Worker-Main-33/WARN]: Invalid path in datapack: minecraft:sounds/PresenceFootsteps/blocks/step/gravel/gravel_walk4.ogg, ignoring
[17:10:23] [Worker-Main-33/WARN]: Invalid path in datapack: minecraft:sounds/PresenceFootsteps/blocks/step/gravel/gravel_walk5.ogg, ignoring
[17:10:23] [Worker-Main-33/WARN]: Invalid path in datapack: minecraft:sounds/PresenceFootsteps/blocks/step/gravel/gravel_walk6.ogg, ignoring
[17:10:23] [Worker-Main-33/WARN]: Invalid path in datapack: minecraft:sounds/PresenceFootsteps/blocks/step/gravel/gravel_walk7.ogg, ignoring
[17:10:23] [Worker-Main-33/WARN]: Invalid path in datapack: minecraft:sounds/PresenceFootsteps/blocks/step/gravel/gravel_walk8.ogg, ignoring
[17:10:23] [Worker-Main-33/WARN]: Invalid path in datapack: minecraft:sounds/PresenceFootsteps/blocks/step/gravel/gravel_walk9.ogg, ignoring
[17:10:23] [Worker-Main-33/WARN]: Invalid path in datapack: minecraft:sounds/PresenceFootsteps/blocks/step/gravel/gravel_wander1.ogg, ignoring
[17:10:23] [Worker-Main-33/WARN]: Invalid path in datapack: minecraft:sounds/PresenceFootsteps/blocks/step/gravel/gravel_wander2.ogg, ignoring
[17:10:23] [Worker-Main-33/WARN]: Invalid path in datapack: minecraft:sounds/PresenceFootsteps/blocks/step/gravel/gravel_wander3.ogg, ignoring
[17:10:23] [Worker-Main-33/WARN]: Invalid path in datapack: minecraft:sounds/PresenceFootsteps/blocks/step/ladder/ladder1.ogg, ignoring
[17:10:23] [Worker-Main-33/WARN]: Invalid path in datapack: minecraft:sounds/PresenceFootsteps/blocks/step/ladder/ladder2.ogg, ignoring
[17:10:23] [Worker-Main-33/WARN]: Invalid path in datapack: minecraft:sounds/PresenceFootsteps/blocks/step/ladder/ladder3.ogg, ignoring
[17:10:23] [Worker-Main-33/WARN]: Invalid path in datapack: minecraft:sounds/PresenceFootsteps/blocks/step/ladder/ladder4.ogg, ignoring
[17:10:23] [Worker-Main-33/WARN]: Invalid path in datapack: minecraft:sounds/PresenceFootsteps/blocks/step/leaves/leaves_through1.ogg, ignoring
[17:10:23] [Worker-Main-33/WARN]: Invalid path in datapack: minecraft:sounds/PresenceFootsteps/blocks/step/leaves/leaves_through2.ogg, ignoring
[17:10:23] [Worker-Main-33/WARN]: Invalid path in datapack: minecraft:sounds/PresenceFootsteps/blocks/step/leaves/leaves_through3.ogg, ignoring
[17:10:23] [Worker-Main-33/WARN]: Invalid path in datapack: minecraft:sounds/PresenceFootsteps/blocks/step/leaves/leaves_through4.ogg, ignoring
[17:10:23] [Worker-Main-33/WARN]: Invalid path in datapack: minecraft:sounds/PresenceFootsteps/blocks/step/leaves/leaves_through5.ogg, ignoring
[17:10:23] [Worker-Main-33/WARN]: Invalid path in datapack: minecraft:sounds/PresenceFootsteps/blocks/step/leaves/leaves_through6.ogg, ignoring
[17:10:23] [Worker-Main-33/WARN]: Invalid path in datapack: minecraft:sounds/PresenceFootsteps/blocks/step/leaves/leaves_through7.ogg, ignoring
[17:10:23] [Worker-Main-33/WARN]: Invalid path in datapack: minecraft:sounds/PresenceFootsteps/blocks/step/lino/lino_run1.ogg, ignoring
[17:10:23] [Worker-Main-33/WARN]: Invalid path in datapack: minecraft:sounds/PresenceFootsteps/blocks/step/lino/lino_run2.ogg, ignoring
[17:10:23] [Worker-Main-33/WARN]: Invalid path in datapack: minecraft:sounds/PresenceFootsteps/blocks/step/lino/lino_run3.ogg, ignoring
[17:10:23] [Worker-Main-33/WARN]: Invalid path in datapack: minecraft:sounds/PresenceFootsteps/blocks/step/lino/lino_run4.ogg, ignoring
[17:10:23] [Worker-Main-33/WARN]: Invalid path in datapack: minecraft:sounds/PresenceFootsteps/blocks/step/lino/lino_run5.ogg, ignoring
[17:10:23] [Worker-Main-33/WARN]: Invalid path in datapack: minecraft:sounds/PresenceFootsteps/blocks/step/lino/lino_run6.ogg, ignoring
[17:10:23] [Worker-Main-33/WARN]: Invalid path in datapack: minecraft:sounds/PresenceFootsteps/blocks/step/lino/lino_walk1.ogg, ignoring
[17:10:23] [Worker-Main-33/WARN]: Invalid path in datapack: minecraft:sounds/PresenceFootsteps/blocks/step/lino/lino_walk2.ogg, ignoring
[17:10:23] [Worker-Main-33/WARN]: Invalid path in datapack: minecraft:sounds/PresenceFootsteps/blocks/step/lino/lino_walk3.ogg, ignoring
[17:10:23] [Worker-Main-33/WARN]: Invalid path in datapack: minecraft:sounds/PresenceFootsteps/blocks/step/lino/lino_walk4.ogg, ignoring
[17:10:23] [Worker-Main-33/WARN]: Invalid path in datapack: minecraft:sounds/PresenceFootsteps/blocks/step/lino/lino_walk5.ogg, ignoring
[17:10:23] [Worker-Main-33/WARN]: Invalid path in datapack: minecraft:sounds/PresenceFootsteps/blocks/step/lino/lino_walk6.ogg, ignoring
[17:10:23] [Worker-Main-33/WARN]: Invalid path in datapack: minecraft:sounds/PresenceFootsteps/blocks/step/lino/lino_walk7.ogg, ignoring
[17:10:23] [Worker-Main-33/WARN]: Invalid path in datapack: minecraft:sounds/PresenceFootsteps/blocks/step/lino/lino_walk8.ogg, ignoring
[17:10:23] [Worker-Main-33/WARN]: Invalid path in datapack: minecraft:sounds/PresenceFootsteps/blocks/step/marble/marble_run1.ogg, ignoring
[17:10:23] [Worker-Main-33/WARN]: Invalid path in datapack: minecraft:sounds/PresenceFootsteps/blocks/step/marble/marble_run10.ogg, ignoring
[17:10:23] [Worker-Main-33/WARN]: Invalid path in datapack: minecraft:sounds/PresenceFootsteps/blocks/step/marble/marble_run11.ogg, ignoring
[17:10:23] [Worker-Main-33/WARN]: Invalid path in datapack: minecraft:sounds/PresenceFootsteps/blocks/step/marble/marble_run2.ogg, ignoring
[17:10:23] [Worker-Main-33/WARN]: Invalid path in datapack: minecraft:sounds/PresenceFootsteps/blocks/step/marble/marble_run3.ogg, ignoring
[17:10:23] [Worker-Main-33/WARN]: Invalid path in datapack: minecraft:sounds/PresenceFootsteps/blocks/step/marble/marble_run4.ogg, ignoring
[17:10:23] [Worker-Main-33/WARN]: Invalid path in datapack: minecraft:sounds/PresenceFootsteps/blocks/step/marble/marble_run5.ogg, ignoring
[17:10:23] [Worker-Main-33/WARN]: Invalid path in datapack: minecraft:sounds/PresenceFootsteps/blocks/step/marble/marble_run6.ogg, ignoring
[17:10:23] [Worker-Main-33/WARN]: Invalid path in datapack: minecraft:sounds/PresenceFootsteps/blocks/step/marble/marble_run7.ogg, ignoring
[17:10:23] [Worker-Main-33/WARN]: Invalid path in datapack: minecraft:sounds/PresenceFootsteps/blocks/step/marble/marble_run8.ogg, ignoring
[17:10:23] [Worker-Main-33/WARN]: Invalid path in datapack: minecraft:sounds/PresenceFootsteps/blocks/step/marble/marble_run9.ogg, ignoring
[17:10:23] [Worker-Main-33/WARN]: Invalid path in datapack: minecraft:sounds/PresenceFootsteps/blocks/step/marble/marble_walk1.ogg, ignoring
[17:10:23] [Worker-Main-33/WARN]: Invalid path in datapack: minecraft:sounds/PresenceFootsteps/blocks/step/marble/marble_walk10.ogg, ignoring
[17:10:23] [Worker-Main-33/WARN]: Invalid path in datapack: minecraft:sounds/PresenceFootsteps/blocks/step/marble/marble_walk11.ogg, ignoring
[17:10:23] [Worker-Main-33/WARN]: Invalid path in datapack: minecraft:sounds/PresenceFootsteps/blocks/step/marble/marble_walk2.ogg, ignoring
[17:10:23] [Worker-Main-33/WARN]: Invalid path in datapack: minecraft:sounds/PresenceFootsteps/blocks/step/marble/marble_walk3.ogg, ignoring
[17:10:23] [Worker-Main-33/WARN]: Invalid path in datapack: minecraft:sounds/PresenceFootsteps/blocks/step/marble/marble_walk4.ogg, ignoring
[17:10:23] [Worker-Main-33/WARN]: Invalid path in datapack: minecraft:sounds/PresenceFootsteps/blocks/step/marble/marble_walk5.ogg, ignoring
[17:10:23] [Worker-Main-33/WARN]: Invalid path in datapack: minecraft:sounds/PresenceFootsteps/blocks/step/marble/marble_walk6.ogg, ignoring
[17:10:23] [Worker-Main-33/WARN]: Invalid path in datapack: minecraft:sounds/PresenceFootsteps/blocks/step/marble/marble_walk7.ogg, ignoring
[17:10:23] [Worker-Main-33/WARN]: Invalid path in datapack: minecraft:sounds/PresenceFootsteps/blocks/step/marble/marble_walk8.ogg, ignoring
[17:10:23] [Worker-Main-33/WARN]: Invalid path in datapack: minecraft:sounds/PresenceFootsteps/blocks/step/marble/marble_walk9.ogg, ignoring
[17:10:23] [Worker-Main-33/WARN]: Invalid path in datapack: minecraft:sounds/PresenceFootsteps/blocks/step/marble/marble_wander1.ogg, ignoring
[17:10:23] [Worker-Main-33/WARN]: Invalid path in datapack: minecraft:sounds/PresenceFootsteps/blocks/step/marble/marble_wander2.ogg, ignoring
[17:10:23] [Worker-Main-33/WARN]: Invalid path in datapack: minecraft:sounds/PresenceFootsteps/blocks/step/marble/marble_wander3.ogg, ignoring
[17:10:23] [Worker-Main-33/WARN]: Invalid path in datapack: minecraft:sounds/PresenceFootsteps/blocks/step/marble/marble_wander4.ogg, ignoring
[17:10:23] [Worker-Main-33/WARN]: Invalid path in datapack: minecraft:sounds/PresenceFootsteps/blocks/step/marble/marble_wander5.ogg, ignoring
[17:10:23] [Render thread/INFO]: [CHAT]  FarmerEgg: Buying ALL barrels (50b-400b)/// Time warps (50T)/// La Peace Fish (100b) DM ME
[17:10:23] [Worker-Main-33/WARN]: Invalid path in datapack: minecraft:sounds/PresenceFootsteps/blocks/step/marble/marble_wander6.ogg, ignoring
[17:10:23] [Worker-Main-33/WARN]: Invalid path in datapack: minecraft:sounds/PresenceFootsteps/blocks/step/marble/marble_wander7.ogg, ignoring
[17:10:23] [Worker-Main-33/WARN]: Invalid path in datapack: minecraft:sounds/PresenceFootsteps/blocks/step/metal/metalbox_run1.ogg, ignoring
[17:10:23] [Worker-Main-33/WARN]: Invalid path in datapack: minecraft:sounds/PresenceFootsteps/blocks/step/metal/metalbox_run10.ogg, ignoring
[17:10:23] [Worker-Main-33/WARN]: Invalid path in datapack: minecraft:sounds/PresenceFootsteps/blocks/step/metal/metalbox_run2.ogg, ignoring
[17:10:23] [Worker-Main-33/WARN]: Invalid path in datapack: minecraft:sounds/PresenceFootsteps/blocks/step/metal/metalbox_run3.ogg, ignoring
[17:10:23] [Worker-Main-33/WARN]: Invalid path in datapack: minecraft:sounds/PresenceFootsteps/blocks/step/metal/metalbox_run4.ogg, ignoring
[17:10:23] [Worker-Main-33/WARN]: Invalid path in datapack: minecraft:sounds/PresenceFootsteps/blocks/step/metal/metalbox_run5.ogg, ignoring
[17:10:23] [Worker-Main-33/WARN]: Invalid path in datapack: minecraft:sounds/PresenceFootsteps/blocks/step/metal/metalbox_run6.ogg, ignoring
[17:10:23] [Worker-Main-33/WARN]: Invalid path in datapack: minecraft:sounds/PresenceFootsteps/blocks/step/metal/metalbox_run7.ogg, ignoring
[17:10:23] [Worker-Main-33/WARN]: Invalid path in datapack: minecraft:sounds/PresenceFootsteps/blocks/step/metal/metalbox_run8.ogg, ignoring
[17:10:23] [Worker-Main-33/WARN]: Invalid path in datapack: minecraft:sounds/PresenceFootsteps/blocks/step/metal/metalbox_run9.ogg, ignoring
[17:10:23] [Worker-Main-33/WARN]: Invalid path in datapack: minecraft:sounds/PresenceFootsteps/blocks/step/metal/metalbox_walk1.ogg, ignoring
[17:10:23] [Worker-Main-33/WARN]: Invalid path in datapack: minecraft:sounds/PresenceFootsteps/blocks/step/metal/metalbox_walk2.ogg, ignoring
[17:10:23] [Worker-Main-33/WARN]: Invalid path in datapack: minecraft:sounds/PresenceFootsteps/blocks/step/metal/metalbox_walk3.ogg, ignoring
[17:10:23] [Worker-Main-33/WARN]: Invalid path in datapack: minecraft:sounds/PresenceFootsteps/blocks/step/metal/metalbox_walk4.ogg, ignoring
[17:10:23] [Worker-Main-33/WARN]: Invalid path in datapack: minecraft:sounds/PresenceFootsteps/blocks/step/metal/metalbox_walk5.ogg, ignoring
[17:10:23] [Worker-Main-33/WARN]: Invalid path in datapack: minecraft:sounds/PresenceFootsteps/blocks/step/metal/metalbox_walk6.ogg, ignoring
[17:10:23] [Worker-Main-33/WARN]: Invalid path in datapack: minecraft:sounds/PresenceFootsteps/blocks/step/metal/metalbox_walk7.ogg, ignoring
[17:10:23] [Worker-Main-33/WARN]: Invalid path in datapack: minecraft:sounds/PresenceFootsteps/blocks/step/metal/metalbox_walk8.ogg, ignoring
[17:10:23] [Worker-Main-33/WARN]: Invalid path in datapack: minecraft:sounds/PresenceFootsteps/blocks/step/metal/metalbox_walk9.ogg, ignoring
[17:10:23] [Worker-Main-33/WARN]: Invalid path in datapack: minecraft:sounds/PresenceFootsteps/blocks/step/metal/metalbox_wander1.ogg, ignoring
[17:10:23] [Worker-Main-33/WARN]: Invalid path in datapack: minecraft:sounds/PresenceFootsteps/blocks/step/metal/metalbox_wander2.ogg, ignoring
[17:10:23] [Worker-Main-33/WARN]: Invalid path in datapack: minecraft:sounds/PresenceFootsteps/blocks/step/metal/metalbox_wander3.ogg, ignoring
[17:10:23] [Worker-Main-33/WARN]: Invalid path in datapack: minecraft:sounds/PresenceFootsteps/blocks/step/metal/metalbox_wander4.ogg, ignoring
[17:10:23] [Worker-Main-27/INFO]: Found unifont_all_no_pua-17.0.01.hex, loading
[17:10:23] [Worker-Main-33/WARN]: Invalid path in datapack: minecraft:sounds/PresenceFootsteps/blocks/step/metalbar/metalbar_land1.ogg, ignoring
[17:10:23] [Worker-Main-30/INFO]: Found unifont_jp_patch-17.0.01.hex, loading
[17:10:23] [Worker-Main-28/INFO]: Found unifont_pua-17.0.01.hex, loading
[17:10:23] [Worker-Main-33/WARN]: Invalid path in datapack: minecraft:sounds/PresenceFootsteps/blocks/step/metalbar/metalbar_run1.ogg, ignoring
[17:10:23] [Worker-Main-33/WARN]: Invalid path in datapack: minecraft:sounds/PresenceFootsteps/blocks/step/metalbar/metalbar_run10.ogg, ignoring
[17:10:23] [Worker-Main-33/WARN]: Invalid path in datapack: minecraft:sounds/PresenceFootsteps/blocks/step/metalbar/metalbar_run11.ogg, ignoring
[17:10:23] [Worker-Main-33/WARN]: Invalid path in datapack: minecraft:sounds/PresenceFootsteps/blocks/step/metalbar/metalbar_run2.ogg, ignoring
[17:10:23] [Worker-Main-33/WARN]: Invalid path in datapack: minecraft:sounds/PresenceFootsteps/blocks/step/metalbar/metalbar_run3.ogg, ignoring
[17:10:23] [Worker-Main-33/WARN]: Invalid path in datapack: minecraft:sounds/PresenceFootsteps/blocks/step/metalbar/metalbar_run4.ogg, ignoring
[17:10:23] [Worker-Main-33/WARN]: Invalid path in datapack: minecraft:sounds/PresenceFootsteps/blocks/step/metalbar/metalbar_run5.ogg, ignoring
[17:10:23] [Worker-Main-33/WARN]: Invalid path in datapack: minecraft:sounds/PresenceFootsteps/blocks/step/metalbar/metalbar_run6.ogg, ignoring
[17:10:23] [Worker-Main-33/WARN]: Invalid path in datapack: minecraft:sounds/PresenceFootsteps/blocks/step/metalbar/metalbar_run7.ogg, ignoring
[17:10:23] [Worker-Main-33/WARN]: Invalid path in datapack: minecraft:sounds/PresenceFootsteps/blocks/step/metalbar/metalbar_run8.ogg, ignoring
[17:10:23] [Worker-Main-33/WARN]: Invalid path in datapack: minecraft:sounds/PresenceFootsteps/blocks/step/metalbar/metalbar_run9.ogg, ignoring
[17:10:23] [Worker-Main-33/WARN]: Invalid path in datapack: minecraft:sounds/PresenceFootsteps/blocks/step/metalbar/metalbar_walk1.ogg, ignoring
[17:10:23] [Worker-Main-33/WARN]: Invalid path in datapack: minecraft:sounds/PresenceFootsteps/blocks/step/metalbar/metalbar_walk10.ogg, ignoring
[17:10:23] [Worker-Main-33/WARN]: Invalid path in datapack: minecraft:sounds/PresenceFootsteps/blocks/step/metalbar/metalbar_walk11.ogg, ignoring
[17:10:23] [Worker-Main-33/WARN]: Invalid path in datapack: minecraft:sounds/PresenceFootsteps/blocks/step/metalbar/metalbar_walk2.ogg, ignoring
[17:10:23] [Worker-Main-33/WARN]: Invalid path in datapack: minecraft:sounds/PresenceFootsteps/blocks/step/metalbar/metalbar_walk3.ogg, ignoring
[17:10:23] [Worker-Main-33/WARN]: Invalid path in datapack: minecraft:sounds/PresenceFootsteps/blocks/step/metalbar/metalbar_walk4.ogg, ignoring
[17:10:23] [Worker-Main-33/WARN]: Invalid path in datapack: minecraft:sounds/PresenceFootsteps/blocks/step/metalbar/metalbar_walk5.ogg, ignoring
[17:10:23] [Worker-Main-33/WARN]: Invalid path in datapack: minecraft:sounds/PresenceFootsteps/blocks/step/metalbar/metalbar_walk6.ogg, ignoring
[17:10:23] [Worker-Main-33/WARN]: Invalid path in datapack: minecraft:sounds/PresenceFootsteps/blocks/step/metalbar/metalbar_walk7.ogg, ignoring
[17:10:23] [Worker-Main-33/WARN]: Invalid path in datapack: minecraft:sounds/PresenceFootsteps/blocks/step/metalbar/metalbar_walk8.ogg, ignoring
[17:10:23] [Worker-Main-33/WARN]: Invalid path in datapack: minecraft:sounds/PresenceFootsteps/blocks/step/metalbar/metalbar_walk9.ogg, ignoring
[17:10:23] [Worker-Main-33/WARN]: Invalid path in datapack: minecraft:sounds/PresenceFootsteps/blocks/step/metalbar/metalbar_wander1.ogg, ignoring
[17:10:23] [Worker-Main-33/WARN]: Invalid path in datapack: minecraft:sounds/PresenceFootsteps/blocks/step/metalbar/metalbar_wander2.ogg, ignoring
[17:10:23] [Worker-Main-33/WARN]: Invalid path in datapack: minecraft:sounds/PresenceFootsteps/blocks/step/metalbar/metalbar_wander3.ogg, ignoring
[17:10:23] [Worker-Main-33/WARN]: Invalid path in datapack: minecraft:sounds/PresenceFootsteps/blocks/step/metalbar/metalbar_wander4.ogg, ignoring
[17:10:23] [Worker-Main-33/WARN]: Invalid path in datapack: minecraft:sounds/PresenceFootsteps/blocks/step/metalbar/metalbar_wander5.ogg, ignoring
[17:10:23] [Worker-Main-33/WARN]: Invalid path in datapack: minecraft:sounds/PresenceFootsteps/blocks/step/metalbar/metalbar_wander6.ogg, ignoring
[17:10:23] [Worker-Main-33/WARN]: Invalid path in datapack: minecraft:sounds/PresenceFootsteps/blocks/step/metalbox/metalbox_run1.ogg, ignoring
[17:10:23] [Worker-Main-33/WARN]: Invalid path in datapack: minecraft:sounds/PresenceFootsteps/blocks/step/metalbox/metalbox_run10.ogg, ignoring
[17:10:23] [Worker-Main-33/WARN]: Invalid path in datapack: minecraft:sounds/PresenceFootsteps/blocks/step/metalbox/metalbox_run2.ogg, ignoring
[17:10:23] [Worker-Main-33/WARN]: Invalid path in datapack: minecraft:sounds/PresenceFootsteps/blocks/step/metalbox/metalbox_run3.ogg, ignoring
[17:10:23] [Worker-Main-33/WARN]: Invalid path in datapack: minecraft:sounds/PresenceFootsteps/blocks/step/metalbox/metalbox_run4.ogg, ignoring
[17:10:23] [Worker-Main-33/WARN]: Invalid path in datapack: minecraft:sounds/PresenceFootsteps/blocks/step/metalbox/metalbox_run5.ogg, ignoring
[17:10:23] [Worker-Main-33/WARN]: Invalid path in datapack: minecraft:sounds/PresenceFootsteps/blocks/step/metalbox/metalbox_run6.ogg, ignoring
[17:10:23] [Worker-Main-33/WARN]: Invalid path in datapack: minecraft:sounds/PresenceFootsteps/blocks/step/metalbox/metalbox_run7.ogg, ignoring
[17:10:23] [Worker-Main-33/WARN]: Invalid path in datapack: minecraft:sounds/PresenceFootsteps/blocks/step/metalbox/metalbox_run8.ogg, ignoring
[17:10:23] [Worker-Main-33/WARN]: Invalid path in datapack: minecraft:sounds/PresenceFootsteps/blocks/step/metalbox/metalbox_run9.ogg, ignoring
[17:10:23] [Worker-Main-33/WARN]: Invalid path in datapack: minecraft:sounds/PresenceFootsteps/blocks/step/metalbox/metalbox_walk1.ogg, ignoring
[17:10:23] [Worker-Main-33/WARN]: Invalid path in datapack: minecraft:sounds/PresenceFootsteps/blocks/step/metalbox/metalbox_walk2.ogg, ignoring
[17:10:23] [Worker-Main-33/WARN]: Invalid path in datapack: minecraft:sounds/PresenceFootsteps/blocks/step/metalbox/metalbox_walk3.ogg, ignoring
[17:10:23] [Worker-Main-33/WARN]: Invalid path in datapack: minecraft:sounds/PresenceFootsteps/blocks/step/metalbox/metalbox_walk4.ogg, ignoring
[17:10:23] [Worker-Main-33/WARN]: Invalid path in datapack: minecraft:sounds/PresenceFootsteps/blocks/step/metalbox/metalbox_walk5.ogg, ignoring
[17:10:23] [Worker-Main-33/WARN]: Invalid path in datapack: minecraft:sounds/PresenceFootsteps/blocks/step/metalbox/metalbox_walk6.ogg, ignoring
[17:10:23] [Worker-Main-33/WARN]: Invalid path in datapack: minecraft:sounds/PresenceFootsteps/blocks/step/metalbox/metalbox_walk7.ogg, ignoring
[17:10:23] [Worker-Main-33/WARN]: Invalid path in datapack: minecraft:sounds/PresenceFootsteps/blocks/step/metalbox/metalbox_walk8.ogg, ignoring
[17:10:23] [Worker-Main-33/WARN]: Invalid path in datapack: minecraft:sounds/PresenceFootsteps/blocks/step/metalbox/metalbox_walk9.ogg, ignoring
[17:10:23] [Worker-Main-33/WARN]: Invalid path in datapack: minecraft:sounds/PresenceFootsteps/blocks/step/metalbox/metalbox_wander1.ogg, ignoring
[17:10:23] [Worker-Main-33/WARN]: Invalid path in datapack: minecraft:sounds/PresenceFootsteps/blocks/step/metalbox/metalbox_wander2.ogg, ignoring
[17:10:23] [Worker-Main-33/WARN]: Invalid path in datapack: minecraft:sounds/PresenceFootsteps/blocks/step/metalbox/metalbox_wander3.ogg, ignoring
[17:10:23] [Worker-Main-33/WARN]: Invalid path in datapack: minecraft:sounds/PresenceFootsteps/blocks/step/metalbox/metalbox_wander4.ogg, ignoring
[17:10:23] [Worker-Main-33/WARN]: Invalid path in datapack: minecraft:sounds/PresenceFootsteps/blocks/step/moss/moss_step1.ogg, ignoring
[17:10:23] [Worker-Main-33/WARN]: Invalid path in datapack: minecraft:sounds/PresenceFootsteps/blocks/step/moss/moss_step10.ogg, ignoring
[17:10:23] [Worker-Main-33/WARN]: Invalid path in datapack: minecraft:sounds/PresenceFootsteps/blocks/step/moss/moss_step11.ogg, ignoring
[17:10:23] [Worker-Main-28/WARN]: Missing block model: minecraft:builtin/entity
[17:10:23] [Worker-Main-33/WARN]: Invalid path in datapack: minecraft:sounds/PresenceFootsteps/blocks/step/moss/moss_step2.ogg, ignoring
[17:10:23] [Worker-Main-33/WARN]: Invalid path in datapack: minecraft:sounds/PresenceFootsteps/blocks/step/moss/moss_step3.ogg, ignoring
[17:10:23] [Worker-Main-33/WARN]: Invalid path in datapack: minecraft:sounds/PresenceFootsteps/blocks/step/moss/moss_step4.ogg, ignoring
[17:10:23] [Worker-Main-33/WARN]: Invalid path in datapack: minecraft:sounds/PresenceFootsteps/blocks/step/moss/moss_step5.ogg, ignoring
[17:10:23] [Worker-Main-33/WARN]: Invalid path in datapack: minecraft:sounds/PresenceFootsteps/blocks/step/moss/moss_step6.ogg, ignoring
[17:10:23] [Worker-Main-33/WARN]: Invalid path in datapack: minecraft:sounds/PresenceFootsteps/blocks/step/moss/moss_step7.ogg, ignoring
[17:10:23] [Worker-Main-33/WARN]: Invalid path in datapack: minecraft:sounds/PresenceFootsteps/blocks/step/moss/moss_step8.ogg, ignoring
[17:10:23] [Worker-Main-33/WARN]: Invalid path in datapack: minecraft:sounds/PresenceFootsteps/blocks/step/moss/moss_step9.ogg, ignoring
[17:10:23] [Worker-Main-33/WARN]: Invalid path in datapack: minecraft:sounds/PresenceFootsteps/blocks/step/mud/mud_walk1.ogg, ignoring
[17:10:23] [Worker-Main-33/WARN]: Invalid path in datapack: minecraft:sounds/PresenceFootsteps/blocks/step/mud/mud_walk2.ogg, ignoring
[17:10:23] [Worker-Main-33/WARN]: Invalid path in datapack: minecraft:sounds/PresenceFootsteps/blocks/step/mud/mud_walk3.ogg, ignoring
[17:10:23] [Worker-Main-33/WARN]: Invalid path in datapack: minecraft:sounds/PresenceFootsteps/blocks/step/mud/mud_walk4.ogg, ignoring
[17:10:23] [Worker-Main-33/WARN]: Invalid path in datapack: minecraft:sounds/PresenceFootsteps/blocks/step/mud/mud_walk5.ogg, ignoring
[17:10:23] [Worker-Main-33/WARN]: Invalid path in datapack: minecraft:sounds/PresenceFootsteps/blocks/step/mud/mud_walk6.ogg, ignoring
[17:10:23] [Worker-Main-33/WARN]: Invalid path in datapack: minecraft:sounds/PresenceFootsteps/blocks/step/mud/mud_wander1.ogg, ignoring
[17:10:23] [Worker-Main-33/WARN]: Invalid path in datapack: minecraft:sounds/PresenceFootsteps/blocks/step/mud/mud_wander2.ogg, ignoring
[17:10:23] [Worker-Main-33/WARN]: Invalid path in datapack: minecraft:sounds/PresenceFootsteps/blocks/step/mud/mud_wander3.ogg, ignoring
[17:10:23] [Worker-Main-33/WARN]: Invalid path in datapack: minecraft:sounds/PresenceFootsteps/blocks/step/mud/mud_wander4.ogg, ignoring
[17:10:23] [Worker-Main-33/WARN]: Invalid path in datapack: minecraft:sounds/PresenceFootsteps/blocks/step/mud/muffledice_walk1.ogg, ignoring
[17:10:23] [Worker-Main-33/WARN]: Invalid path in datapack: minecraft:sounds/PresenceFootsteps/blocks/step/mud/muffledice_walk10.ogg, ignoring
[17:10:23] [Worker-Main-33/WARN]: Invalid path in datapack: minecraft:sounds/PresenceFootsteps/blocks/step/mud/muffledice_walk2.ogg, ignoring
[17:10:23] [Worker-Main-33/WARN]: Invalid path in datapack: minecraft:sounds/PresenceFootsteps/blocks/step/mud/muffledice_walk3.ogg, ignoring
[17:10:23] [Worker-Main-33/WARN]: Invalid path in datapack: minecraft:sounds/PresenceFootsteps/blocks/step/mud/muffledice_walk4.ogg, ignoring
[17:10:23] [Worker-Main-33/WARN]: Invalid path in datapack: minecraft:sounds/PresenceFootsteps/blocks/step/mud/muffledice_walk5.ogg, ignoring
[17:10:23] [Worker-Main-33/WARN]: Invalid path in datapack: minecraft:sounds/PresenceFootsteps/blocks/step/mud/muffledice_walk6.ogg, ignoring
[17:10:23] [Worker-Main-33/WARN]: Invalid path in datapack: minecraft:sounds/PresenceFootsteps/blocks/step/mud/muffledice_walk7.ogg, ignoring
[17:10:23] [Worker-Main-33/WARN]: Invalid path in datapack: minecraft:sounds/PresenceFootsteps/blocks/step/mud/muffledice_walk8.ogg, ignoring
[17:10:23] [Worker-Main-33/WARN]: Invalid path in datapack: minecraft:sounds/PresenceFootsteps/blocks/step/mud/muffledice_walk9.ogg, ignoring
[17:10:23] [Worker-Main-33/WARN]: Invalid path in datapack: minecraft:sounds/PresenceFootsteps/blocks/step/muffledice/muffledice_walk1.ogg, ignoring
[17:10:23] [Worker-Main-33/WARN]: Invalid path in datapack: minecraft:sounds/PresenceFootsteps/blocks/step/muffledice/muffledice_walk10.ogg, ignoring
[17:10:23] [Worker-Main-33/WARN]: Invalid path in datapack: minecraft:sounds/PresenceFootsteps/blocks/step/muffledice/muffledice_walk2.ogg, ignoring
[17:10:23] [Worker-Main-33/WARN]: Invalid path in datapack: minecraft:sounds/PresenceFootsteps/blocks/step/muffledice/muffledice_walk3.ogg, ignoring
[17:10:23] [Worker-Main-33/WARN]: Invalid path in datapack: minecraft:sounds/PresenceFootsteps/blocks/step/muffledice/muffledice_walk4.ogg, ignoring
[17:10:23] [Worker-Main-33/WARN]: Invalid path in datapack: minecraft:sounds/PresenceFootsteps/blocks/step/muffledice/muffledice_walk5.ogg, ignoring
[17:10:23] [Worker-Main-33/WARN]: Invalid path in datapack: minecraft:sounds/PresenceFootsteps/blocks/step/muffledice/muffledice_walk6.ogg, ignoring
[17:10:23] [Worker-Main-33/WARN]: Invalid path in datapack: minecraft:sounds/PresenceFootsteps/blocks/step/muffledice/muffledice_walk7.ogg, ignoring
[17:10:23] [Worker-Main-33/WARN]: Invalid path in datapack: minecraft:sounds/PresenceFootsteps/blocks/step/muffledice/muffledice_walk8.ogg, ignoring
[17:10:23] [Worker-Main-33/WARN]: Invalid path in datapack: minecraft:sounds/PresenceFootsteps/blocks/step/muffledice/muffledice_walk9.ogg, ignoring
[17:10:23] [Worker-Main-33/WARN]: Invalid path in datapack: minecraft:sounds/PresenceFootsteps/blocks/step/petals/leaves_through1.ogg, ignoring
[17:10:23] [Worker-Main-33/WARN]: Invalid path in datapack: minecraft:sounds/PresenceFootsteps/blocks/step/petals/leaves_through2.ogg, ignoring
[17:10:23] [Worker-Main-33/WARN]: Invalid path in datapack: minecraft:sounds/PresenceFootsteps/blocks/step/petals/leaves_through3.ogg, ignoring
[17:10:23] [Worker-Main-33/WARN]: Invalid path in datapack: minecraft:sounds/PresenceFootsteps/blocks/step/petals/leaves_through4.ogg, ignoring
[17:10:23] [Worker-Main-33/WARN]: Invalid path in datapack: minecraft:sounds/PresenceFootsteps/blocks/step/petals/leaves_through5.ogg, ignoring
[17:10:23] [Worker-Main-33/WARN]: Invalid path in datapack: minecraft:sounds/PresenceFootsteps/blocks/step/petals/leaves_through6.ogg, ignoring
[17:10:23] [Worker-Main-33/WARN]: Invalid path in datapack: minecraft:sounds/PresenceFootsteps/blocks/step/petals/leaves_through7.ogg, ignoring
[17:10:23] [Worker-Main-33/WARN]: Invalid path in datapack: minecraft:sounds/PresenceFootsteps/blocks/step/quicksand/quicksand_walk1.ogg, ignoring
[17:10:23] [Worker-Main-33/WARN]: Invalid path in datapack: minecraft:sounds/PresenceFootsteps/blocks/step/quicksand/quicksand_walk10.ogg, ignoring
[17:10:23] [Worker-Main-33/WARN]: Invalid path in datapack: minecraft:sounds/PresenceFootsteps/blocks/step/quicksand/quicksand_walk11.ogg, ignoring
[17:10:23] [Worker-Main-33/WARN]: Invalid path in datapack: minecraft:sounds/PresenceFootsteps/blocks/step/quicksand/quicksand_walk2.ogg, ignoring
[17:10:23] [Worker-Main-33/WARN]: Invalid path in datapack: minecraft:sounds/PresenceFootsteps/blocks/step/quicksand/quicksand_walk3.ogg, ignoring
[17:10:23] [Worker-Main-33/WARN]: Invalid path in datapack: minecraft:sounds/PresenceFootsteps/blocks/step/quicksand/quicksand_walk4.ogg, ignoring
[17:10:23] [Worker-Main-33/WARN]: Invalid path in datapack: minecraft:sounds/PresenceFootsteps/blocks/step/quicksand/quicksand_walk5.ogg, ignoring
[17:10:23] [Worker-Main-33/WARN]: Invalid path in datapack: minecraft:sounds/PresenceFootsteps/blocks/step/quicksand/quicksand_walk6.ogg, ignoring
[17:10:23] [Worker-Main-33/WARN]: Invalid path in datapack: minecraft:sounds/PresenceFootsteps/blocks/step/quicksand/quicksand_walk7.ogg, ignoring
[17:10:23] [Worker-Main-33/WARN]: Invalid path in datapack: minecraft:sounds/PresenceFootsteps/blocks/step/quicksand/quicksand_walk8.ogg, ignoring
[17:10:23] [Worker-Main-33/WARN]: Invalid path in datapack: minecraft:sounds/PresenceFootsteps/blocks/step/quicksand/quicksand_walk9.ogg, ignoring
[17:10:23] [Worker-Main-33/WARN]: Invalid path in datapack: minecraft:sounds/PresenceFootsteps/blocks/step/rug/rug_walk1.ogg, ignoring
[17:10:23] [Worker-Main-33/WARN]: Invalid path in datapack: minecraft:sounds/PresenceFootsteps/blocks/step/rug/rug_walk10.ogg, ignoring
[17:10:23] [Worker-Main-33/WARN]: Invalid path in datapack: minecraft:sounds/PresenceFootsteps/blocks/step/rug/rug_walk11.ogg, ignoring
[17:10:23] [Worker-Main-33/WARN]: Invalid path in datapack: minecraft:sounds/PresenceFootsteps/blocks/step/rug/rug_walk2.ogg, ignoring
[17:10:23] [Worker-Main-33/WARN]: Invalid path in datapack: minecraft:sounds/PresenceFootsteps/blocks/step/rug/rug_walk3.ogg, ignoring
[17:10:23] [Worker-Main-33/WARN]: Invalid path in datapack: minecraft:sounds/PresenceFootsteps/blocks/step/rug/rug_walk4.ogg, ignoring
[17:10:23] [Worker-Main-33/WARN]: Invalid path in datapack: minecraft:sounds/PresenceFootsteps/blocks/step/rug/rug_walk5.ogg, ignoring
[17:10:23] [Worker-Main-33/WARN]: Invalid path in datapack: minecraft:sounds/PresenceFootsteps/blocks/step/rug/rug_walk6.ogg, ignoring
[17:10:23] [Worker-Main-33/WARN]: Invalid path in datapack: minecraft:sounds/PresenceFootsteps/blocks/step/rug/rug_walk7.ogg, ignoring
[17:10:23] [Worker-Main-33/WARN]: Invalid path in datapack: minecraft:sounds/PresenceFootsteps/blocks/step/rug/rug_walk8.ogg, ignoring
[17:10:23] [Worker-Main-33/WARN]: Invalid path in datapack: minecraft:sounds/PresenceFootsteps/blocks/step/rug/rug_walk9.ogg, ignoring
[17:10:23] [Worker-Main-33/WARN]: Invalid path in datapack: minecraft:sounds/PresenceFootsteps/blocks/step/sand/sand_run1.ogg, ignoring
[17:10:23] [Worker-Main-33/WARN]: Invalid path in datapack: minecraft:sounds/PresenceFootsteps/blocks/step/sand/sand_run10.ogg, ignoring
[17:10:23] [Worker-Main-33/WARN]: Invalid path in datapack: minecraft:sounds/PresenceFootsteps/blocks/step/sand/sand_run11.ogg, ignoring
[17:10:23] [Worker-Main-33/WARN]: Invalid path in datapack: minecraft:sounds/PresenceFootsteps/blocks/step/sand/sand_run2.ogg, ignoring
[17:10:23] [Worker-Main-33/WARN]: Invalid path in datapack: minecraft:sounds/PresenceFootsteps/blocks/step/sand/sand_run3.ogg, ignoring
[17:10:23] [Worker-Main-33/WARN]: Invalid path in datapack: minecraft:sounds/PresenceFootsteps/blocks/step/sand/sand_run4.ogg, ignoring
[17:10:23] [Worker-Main-33/WARN]: Invalid path in datapack: minecraft:sounds/PresenceFootsteps/blocks/step/sand/sand_run5.ogg, ignoring
[17:10:23] [Worker-Main-33/WARN]: Invalid path in datapack: minecraft:sounds/PresenceFootsteps/blocks/step/sand/sand_run6.ogg, ignoring
[17:10:23] [Worker-Main-33/WARN]: Invalid path in datapack: minecraft:sounds/PresenceFootsteps/blocks/step/sand/sand_run7.ogg, ignoring
[17:10:23] [Worker-Main-33/WARN]: Invalid path in datapack: minecraft:sounds/PresenceFootsteps/blocks/step/sand/sand_run8.ogg, ignoring
[17:10:23] [Worker-Main-33/WARN]: Invalid path in datapack: minecraft:sounds/PresenceFootsteps/blocks/step/sand/sand_run9.ogg, ignoring
[17:10:23] [Worker-Main-33/WARN]: Invalid path in datapack: minecraft:sounds/PresenceFootsteps/blocks/step/sand/sand_walk1.ogg, ignoring
[17:10:23] [Worker-Main-33/WARN]: Invalid path in datapack: minecraft:sounds/PresenceFootsteps/blocks/step/sand/sand_walk10.ogg, ignoring
[17:10:23] [Worker-Main-33/WARN]: Invalid path in datapack: minecraft:sounds/PresenceFootsteps/blocks/step/sand/sand_walk11.ogg, ignoring
[17:10:23] [Worker-Main-33/WARN]: Invalid path in datapack: minecraft:sounds/PresenceFootsteps/blocks/step/sand/sand_walk2.ogg, ignoring
[17:10:23] [Worker-Main-33/WARN]: Invalid path in datapack: minecraft:sounds/PresenceFootsteps/blocks/step/sand/sand_walk3.ogg, ignoring
[17:10:23] [Worker-Main-33/WARN]: Invalid path in datapack: minecraft:sounds/PresenceFootsteps/blocks/step/sand/sand_walk4.ogg, ignoring
[17:10:23] [Worker-Main-33/WARN]: Invalid path in datapack: minecraft:sounds/PresenceFootsteps/blocks/step/sand/sand_walk5.ogg, ignoring
[17:10:23] [Worker-Main-33/WARN]: Invalid path in datapack: minecraft:sounds/PresenceFootsteps/blocks/step/sand/sand_walk6.ogg, ignoring
[17:10:23] [Worker-Main-33/WARN]: Invalid path in datapack: minecraft:sounds/PresenceFootsteps/blocks/step/sand/sand_walk7.ogg, ignoring
[17:10:23] [Worker-Main-33/WARN]: Invalid path in datapack: minecraft:sounds/PresenceFootsteps/blocks/step/sand/sand_walk8.ogg, ignoring
[17:10:23] [Worker-Main-33/WARN]: Invalid path in datapack: minecraft:sounds/PresenceFootsteps/blocks/step/sand/sand_walk9.ogg, ignoring
[17:10:23] [Worker-Main-33/WARN]: Invalid path in datapack: minecraft:sounds/PresenceFootsteps/blocks/step/slime/slime_run1.ogg, ignoring
[17:10:23] [Worker-Main-33/WARN]: Invalid path in datapack: minecraft:sounds/PresenceFootsteps/blocks/step/slime/slime_run2.ogg, ignoring
[17:10:23] [Worker-Main-33/WARN]: Invalid path in datapack: minecraft:sounds/PresenceFootsteps/blocks/step/slime/slime_run3.ogg, ignoring
[17:10:23] [Worker-Main-33/WARN]: Invalid path in datapack: minecraft:sounds/PresenceFootsteps/blocks/step/slime/slime_run4.ogg, ignoring
[17:10:23] [Worker-Main-33/WARN]: Invalid path in datapack: minecraft:sounds/PresenceFootsteps/blocks/step/slime/slime_run5.ogg, ignoring
[17:10:23] [Worker-Main-33/WARN]: Invalid path in datapack: minecraft:sounds/PresenceFootsteps/blocks/step/slime/slime_run6.ogg, ignoring
[17:10:23] [Worker-Main-33/WARN]: Invalid path in datapack: minecraft:sounds/PresenceFootsteps/blocks/step/slime/slime_walk1.ogg, ignoring
[17:10:23] [Worker-Main-33/WARN]: Invalid path in datapack: minecraft:sounds/PresenceFootsteps/blocks/step/slime/slime_walk2.ogg, ignoring
[17:10:23] [Worker-Main-33/WARN]: Invalid path in datapack: minecraft:sounds/PresenceFootsteps/blocks/step/slime/slime_walk3.ogg, ignoring
[17:10:23] [Worker-Main-33/WARN]: Invalid path in datapack: minecraft:sounds/PresenceFootsteps/blocks/step/slime/slime_walk4.ogg, ignoring
[17:10:23] [Worker-Main-33/WARN]: Invalid path in datapack: minecraft:sounds/PresenceFootsteps/blocks/step/slime/slime_walk5.ogg, ignoring
[17:10:23] [Worker-Main-33/WARN]: Invalid path in datapack: minecraft:sounds/PresenceFootsteps/blocks/step/slime/slime_walk6.ogg, ignoring
[17:10:23] [Worker-Main-33/WARN]: Invalid path in datapack: minecraft:sounds/PresenceFootsteps/blocks/step/snow/snow_run1.ogg, ignoring
[17:10:23] [Worker-Main-33/WARN]: Invalid path in datapack: minecraft:sounds/PresenceFootsteps/blocks/step/snow/snow_run10.ogg, ignoring
[17:10:23] [Worker-Main-33/WARN]: Invalid path in datapack: minecraft:sounds/PresenceFootsteps/blocks/step/snow/snow_run11.ogg, ignoring
[17:10:23] [Worker-Main-33/WARN]: Invalid path in datapack: minecraft:sounds/PresenceFootsteps/blocks/step/snow/snow_run2.ogg, ignoring
[17:10:23] [Worker-Main-33/WARN]: Invalid path in datapack: minecraft:sounds/PresenceFootsteps/blocks/step/snow/snow_run3.ogg, ignoring
[17:10:23] [Worker-Main-33/WARN]: Invalid path in datapack: minecraft:sounds/PresenceFootsteps/blocks/step/snow/snow_run4.ogg, ignoring
[17:10:23] [Worker-Main-33/WARN]: Invalid path in datapack: minecraft:sounds/PresenceFootsteps/blocks/step/snow/snow_run5.ogg, ignoring
[17:10:23] [Worker-Main-33/WARN]: Invalid path in datapack: minecraft:sounds/PresenceFootsteps/blocks/step/snow/snow_run6.ogg, ignoring
[17:10:23] [Worker-Main-33/WARN]: Invalid path in datapack: minecraft:sounds/PresenceFootsteps/blocks/step/snow/snow_run7.ogg, ignoring
[17:10:23] [Worker-Main-33/WARN]: Invalid path in datapack: minecraft:sounds/PresenceFootsteps/blocks/step/snow/snow_run8.ogg, ignoring
[17:10:23] [Worker-Main-33/WARN]: Invalid path in datapack: minecraft:sounds/PresenceFootsteps/blocks/step/snow/snow_run9.ogg, ignoring
[17:10:23] [Worker-Main-33/WARN]: Invalid path in datapack: minecraft:sounds/PresenceFootsteps/blocks/step/snow/snow_walk1.ogg, ignoring
[17:10:23] [Worker-Main-33/WARN]: Invalid path in datapack: minecraft:sounds/PresenceFootsteps/blocks/step/snow/snow_walk10.ogg, ignoring
[17:10:23] [Worker-Main-33/WARN]: Invalid path in datapack: minecraft:sounds/PresenceFootsteps/blocks/step/snow/snow_walk11.ogg, ignoring
[17:10:23] [Worker-Main-33/WARN]: Invalid path in datapack: minecraft:sounds/PresenceFootsteps/blocks/step/snow/snow_walk2.ogg, ignoring
[17:10:23] [Worker-Main-33/WARN]: Invalid path in datapack: minecraft:sounds/PresenceFootsteps/blocks/step/snow/snow_walk3.ogg, ignoring
[17:10:23] [Worker-Main-33/WARN]: Invalid path in datapack: minecraft:sounds/PresenceFootsteps/blocks/step/snow/snow_walk4.ogg, ignoring
[17:10:23] [Worker-Main-33/WARN]: Invalid path in datapack: minecraft:sounds/PresenceFootsteps/blocks/step/snow/snow_walk5.ogg, ignoring
[17:10:23] [Worker-Main-33/WARN]: Invalid path in datapack: minecraft:sounds/PresenceFootsteps/blocks/step/snow/snow_walk6.ogg, ignoring
[17:10:23] [Worker-Main-33/WARN]: Invalid path in datapack: minecraft:sounds/PresenceFootsteps/blocks/step/snow/snow_walk7.ogg, ignoring
[17:10:23] [Worker-Main-33/WARN]: Invalid path in datapack: minecraft:sounds/PresenceFootsteps/blocks/step/snow/snow_walk8.ogg, ignoring
[17:10:23] [Worker-Main-33/WARN]: Invalid path in datapack: minecraft:sounds/PresenceFootsteps/blocks/step/snow/snow_walk9.ogg, ignoring
[17:10:23] [Worker-Main-33/WARN]: Invalid path in datapack: minecraft:sounds/PresenceFootsteps/blocks/step/snow/snow_wander1.ogg, ignoring
[17:10:23] [Worker-Main-33/WARN]: Invalid path in datapack: minecraft:sounds/PresenceFootsteps/blocks/step/snow/snow_wander2.ogg, ignoring
[17:10:23] [Worker-Main-33/WARN]: Invalid path in datapack: minecraft:sounds/PresenceFootsteps/blocks/step/snow/snow_wander3.ogg, ignoring
[17:10:23] [Worker-Main-33/WARN]: Invalid path in datapack: minecraft:sounds/PresenceFootsteps/blocks/step/snow/snow_wander4.ogg, ignoring
[17:10:23] [Worker-Main-33/WARN]: Invalid path in datapack: minecraft:sounds/PresenceFootsteps/blocks/step/snow/snow_wander5.ogg, ignoring
[17:10:23] [Worker-Main-33/WARN]: Invalid path in datapack: minecraft:sounds/PresenceFootsteps/blocks/step/squeakywood/squeakywood_walk1.ogg, ignoring
[17:10:23] [Worker-Main-33/WARN]: Invalid path in datapack: minecraft:sounds/PresenceFootsteps/blocks/step/squeakywood/squeakywood_walk10.ogg, ignoring
[17:10:23] [Worker-Main-33/WARN]: Invalid path in datapack: minecraft:sounds/PresenceFootsteps/blocks/step/squeakywood/squeakywood_walk11.ogg, ignoring
[17:10:23] [Worker-Main-33/WARN]: Invalid path in datapack: minecraft:sounds/PresenceFootsteps/blocks/step/squeakywood/squeakywood_walk2.ogg, ignoring
[17:10:23] [Worker-Main-33/WARN]: Invalid path in datapack: minecraft:sounds/PresenceFootsteps/blocks/step/squeakywood/squeakywood_walk3.ogg, ignoring
[17:10:23] [Worker-Main-33/WARN]: Invalid path in datapack: minecraft:sounds/PresenceFootsteps/blocks/step/squeakywood/squeakywood_walk4.ogg, ignoring
[17:10:23] [Worker-Main-33/WARN]: Invalid path in datapack: minecraft:sounds/PresenceFootsteps/blocks/step/squeakywood/squeakywood_walk5.ogg, ignoring
[17:10:23] [Worker-Main-33/WARN]: Invalid path in datapack: minecraft:sounds/PresenceFootsteps/blocks/step/squeakywood/squeakywood_walk6.ogg, ignoring
[17:10:23] [Worker-Main-33/WARN]: Invalid path in datapack: minecraft:sounds/PresenceFootsteps/blocks/step/squeakywood/squeakywood_walk7.ogg, ignoring
[17:10:23] [Worker-Main-33/WARN]: Invalid path in datapack: minecraft:sounds/PresenceFootsteps/blocks/step/squeakywood/squeakywood_walk8.ogg, ignoring
[17:10:23] [Worker-Main-33/WARN]: Invalid path in datapack: minecraft:sounds/PresenceFootsteps/blocks/step/squeakywood/squeakywood_walk9.ogg, ignoring
[17:10:23] [Worker-Main-33/WARN]: Invalid path in datapack: minecraft:sounds/PresenceFootsteps/blocks/step/squeakywood/squeakywood_wander1.ogg, ignoring
[17:10:23] [Worker-Main-33/WARN]: Invalid path in datapack: minecraft:sounds/PresenceFootsteps/blocks/step/squeakywood/squeakywood_wander2.ogg, ignoring
[17:10:23] [Worker-Main-33/WARN]: Invalid path in datapack: minecraft:sounds/PresenceFootsteps/blocks/step/squeakywood/squeakywood_wander3.ogg, ignoring
[17:10:23] [Worker-Main-33/WARN]: Invalid path in datapack: minecraft:sounds/PresenceFootsteps/blocks/step/squeakywood/squeakywood_wander4.ogg, ignoring
[17:10:23] [Worker-Main-26/WARN]: Missing texture references in model minecraft:item/end_crystal:
    particle
[17:10:23] [Worker-Main-33/WARN]: Invalid path in datapack: minecraft:sounds/PresenceFootsteps/blocks/step/squeakywood/squeakywood_wander5.ogg, ignoring
[17:10:23] [Worker-Main-33/WARN]: Invalid path in datapack: minecraft:sounds/PresenceFootsteps/blocks/step/squeakywood/squeakywood_wander6.ogg, ignoring
[17:10:23] [Worker-Main-33/WARN]: Invalid path in datapack: minecraft:sounds/PresenceFootsteps/blocks/step/squeakywood/squeakywood_wander7.ogg, ignoring
[17:10:23] [Worker-Main-33/WARN]: Invalid path in datapack: minecraft:sounds/PresenceFootsteps/blocks/step/stone/stone_run1.ogg, ignoring
[17:10:23] [Worker-Main-33/WARN]: Invalid path in datapack: minecraft:sounds/PresenceFootsteps/blocks/step/stone/stone_run10.ogg, ignoring
[17:10:23] [Worker-Main-33/WARN]: Invalid path in datapack: minecraft:sounds/PresenceFootsteps/blocks/step/stone/stone_run11.ogg, ignoring
[17:10:23] [Worker-Main-33/WARN]: Invalid path in datapack: minecraft:sounds/PresenceFootsteps/blocks/step/stone/stone_run2.ogg, ignoring
[17:10:23] [Worker-Main-33/WARN]: Invalid path in datapack: minecraft:sounds/PresenceFootsteps/blocks/step/stone/stone_run3.ogg, ignoring
[17:10:23] [Worker-Main-33/WARN]: Invalid path in datapack: minecraft:sounds/PresenceFootsteps/blocks/step/stone/stone_run4.ogg, ignoring
[17:10:23] [Worker-Main-33/WARN]: Invalid path in datapack: minecraft:sounds/PresenceFootsteps/blocks/step/stone/stone_run5.ogg, ignoring
[17:10:23] [Worker-Main-33/WARN]: Invalid path in datapack: minecraft:sounds/PresenceFootsteps/blocks/step/stone/stone_run6.ogg, ignoring
[17:10:23] [Worker-Main-33/WARN]: Invalid path in datapack: minecraft:sounds/PresenceFootsteps/blocks/step/stone/stone_run7.ogg, ignoring
[17:10:23] [Worker-Main-33/WARN]: Invalid path in datapack: minecraft:sounds/PresenceFootsteps/blocks/step/stone/stone_run8.ogg, ignoring
[17:10:23] [Worker-Main-33/WARN]: Invalid path in datapack: minecraft:sounds/PresenceFootsteps/blocks/step/stone/stone_run9.ogg, ignoring
[17:10:23] [Worker-Main-33/WARN]: Invalid path in datapack: minecraft:sounds/PresenceFootsteps/blocks/step/stone/stone_walk1.ogg, ignoring
[17:10:23] [Worker-Main-33/WARN]: Invalid path in datapack: minecraft:sounds/PresenceFootsteps/blocks/step/stone/stone_walk10.ogg, ignoring
[17:10:23] [Worker-Main-33/WARN]: Invalid path in datapack: minecraft:sounds/PresenceFootsteps/blocks/step/stone/stone_walk11.ogg, ignoring
[17:10:23] [Worker-Main-33/WARN]: Invalid path in datapack: minecraft:sounds/PresenceFootsteps/blocks/step/stone/stone_walk2.ogg, ignoring
[17:10:23] [Worker-Main-33/WARN]: Invalid path in datapack: minecraft:sounds/PresenceFootsteps/blocks/step/stone/stone_walk3.ogg, ignoring
[17:10:23] [Worker-Main-33/WARN]: Invalid path in datapack: minecraft:sounds/PresenceFootsteps/blocks/step/stone/stone_walk4.ogg, ignoring
[17:10:23] [Worker-Main-33/WARN]: Invalid path in datapack: minecraft:sounds/PresenceFootsteps/blocks/step/stone/stone_walk5.ogg, ignoring
[17:10:23] [Worker-Main-33/WARN]: Invalid path in datapack: minecraft:sounds/PresenceFootsteps/blocks/step/stone/stone_walk6.ogg, ignoring
[17:10:23] [Worker-Main-33/WARN]: Invalid path in datapack: minecraft:sounds/PresenceFootsteps/blocks/step/stone/stone_walk7.ogg, ignoring
[17:10:23] [Worker-Main-33/WARN]: Invalid path in datapack: minecraft:sounds/PresenceFootsteps/blocks/step/stone/stone_walk8.ogg, ignoring
[17:10:23] [Worker-Main-33/WARN]: Invalid path in datapack: minecraft:sounds/PresenceFootsteps/blocks/step/stone/stone_walk9.ogg, ignoring
[17:10:23] [Worker-Main-33/WARN]: Invalid path in datapack: minecraft:sounds/PresenceFootsteps/blocks/step/stone/stone_wander1.ogg, ignoring
[17:10:23] [Worker-Main-33/WARN]: Invalid path in datapack: minecraft:sounds/PresenceFootsteps/blocks/step/stone/stone_wander2.ogg, ignoring
[17:10:23] [Worker-Main-33/WARN]: Invalid path in datapack: minecraft:sounds/PresenceFootsteps/blocks/step/stone/stone_wander3.ogg, ignoring
[17:10:23] [Worker-Main-33/WARN]: Invalid path in datapack: minecraft:sounds/PresenceFootsteps/blocks/step/stone/stone_wander4.ogg, ignoring
[17:10:23] [Worker-Main-33/WARN]: Invalid path in datapack: minecraft:sounds/PresenceFootsteps/blocks/step/stone/stone_wander5.ogg, ignoring
[17:10:23] [Worker-Main-33/WARN]: Invalid path in datapack: minecraft:sounds/PresenceFootsteps/blocks/step/water/water_through1.ogg, ignoring
[17:10:23] [Worker-Main-33/WARN]: Invalid path in datapack: minecraft:sounds/PresenceFootsteps/blocks/step/water/water_through10.ogg, ignoring
[17:10:23] [Worker-Main-33/WARN]: Invalid path in datapack: minecraft:sounds/PresenceFootsteps/blocks/step/water/water_through11.ogg, ignoring
[17:10:23] [Worker-Main-33/WARN]: Invalid path in datapack: minecraft:sounds/PresenceFootsteps/blocks/step/water/water_through2.ogg, ignoring
[17:10:23] [Worker-Main-33/WARN]: Invalid path in datapack: minecraft:sounds/PresenceFootsteps/blocks/step/water/water_through3.ogg, ignoring
[17:10:23] [Worker-Main-33/WARN]: Invalid path in datapack: minecraft:sounds/PresenceFootsteps/blocks/step/water/water_through4.ogg, ignoring
[17:10:23] [Worker-Main-33/WARN]: Invalid path in datapack: minecraft:sounds/PresenceFootsteps/blocks/step/water/water_through5.ogg, ignoring
[17:10:23] [Worker-Main-33/WARN]: Invalid path in datapack: minecraft:sounds/PresenceFootsteps/blocks/step/water/water_through6.ogg, ignoring
[17:10:23] [Worker-Main-33/WARN]: Invalid path in datapack: minecraft:sounds/PresenceFootsteps/blocks/step/water/water_through7.ogg, ignoring
[17:10:23] [Worker-Main-33/WARN]: Invalid path in datapack: minecraft:sounds/PresenceFootsteps/blocks/step/water/water_through8.ogg, ignoring
[17:10:23] [Worker-Main-33/WARN]: Invalid path in datapack: minecraft:sounds/PresenceFootsteps/blocks/step/water/water_through9.ogg, ignoring
[17:10:23] [Worker-Main-33/WARN]: Invalid path in datapack: minecraft:sounds/PresenceFootsteps/blocks/step/water/water_wander1.ogg, ignoring
[17:10:23] [Worker-Main-33/WARN]: Invalid path in datapack: minecraft:sounds/PresenceFootsteps/blocks/step/water/water_wander2.ogg, ignoring
[17:10:23] [Worker-Main-33/WARN]: Invalid path in datapack: minecraft:sounds/PresenceFootsteps/blocks/step/water/water_wander3.ogg, ignoring
[17:10:23] [Worker-Main-33/WARN]: Invalid path in datapack: minecraft:sounds/PresenceFootsteps/blocks/step/water/water_wander4.ogg, ignoring
[17:10:23] [Worker-Main-33/WARN]: Invalid path in datapack: minecraft:sounds/PresenceFootsteps/blocks/step/water/water_wander5.ogg, ignoring
[17:10:23] [Worker-Main-33/WARN]: Invalid path in datapack: minecraft:sounds/PresenceFootsteps/blocks/step/water_stereofix/water_through1.ogg, ignoring
[17:10:23] [Worker-Main-33/WARN]: Invalid path in datapack: minecraft:sounds/PresenceFootsteps/blocks/step/water_stereofix/water_through10.ogg, ignoring
[17:10:23] [Worker-Main-33/WARN]: Invalid path in datapack: minecraft:sounds/PresenceFootsteps/blocks/step/water_stereofix/water_through11.ogg, ignoring
[17:10:23] [Worker-Main-33/WARN]: Invalid path in datapack: minecraft:sounds/PresenceFootsteps/blocks/step/water_stereofix/water_through2.ogg, ignoring
[17:10:23] [Worker-Main-33/WARN]: Invalid path in datapack: minecraft:sounds/PresenceFootsteps/blocks/step/water_stereofix/water_through3.ogg, ignoring
[17:10:23] [Worker-Main-33/WARN]: Invalid path in datapack: minecraft:sounds/PresenceFootsteps/blocks/step/water_stereofix/water_through4.ogg, ignoring
[17:10:23] [Worker-Main-33/WARN]: Invalid path in datapack: minecraft:sounds/PresenceFootsteps/blocks/step/water_stereofix/water_through5.ogg, ignoring
[17:10:23] [Worker-Main-33/WARN]: Invalid path in datapack: minecraft:sounds/PresenceFootsteps/blocks/step/water_stereofix/water_through6.ogg, ignoring
[17:10:23] [Worker-Main-33/WARN]: Invalid path in datapack: minecraft:sounds/PresenceFootsteps/blocks/step/water_stereofix/water_through7.ogg, ignoring
[17:10:23] [Worker-Main-33/WARN]: Invalid path in datapack: minecraft:sounds/PresenceFootsteps/blocks/step/water_stereofix/water_through8.ogg, ignoring
[17:10:23] [Worker-Main-33/WARN]: Invalid path in datapack: minecraft:sounds/PresenceFootsteps/blocks/step/water_stereofix/water_through9.ogg, ignoring
[17:10:23] [Worker-Main-33/WARN]: Invalid path in datapack: minecraft:sounds/PresenceFootsteps/blocks/step/water_stereofix/water_wander1.ogg, ignoring
[17:10:23] [Worker-Main-33/WARN]: Invalid path in datapack: minecraft:sounds/PresenceFootsteps/blocks/step/water_stereofix/water_wander2.ogg, ignoring
[17:10:23] [Worker-Main-33/WARN]: Invalid path in datapack: minecraft:sounds/PresenceFootsteps/blocks/step/water_stereofix/water_wander3.ogg, ignoring
[17:10:23] [Worker-Main-33/WARN]: Invalid path in datapack: minecraft:sounds/PresenceFootsteps/blocks/step/water_stereofix/water_wander4.ogg, ignoring
[17:10:23] [Worker-Main-33/WARN]: Invalid path in datapack: minecraft:sounds/PresenceFootsteps/blocks/step/water_stereofix/water_wander5.ogg, ignoring
[17:10:23] [Worker-Main-33/WARN]: Invalid path in datapack: minecraft:sounds/PresenceFootsteps/blocks/step/weakice/weakice_walk1.ogg, ignoring
[17:10:23] [Worker-Main-33/WARN]: Invalid path in datapack: minecraft:sounds/PresenceFootsteps/blocks/step/weakice/weakice_walk10.ogg, ignoring
[17:10:23] [Worker-Main-33/WARN]: Invalid path in datapack: minecraft:sounds/PresenceFootsteps/blocks/step/weakice/weakice_walk2.ogg, ignoring
[17:10:23] [Worker-Main-33/WARN]: Invalid path in datapack: minecraft:sounds/PresenceFootsteps/blocks/step/weakice/weakice_walk3.ogg, ignoring
[17:10:23] [Worker-Main-33/WARN]: Invalid path in datapack: minecraft:sounds/PresenceFootsteps/blocks/step/weakice/weakice_walk4.ogg, ignoring
[17:10:23] [Worker-Main-33/WARN]: Invalid path in datapack: minecraft:sounds/PresenceFootsteps/blocks/step/weakice/weakice_walk5.ogg, ignoring
[17:10:23] [Worker-Main-33/WARN]: Invalid path in datapack: minecraft:sounds/PresenceFootsteps/blocks/step/weakice/weakice_walk6.ogg, ignoring
[17:10:23] [Worker-Main-33/WARN]: Invalid path in datapack: minecraft:sounds/PresenceFootsteps/blocks/step/weakice/weakice_walk7.ogg, ignoring
[17:10:23] [Worker-Main-33/WARN]: Invalid path in datapack: minecraft:sounds/PresenceFootsteps/blocks/step/weakice/weakice_walk8.ogg, ignoring
[17:10:23] [Worker-Main-33/WARN]: Invalid path in datapack: minecraft:sounds/PresenceFootsteps/blocks/step/weakice/weakice_walk9.ogg, ignoring
[17:10:23] [Worker-Main-33/WARN]: Invalid path in datapack: minecraft:sounds/PresenceFootsteps/blocks/step/wing/dash1.ogg, ignoring
[17:10:23] [Worker-Main-33/WARN]: Invalid path in datapack: minecraft:sounds/PresenceFootsteps/blocks/step/wing/land1.ogg, ignoring
[17:10:23] [Worker-Main-33/WARN]: Invalid path in datapack: minecraft:sounds/PresenceFootsteps/blocks/step/wing/wing0.ogg, ignoring
[17:10:23] [Worker-Main-33/WARN]: Invalid path in datapack: minecraft:sounds/PresenceFootsteps/blocks/step/wing/wing1.ogg, ignoring
[17:10:23] [Worker-Main-33/WARN]: Invalid path in datapack: minecraft:sounds/PresenceFootsteps/blocks/step/wing/wing2.ogg, ignoring
[17:10:23] [Worker-Main-33/WARN]: Invalid path in datapack: minecraft:sounds/PresenceFootsteps/blocks/step/wing/wing3.ogg, ignoring
[17:10:23] [Worker-Main-33/WARN]: Invalid path in datapack: minecraft:sounds/PresenceFootsteps/blocks/step/wood/wood_walk1.ogg, ignoring
[17:10:23] [Worker-Main-33/WARN]: Invalid path in datapack: minecraft:sounds/PresenceFootsteps/blocks/step/wood/wood_walk10.ogg, ignoring
[17:10:23] [Worker-Main-33/WARN]: Invalid path in datapack: minecraft:sounds/PresenceFootsteps/blocks/step/wood/wood_walk11.ogg, ignoring
[17:10:23] [Worker-Main-33/WARN]: Invalid path in datapack: minecraft:sounds/PresenceFootsteps/blocks/step/wood/wood_walk2.ogg, ignoring
[17:10:23] [Worker-Main-33/WARN]: Invalid path in datapack: minecraft:sounds/PresenceFootsteps/blocks/step/wood/wood_walk3.ogg, ignoring
[17:10:23] [Worker-Main-33/WARN]: Invalid path in datapack: minecraft:sounds/PresenceFootsteps/blocks/step/wood/wood_walk4.ogg, ignoring
[17:10:23] [Worker-Main-33/WARN]: Invalid path in datapack: minecraft:sounds/PresenceFootsteps/blocks/step/wood/wood_walk5.ogg, ignoring
[17:10:23] [Worker-Main-33/WARN]: Invalid path in datapack: minecraft:sounds/PresenceFootsteps/blocks/step/wood/wood_walk6.ogg, ignoring
[17:10:23] [Worker-Main-33/WARN]: Invalid path in datapack: minecraft:sounds/PresenceFootsteps/blocks/step/wood/wood_walk7.ogg, ignoring
[17:10:23] [Worker-Main-33/WARN]: Invalid path in datapack: minecraft:sounds/PresenceFootsteps/blocks/step/wood/wood_walk8.ogg, ignoring
[17:10:23] [Worker-Main-33/WARN]: Invalid path in datapack: minecraft:sounds/PresenceFootsteps/blocks/step/wood/wood_walk9.ogg, ignoring
[17:10:23] [Worker-Main-33/WARN]: Invalid sounds.json in resourcepack: 'file/CPVP Aesthetic.zip'
net.minecraft.class_151: Non [a-z0-9/._-] character in path of location: minecraft:PresenceFootsteps/blocks/step/wood/wood_walk1
	at knot//net.minecraft.class_2960.method_45137(class_2960.java:265)
	at knot//net.minecraft.class_2960.method_60656(class_2960.java:51)
	at knot//net.minecraft.class_2960.method_12838(class_2960.java:78)
	at knot//net.minecraft.class_2960.method_60654(class_2960.java:47)
	at knot//net.minecraft.class_1115.method_4790(class_1115.java:55)
	at knot//net.minecraft.class_1115.method_4792(class_1115.java:46)
	at knot//net.minecraft.class_1115.method_4791(class_1115.java:29)
	at knot//net.minecraft.class_1115.deserialize(class_1115.java:20)
	at knot//com.google.gson.internal.bind.TreeTypeAdapter.read(TreeTypeAdapter.java:95)
	at knot//com.google.gson.internal.bind.TypeAdapterRuntimeTypeWrapper.read(TypeAdapterRuntimeTypeWrapper.java:40)
	at knot//com.google.gson.internal.bind.MapTypeAdapterFactory$Adapter.read(MapTypeAdapterFactory.java:203)
	at knot//com.google.gson.internal.bind.MapTypeAdapterFactory$Adapter.read(MapTypeAdapterFactory.java:161)
	at knot//net.minecraft.class_3518.method_47992(class_3518.java:530)
	at knot//net.minecraft.class_3518.method_15297(class_3518.java:537)
	at knot//net.minecraft.class_1144.method_18180(class_1144.java:80)
	at knot//net.minecraft.class_1144.method_18789(class_1144.java:41)
	at knot//net.minecraft.class_4080.method_18791(class_4080.java:13)
	at java.base/java.util.concurrent.CompletableFuture$AsyncSupply.run(Unknown Source)
	at knot//net.minecraft.class_4014.method_67576(class_4014.java:51)
	at java.base/java.util.concurrent.ForkJoinTask$RunnableExecuteAction.exec(Unknown Source)
	at java.base/java.util.concurrent.ForkJoinTask.doExec(Unknown Source)
	at java.base/java.util.concurrent.ForkJoinPool$WorkQueue.topLevelExec(Unknown Source)
	at java.base/java.util.concurrent.ForkJoinPool.scan(Unknown Source)
	at java.base/java.util.concurrent.ForkJoinPool.runWorker(Unknown Source)
	at java.base/java.util.concurrent.ForkJoinWorkerThread.run(Unknown Source)
[17:10:24] [VoiceChatAuthenticationThread/INFO]: [voicechat] Trying to authenticate voice chat connection
[17:10:25] [VoiceChatAuthenticationThread/INFO]: [voicechat] Trying to authenticate voice chat connection
[17:10:25] [Render thread/INFO]: OpenAL initialized on device OpenAL Soft on Headphones (PULSE Elite)
[17:10:25] [Render thread/INFO]: Sound engine started
[17:10:25] [Render thread/INFO]: Created: 2048x2048x0 minecraft:textures/atlas/particles.png-atlas
[17:10:25] [Render thread/INFO]: Created: 128x128x0 minecraft:textures/atlas/decorated_pot.png-atlas
[17:10:25] [Render thread/INFO]: Created: 2048x1024x0 minecraft:textures/atlas/armor_trims.png-atlas
[17:10:25] [Render thread/INFO]: Created: 512x256x0 minecraft:textures/atlas/paintings.png-atlas
[17:10:25] [Render thread/INFO]: Created: 1024x512x0 minecraft:textures/atlas/shield_patterns.png-atlas
[17:10:25] [Render thread/INFO]: Created: 1024x1024x2 minecraft:textures/atlas/blocks.png-atlas
[17:10:25] [Render thread/INFO]: Created: 512x512x0 minecraft:textures/atlas/chest.png-atlas
[17:10:25] [Render thread/INFO]: Created: 256x128x0 minecraft:textures/atlas/celestials.png-atlas
[17:10:25] [Render thread/INFO]: Created: 1024x512x0 minecraft:textures/atlas/banner_patterns.png-atlas
[17:10:25] [Render thread/INFO]: Created: 512x512x0 minecraft:textures/atlas/beds.png-atlas
[17:10:25] [Render thread/INFO]: Created: 1024x512x0 minecraft:textures/atlas/items.png-atlas
[17:10:25] [Render thread/INFO]: Created: 1024x1024x0 minecraft:textures/atlas/gui.png-atlas
[17:10:25] [Render thread/INFO]: Created: 128x64x0 minecraft:textures/atlas/map_decorations.png-atlas
[17:10:25] [Render thread/INFO]: Created: 512x256x0 minecraft:textures/atlas/signs.png-atlas
[17:10:25] [Render thread/INFO]: Created: 512x512x0 minecraft:textures/atlas/shulker_boxes.png-atlas
[17:10:25] [Render thread/INFO]: ResourcePackScanner rescan: [sky=0, clouds=0, sun=0, stars=0, day_sky=0, moon=0, night_sky=0, snow=0, rain=0]
[17:10:25] [Render thread/INFO]: [CHAT] Higgi1406: selling epic fish barrel msg
[17:10:26] [VoiceChatAuthenticationThread/INFO]: [voicechat] Trying to authenticate voice chat connection
[17:10:27] [VoiceChatAuthenticationThread/INFO]: [voicechat] Trying to authenticate voice chat connection
[17:10:28] [VoiceChatAuthenticationThread/INFO]: [voicechat] Trying to authenticate voice chat connection
[17:10:29] [VoiceChatAuthenticationThread/INFO]: [voicechat] Trying to authenticate voice chat connection
[17:10:29] [Render thread/WARN]: Ignoring player info update for unknown player 03a15065-201c-4ee6-b8a4-7d0dd8405787 ([UPDATE_DISPLAY_NAME])
[17:10:29] [Render thread/WARN]: Ignoring player info update for unknown player efe7157c-0426-4ae1-b2b8-ee5cee01473b ([UPDATE_DISPLAY_NAME])
[17:10:30] [VoiceChatAuthenticationThread/INFO]: [voicechat] Trying to authenticate voice chat connection
[17:10:31] [VoiceChatAuthenticationThread/INFO]: [voicechat] Trying to authenticate voice chat connection
[17:10:31] [Render thread/INFO]: [CHAT]  8bill: selling 8h time warp
[17:10:32] [VoiceChatAuthenticationThread/INFO]: [voicechat] Trying to authenticate voice chat connection
[17:10:33] [VoiceChatAuthenticationThread/WARN]: [voicechat] Trying to authenticate voice chat connection (this message will not be logged again)
[17:10:36] [Render thread/INFO]: [voicechat] Clearing audio channels
[17:10:36] [Render thread/INFO]: [voicechat] Disconnecting voicechat
[17:10:36] [Render thread/INFO]: Saving
[17:10:36] [Render thread/INFO]: Saved in 18 milliseconds.
[17:10:36] [Render thread/INFO]: Found non-pack entry 'C:\Users\cadwa\AppData\Roaming\ModrinthApp\profiles\Fabric 1.21.11 (1)\resourcepacks\Better Shield Sounds 1.3.zip.disabled', ignoring
[17:10:36] [Render thread/ERROR]: Couldn't load file/BrandNEWGlowingOres.zip pack metadata: Pack declares support for version newer than 64, but is missing mandatory fields min_format and max_format
[17:10:36] [Render thread/ERROR]: Couldn't load file/Donut Pack.zip pack metadata: Pack declares support for version newer than 64, but is missing mandatory fields min_format and max_format
[17:10:36] [Render thread/ERROR]: Couldn't load file/Miku Totem.zip pack metadata: Pack declares support for version newer than 64, but is missing mandatory fields min_format and max_format
[17:10:36] [Render thread/ERROR]: Couldn't load file/Miku-1.17-26.3-Totem.zip pack metadata: Pack declares support for version newer than 64, but is missing mandatory fields min_format and max_format
[17:10:36] [Render thread/ERROR]: Couldn't load file/Miku_Pack_1.0.1.zip pack metadata: Pack declares support for version newer than 64, but is missing mandatory fields min_format and max_format
[17:10:36] [Render thread/ERROR]: Couldn't load creativecore pack metadata: Pack declares support for format 50, but game versions supporting formats 17 to 64 require a supported_formats field. Add "supported_formats": [50, 64] or require a version greater or equal to 65.0.
[17:10:36] [Render thread/INFO]: Reloading ResourceManager: vanilla, componentviewer, conditional-mixin, creativecore, customskyboxes, exploitpreventer, fabric-api, fabric-api-base, fabric-api-lookup-api-v1, fabric-biome-api-v1, fabric-block-api-v1, fabric-block-view-api-v2, fabric-command-api-v2, fabric-content-registries-v0, fabric-convention-tags-v1, fabric-convention-tags-v2, fabric-crash-report-info-v1, fabric-data-attachment-api-v1, fabric-data-generation-api-v1, fabric-dimensions-v1, fabric-entity-events-v1, fabric-events-interaction-v0, fabric-game-rule-api-v1, fabric-item-api-v1, fabric-item-group-api-v1, fabric-key-binding-api-v1, fabric-lifecycle-events-v1, fabric-loot-api-v2, fabric-loot-api-v3, fabric-message-api-v1, fabric-model-loading-api-v1, fabric-networking-api-v1, fabric-object-builder-api-v1, fabric-particles-v1, fabric-recipe-api-v1, fabric-registry-sync-v0, fabric-renderer-api-v1, fabric-renderer-indigo, fabric-rendering-fluids-v1, fabric-rendering-v1, fabric-resource-conditions-api-v1, fabric-resource-loader-v0, fabric-resource-loader-v1, fabric-screen-api-v1, fabric-screen-handler-api-v1, fabric-serialization-api-v1, fabric-sound-api-v1, fabric-tag-api-v1, fabric-transfer-api-v1, fabric-transitive-access-wideners-v1, fabricloader, fakeclient, gamblerplus, glazed, litematica, malilib, maptooltip, meteor-client, modernmaptooltip, modmenu, nochatrestrictions, opsec, placeholder-api, relogclient, show_my_maps, skyboxify, voicechat, yet_another_config_lib_v3, file/Blue Netherite[1.2.1].zip, file/BlueEnchantmentGlint.zip, file/Blue Diamond Tools 1.4.zip, file/Fullbright-UB-1.21 fub-6.0.zip, file/CPVP Aesthetic.zip
[17:10:36] [Render thread/ERROR]: Invalid path in mod resource-pack gamblerplus: gamblerplus:font/LICENSE-nerd-font.txt, ignoring
[17:10:36] [Worker-Main-27/WARN]: Invalid path in datapack: minecraft:sounds/PresenceFootsteps/blocks/step/bamboo/squeakywood_walk1.ogg, ignoring
[17:10:36] [Worker-Main-27/WARN]: Invalid path in datapack: minecraft:sounds/PresenceFootsteps/blocks/step/bamboo/squeakywood_walk10.ogg, ignoring
[17:10:36] [Worker-Main-27/WARN]: Invalid path in datapack: minecraft:sounds/PresenceFootsteps/blocks/step/bamboo/squeakywood_walk11.ogg, ignoring
[17:10:36] [Worker-Main-27/WARN]: Invalid path in datapack: minecraft:sounds/PresenceFootsteps/blocks/step/bamboo/squeakywood_walk2.ogg, ignoring
[17:10:36] [Worker-Main-27/WARN]: Invalid path in datapack: minecraft:sounds/PresenceFootsteps/blocks/step/bamboo/squeakywood_walk3.ogg, ignoring
[17:10:36] [Worker-Main-27/WARN]: Invalid path in datapack: minecraft:sounds/PresenceFootsteps/blocks/step/bamboo/squeakywood_walk4.ogg, ignoring
[17:10:36] [Worker-Main-27/WARN]: Invalid path in datapack: minecraft:sounds/PresenceFootsteps/blocks/step/bamboo/squeakywood_walk5.ogg, ignoring
[17:10:36] [Worker-Main-27/WARN]: Invalid path in datapack: minecraft:sounds/PresenceFootsteps/blocks/step/bamboo/squeakywood_walk6.ogg, ignoring
[17:10:36] [Worker-Main-27/WARN]: Invalid path in datapack: minecraft:sounds/PresenceFootsteps/blocks/step/bamboo/squeakywood_walk7.ogg, ignoring
[17:10:36] [Worker-Main-27/WARN]: Invalid path in datapack: minecraft:sounds/PresenceFootsteps/blocks/step/bamboo/squeakywood_walk8.ogg, ignoring
[17:10:36] [Worker-Main-27/WARN]: Invalid path in datapack: minecraft:sounds/PresenceFootsteps/blocks/step/bamboo/squeakywood_walk9.ogg, ignoring
[17:10:36] [Worker-Main-27/WARN]: Invalid path in datapack: minecraft:sounds/PresenceFootsteps/blocks/step/bamboo/squeakywood_wander1.ogg, ignoring
[17:10:36] [Worker-Main-27/WARN]: Invalid path in datapack: minecraft:sounds/PresenceFootsteps/blocks/step/bamboo/squeakywood_wander2.ogg, ignoring
[17:10:36] [Worker-Main-27/WARN]: Invalid path in datapack: minecraft:sounds/PresenceFootsteps/blocks/step/bamboo/squeakywood_wander3.ogg, ignoring
[17:10:36] [Worker-Main-27/WARN]: Invalid path in datapack: minecraft:sounds/PresenceFootsteps/blocks/step/bamboo/squeakywood_wander4.ogg, ignoring
[17:10:36] [Worker-Main-27/WARN]: Invalid path in datapack: minecraft:sounds/PresenceFootsteps/blocks/step/bamboo/squeakywood_wander5.ogg, ignoring
[17:10:36] [Worker-Main-27/WARN]: Invalid path in datapack: minecraft:sounds/PresenceFootsteps/blocks/step/bamboo/squeakywood_wander6.ogg, ignoring
[17:10:36] [Worker-Main-27/WARN]: Invalid path in datapack: minecraft:sounds/PresenceFootsteps/blocks/step/bamboo/squeakywood_wander7.ogg, ignoring
[17:10:36] [Worker-Main-27/WARN]: Invalid path in datapack: minecraft:sounds/PresenceFootsteps/blocks/step/bluntwood/bluntwood_walk1.ogg, ignoring
[17:10:36] [Worker-Main-27/WARN]: Invalid path in datapack: minecraft:sounds/PresenceFootsteps/blocks/step/bluntwood/bluntwood_walk10.ogg, ignoring
[17:10:36] [Worker-Main-27/WARN]: Invalid path in datapack: minecraft:sounds/PresenceFootsteps/blocks/step/bluntwood/bluntwood_walk11.ogg, ignoring
[17:10:36] [Worker-Main-27/WARN]: Invalid path in datapack: minecraft:sounds/PresenceFootsteps/blocks/step/bluntwood/bluntwood_walk2.ogg, ignoring
[17:10:36] [Worker-Main-27/WARN]: Invalid path in datapack: minecraft:sounds/PresenceFootsteps/blocks/step/bluntwood/bluntwood_walk3.ogg, ignoring
[17:10:36] [Worker-Main-27/WARN]: Invalid path in datapack: minecraft:sounds/PresenceFootsteps/blocks/step/bluntwood/bluntwood_walk4.ogg, ignoring
[17:10:36] [Worker-Main-27/WARN]: Invalid path in datapack: minecraft:sounds/PresenceFootsteps/blocks/step/bluntwood/bluntwood_walk5.ogg, ignoring
[17:10:36] [Worker-Main-27/WARN]: Invalid path in datapack: minecraft:sounds/PresenceFootsteps/blocks/step/bluntwood/bluntwood_walk6.ogg, ignoring
[17:10:36] [Worker-Main-27/WARN]: Invalid path in datapack: minecraft:sounds/PresenceFootsteps/blocks/step/bluntwood/bluntwood_walk7.ogg, ignoring
[17:10:36] [Worker-Main-27/WARN]: Invalid path in datapack: minecraft:sounds/PresenceFootsteps/blocks/step/bluntwood/bluntwood_walk8.ogg, ignoring
[17:10:36] [Worker-Main-27/WARN]: Invalid path in datapack: minecraft:sounds/PresenceFootsteps/blocks/step/bluntwood/bluntwood_walk9.ogg, ignoring
[17:10:36] [Worker-Main-27/WARN]: Invalid path in datapack: minecraft:sounds/PresenceFootsteps/blocks/step/bluntwood/bluntwood_wander1.ogg, ignoring
[17:10:36] [Worker-Main-27/WARN]: Invalid path in datapack: minecraft:sounds/PresenceFootsteps/blocks/step/bluntwood/bluntwood_wander2.ogg, ignoring
[17:10:36] [Worker-Main-27/WARN]: Invalid path in datapack: minecraft:sounds/PresenceFootsteps/blocks/step/bluntwood/bluntwood_wander3.ogg, ignoring
[17:10:36] [Worker-Main-27/WARN]: Invalid path in datapack: minecraft:sounds/PresenceFootsteps/blocks/step/bluntwood/bluntwood_wander4.ogg, ignoring
[17:10:36] [Worker-Main-27/WARN]: Invalid path in datapack: minecraft:sounds/PresenceFootsteps/blocks/step/bluntwood/bluntwood_wander5.ogg, ignoring
[17:10:36] [Worker-Main-27/WARN]: Invalid path in datapack: minecraft:sounds/PresenceFootsteps/blocks/step/brush/brush_through1.ogg, ignoring
[17:10:36] [Worker-Main-27/WARN]: Invalid path in datapack: minecraft:sounds/PresenceFootsteps/blocks/step/brush/brush_through10.ogg, ignoring
[17:10:36] [Worker-Main-27/WARN]: Invalid path in datapack: minecraft:sounds/PresenceFootsteps/blocks/step/brush/brush_through11.ogg, ignoring
[17:10:36] [Worker-Main-27/WARN]: Invalid path in datapack: minecraft:sounds/PresenceFootsteps/blocks/step/brush/brush_through2.ogg, ignoring
[17:10:36] [Worker-Main-27/WARN]: Invalid path in datapack: minecraft:sounds/PresenceFootsteps/blocks/step/brush/brush_through3.ogg, ignoring
[17:10:36] [Worker-Main-27/WARN]: Invalid path in datapack: minecraft:sounds/PresenceFootsteps/blocks/step/brush/brush_through4.ogg, ignoring
[17:10:36] [Worker-Main-27/WARN]: Invalid path in datapack: minecraft:sounds/PresenceFootsteps/blocks/step/brush/brush_through5.ogg, ignoring
[17:10:36] [Worker-Main-27/WARN]: Invalid path in datapack: minecraft:sounds/PresenceFootsteps/blocks/step/brush/brush_through6.ogg, ignoring
[17:10:36] [Worker-Main-27/WARN]: Invalid path in datapack: minecraft:sounds/PresenceFootsteps/blocks/step/brush/brush_through7.ogg, ignoring
[17:10:36] [Worker-Main-27/WARN]: Invalid path in datapack: minecraft:sounds/PresenceFootsteps/blocks/step/brush/brush_through8.ogg, ignoring
[17:10:36] [Worker-Main-27/WARN]: Invalid path in datapack: minecraft:sounds/PresenceFootsteps/blocks/step/brush/brush_through9.ogg, ignoring
[17:10:36] [Worker-Main-27/WARN]: Invalid path in datapack: minecraft:sounds/PresenceFootsteps/blocks/step/chain/chain_1.ogg, ignoring
[17:10:36] [Worker-Main-27/WARN]: Invalid path in datapack: minecraft:sounds/PresenceFootsteps/blocks/step/chain/chain_10.ogg, ignoring
[17:10:36] [Worker-Main-27/WARN]: Invalid path in datapack: minecraft:sounds/PresenceFootsteps/blocks/step/chain/chain_11.ogg, ignoring
[17:10:36] [Render thread/WARN]: Invalid path in datapack: minecraft:textures/gui/title/background/old low res/panorama_0.png, ignoring
[17:10:36] [Render thread/WARN]: Invalid path in datapack: minecraft:textures/gui/title/background/old low res/panorama_1.png, ignoring
[17:10:36] [Render thread/WARN]: Invalid path in datapack: minecraft:textures/gui/title/background/old low res/panorama_2.png, ignoring
[17:10:36] [Worker-Main-27/WARN]: Invalid path in datapack: minecraft:sounds/PresenceFootsteps/blocks/step/chain/chain_12.ogg, ignoring
[17:10:36] [Render thread/WARN]: Invalid path in datapack: minecraft:textures/gui/title/background/old low res/panorama_3.png, ignoring
[17:10:36] [Render thread/WARN]: Invalid path in datapack: minecraft:textures/gui/title/background/old low res/panorama_4.png, ignoring
[17:10:36] [Worker-Main-27/WARN]: Invalid path in datapack: minecraft:sounds/PresenceFootsteps/blocks/step/chain/chain_2.ogg, ignoring
[17:10:36] [Render thread/WARN]: Invalid path in datapack: minecraft:textures/gui/title/background/old low res/panorama_5.png, ignoring
[17:10:36] [Worker-Main-27/WARN]: Invalid path in datapack: minecraft:sounds/PresenceFootsteps/blocks/step/chain/chain_3.ogg, ignoring
[17:10:36] [Worker-Main-27/WARN]: Invalid path in datapack: minecraft:sounds/PresenceFootsteps/blocks/step/chain/chain_4.ogg, ignoring
[17:10:36] [Worker-Main-27/WARN]: Invalid path in datapack: minecraft:sounds/PresenceFootsteps/blocks/step/chain/chain_5.ogg, ignoring
[17:10:36] [Worker-Main-27/WARN]: Invalid path in datapack: minecraft:sounds/PresenceFootsteps/blocks/step/chain/chain_6.ogg, ignoring
[17:10:36] [Worker-Main-27/WARN]: Invalid path in datapack: minecraft:sounds/PresenceFootsteps/blocks/step/chain/chain_7.ogg, ignoring
[17:10:36] [Worker-Main-27/WARN]: Invalid path in datapack: minecraft:sounds/PresenceFootsteps/blocks/step/chain/chain_8.ogg, ignoring
[17:10:36] [Worker-Main-27/WARN]: Invalid path in datapack: minecraft:sounds/PresenceFootsteps/blocks/step/chain/chain_9.ogg, ignoring
[17:10:36] [Worker-Main-27/WARN]: Invalid path in datapack: minecraft:sounds/PresenceFootsteps/blocks/step/concrete/concrete_run1.ogg, ignoring
[17:10:36] [Worker-Main-27/WARN]: Invalid path in datapack: minecraft:sounds/PresenceFootsteps/blocks/step/concrete/concrete_run10.ogg, ignoring
[17:10:36] [Worker-Main-27/WARN]: Invalid path in datapack: minecraft:sounds/PresenceFootsteps/blocks/step/concrete/concrete_run11.ogg, ignoring
[17:10:36] [Worker-Main-27/WARN]: Invalid path in datapack: minecraft:sounds/PresenceFootsteps/blocks/step/concrete/concrete_run2.ogg, ignoring
[17:10:36] [Worker-Main-27/WARN]: Invalid path in datapack: minecraft:sounds/PresenceFootsteps/blocks/step/concrete/concrete_run3.ogg, ignoring
[17:10:36] [Worker-Main-27/WARN]: Invalid path in datapack: minecraft:sounds/PresenceFootsteps/blocks/step/concrete/concrete_run4.ogg, ignoring
[17:10:36] [Worker-Main-27/WARN]: Invalid path in datapack: minecraft:sounds/PresenceFootsteps/blocks/step/concrete/concrete_run5.ogg, ignoring
[17:10:36] [Worker-Main-27/WARN]: Invalid path in datapack: minecraft:sounds/PresenceFootsteps/blocks/step/concrete/concrete_run6.ogg, ignoring
[17:10:36] [Worker-Main-27/WARN]: Invalid path in datapack: minecraft:sounds/PresenceFootsteps/blocks/step/concrete/concrete_run7.ogg, ignoring
[17:10:36] [Worker-Main-27/WARN]: Invalid path in datapack: minecraft:sounds/PresenceFootsteps/blocks/step/concrete/concrete_run8.ogg, ignoring
[17:10:36] [Worker-Main-27/WARN]: Invalid path in datapack: minecraft:sounds/PresenceFootsteps/blocks/step/concrete/concrete_run9.ogg, ignoring
[17:10:36] [Worker-Main-27/WARN]: Invalid path in datapack: minecraft:sounds/PresenceFootsteps/blocks/step/concrete/concrete_walk1.ogg, ignoring
[17:10:36] [Worker-Main-27/WARN]: Invalid path in datapack: minecraft:sounds/PresenceFootsteps/blocks/step/concrete/concrete_walk10.ogg, ignoring
[17:10:36] [Worker-Main-27/WARN]: Invalid path in datapack: minecraft:sounds/PresenceFootsteps/blocks/step/concrete/concrete_walk11.ogg, ignoring
[17:10:36] [Worker-Main-27/WARN]: Invalid path in datapack: minecraft:sounds/PresenceFootsteps/blocks/step/concrete/concrete_walk2.ogg, ignoring
[17:10:36] [Worker-Main-27/WARN]: Invalid path in datapack: minecraft:sounds/PresenceFootsteps/blocks/step/concrete/concrete_walk3.ogg, ignoring
[17:10:36] [Worker-Main-27/WARN]: Invalid path in datapack: minecraft:sounds/PresenceFootsteps/blocks/step/concrete/concrete_walk4.ogg, ignoring
[17:10:36] [Worker-Main-27/WARN]: Invalid path in datapack: minecraft:sounds/PresenceFootsteps/blocks/step/concrete/concrete_walk5.ogg, ignoring
[17:10:36] [Worker-Main-27/WARN]: Invalid path in datapack: minecraft:sounds/PresenceFootsteps/blocks/step/concrete/concrete_walk6.ogg, ignoring
[17:10:36] [Worker-Main-27/WARN]: Invalid path in datapack: minecraft:sounds/PresenceFootsteps/blocks/step/concrete/concrete_walk7.ogg, ignoring
[17:10:36] [Worker-Main-27/WARN]: Invalid path in datapack: minecraft:sounds/PresenceFootsteps/blocks/step/concrete/concrete_walk8.ogg, ignoring
[17:10:36] [Worker-Main-27/WARN]: Invalid path in datapack: minecraft:sounds/PresenceFootsteps/blocks/step/concrete/concrete_walk9.ogg, ignoring
[17:10:36] [Worker-Main-27/WARN]: Invalid path in datapack: minecraft:sounds/PresenceFootsteps/blocks/step/concrete/concrete_wander1.ogg, ignoring
[17:10:36] [Worker-Main-27/WARN]: Invalid path in datapack: minecraft:sounds/PresenceFootsteps/blocks/step/concrete/concrete_wander2.ogg, ignoring
[17:10:36] [Worker-Main-27/WARN]: Invalid path in datapack: minecraft:sounds/PresenceFootsteps/blocks/step/concrete/concrete_wander3.ogg, ignoring
[17:10:36] [Worker-Main-27/WARN]: Invalid path in datapack: minecraft:sounds/PresenceFootsteps/blocks/step/concrete/concrete_wander4.ogg, ignoring
[17:10:36] [Worker-Main-27/WARN]: Invalid path in datapack: minecraft:sounds/PresenceFootsteps/blocks/step/concrete/concrete_wander5.ogg, ignoring
[17:10:36] [Worker-Main-27/WARN]: Invalid path in datapack: minecraft:sounds/PresenceFootsteps/blocks/step/crystal/crystal_run1.ogg, ignoring
[17:10:36] [Worker-Main-27/WARN]: Invalid path in datapack: minecraft:sounds/PresenceFootsteps/blocks/step/crystal/crystal_run2.ogg, ignoring
[17:10:36] [Worker-Main-27/WARN]: Invalid path in datapack: minecraft:sounds/PresenceFootsteps/blocks/step/crystal/crystal_run3.ogg, ignoring
[17:10:36] [Worker-Main-27/WARN]: Invalid path in datapack: minecraft:sounds/PresenceFootsteps/blocks/step/crystal/crystal_run4.ogg, ignoring
[17:10:36] [Worker-Main-27/WARN]: Invalid path in datapack: minecraft:sounds/PresenceFootsteps/blocks/step/crystal/crystal_run5.ogg, ignoring
[17:10:36] [Worker-Main-27/WARN]: Invalid path in datapack: minecraft:sounds/PresenceFootsteps/blocks/step/crystal/crystal_run6.ogg, ignoring
[17:10:36] [Worker-Main-27/WARN]: Invalid path in datapack: minecraft:sounds/PresenceFootsteps/blocks/step/crystal/crystal_walk1.ogg, ignoring
[17:10:36] [Worker-Main-27/WARN]: Invalid path in datapack: minecraft:sounds/PresenceFootsteps/blocks/step/crystal/crystal_walk2.ogg, ignoring
[17:10:36] [Worker-Main-27/WARN]: Invalid path in datapack: minecraft:sounds/PresenceFootsteps/blocks/step/crystal/crystal_walk3.ogg, ignoring
[17:10:36] [Worker-Main-27/WARN]: Invalid path in datapack: minecraft:sounds/PresenceFootsteps/blocks/step/crystal/crystal_walk4.ogg, ignoring
[17:10:36] [Worker-Main-27/WARN]: Invalid path in datapack: minecraft:sounds/PresenceFootsteps/blocks/step/crystal/crystal_walk5.ogg, ignoring
[17:10:36] [Worker-Main-27/WARN]: Invalid path in datapack: minecraft:sounds/PresenceFootsteps/blocks/step/crystal/crystal_walk6.ogg, ignoring
[17:10:36] [Worker-Main-27/WARN]: Invalid path in datapack: minecraft:sounds/PresenceFootsteps/blocks/step/deckwood/deckwood_run1.ogg, ignoring
[17:10:36] [Worker-Main-27/WARN]: Invalid path in datapack: minecraft:sounds/PresenceFootsteps/blocks/step/deckwood/deckwood_run10.ogg, ignoring
[17:10:36] [Worker-Main-27/WARN]: Invalid path in datapack: minecraft:sounds/PresenceFootsteps/blocks/step/deckwood/deckwood_run11.ogg, ignoring
[17:10:36] [Worker-Main-27/WARN]: Invalid path in datapack: minecraft:sounds/PresenceFootsteps/blocks/step/deckwood/deckwood_run2.ogg, ignoring
[17:10:36] [Worker-Main-27/WARN]: Invalid path in datapack: minecraft:sounds/PresenceFootsteps/blocks/step/deckwood/deckwood_run3.ogg, ignoring
[17:10:36] [Worker-Main-27/WARN]: Invalid path in datapack: minecraft:sounds/PresenceFootsteps/blocks/step/deckwood/deckwood_run4.ogg, ignoring
[17:10:36] [Worker-Main-27/WARN]: Invalid path in datapack: minecraft:sounds/PresenceFootsteps/blocks/step/deckwood/deckwood_run5.ogg, ignoring
[17:10:36] [Worker-Main-27/WARN]: Invalid path in datapack: minecraft:sounds/PresenceFootsteps/blocks/step/deckwood/deckwood_run6.ogg, ignoring
[17:10:36] [Worker-Main-27/WARN]: Invalid path in datapack: minecraft:sounds/PresenceFootsteps/blocks/step/deckwood/deckwood_run7.ogg, ignoring
[17:10:36] [Worker-Main-27/WARN]: Invalid path in datapack: minecraft:sounds/PresenceFootsteps/blocks/step/deckwood/deckwood_run8.ogg, ignoring
[17:10:36] [Worker-Main-27/WARN]: Invalid path in datapack: minecraft:sounds/PresenceFootsteps/blocks/step/deckwood/deckwood_run9.ogg, ignoring
[17:10:36] [Worker-Main-27/WARN]: Invalid path in datapack: minecraft:sounds/PresenceFootsteps/blocks/step/dirt/dirt_land1.ogg, ignoring
[17:10:36] [Worker-Main-27/WARN]: Invalid path in datapack: minecraft:sounds/PresenceFootsteps/blocks/step/dirt/dirt_land2.ogg, ignoring
[17:10:36] [Worker-Main-27/WARN]: Invalid path in datapack: minecraft:sounds/PresenceFootsteps/blocks/step/dirt/dirt_land3.ogg, ignoring
[17:10:36] [Worker-Main-27/WARN]: Invalid path in datapack: minecraft:sounds/PresenceFootsteps/blocks/step/dirt/dirt_land4.ogg, ignoring
[17:10:36] [Worker-Main-27/WARN]: Invalid path in datapack: minecraft:sounds/PresenceFootsteps/blocks/step/dirt/dirt_run1.ogg, ignoring
[17:10:36] [Worker-Main-27/WARN]: Invalid path in datapack: minecraft:sounds/PresenceFootsteps/blocks/step/dirt/dirt_run10.ogg, ignoring
[17:10:36] [Worker-Main-27/WARN]: Invalid path in datapack: minecraft:sounds/PresenceFootsteps/blocks/step/dirt/dirt_run11.ogg, ignoring
[17:10:36] [Worker-Main-27/WARN]: Invalid path in datapack: minecraft:sounds/PresenceFootsteps/blocks/step/dirt/dirt_run2.ogg, ignoring
[17:10:36] [Worker-Main-27/WARN]: Invalid path in datapack: minecraft:sounds/PresenceFootsteps/blocks/step/dirt/dirt_run3.ogg, ignoring
[17:10:36] [Worker-Main-27/WARN]: Invalid path in datapack: minecraft:sounds/PresenceFootsteps/blocks/step/dirt/dirt_run4.ogg, ignoring
[17:10:36] [Worker-Main-27/WARN]: Invalid path in datapack: minecraft:sounds/PresenceFootsteps/blocks/step/dirt/dirt_run5.ogg, ignoring
[17:10:36] [Worker-Main-27/WARN]: Invalid path in datapack: minecraft:sounds/PresenceFootsteps/blocks/step/dirt/dirt_run6.ogg, ignoring
[17:10:36] [Worker-Main-27/WARN]: Invalid path in datapack: minecraft:sounds/PresenceFootsteps/blocks/step/dirt/dirt_run7.ogg, ignoring
[17:10:36] [Worker-Main-27/WARN]: Invalid path in datapack: minecraft:sounds/PresenceFootsteps/blocks/step/dirt/dirt_run8.ogg, ignoring
[17:10:36] [Worker-Main-27/WARN]: Invalid path in datapack: minecraft:sounds/PresenceFootsteps/blocks/step/dirt/dirt_run9.ogg, ignoring
[17:10:36] [Worker-Main-27/WARN]: Invalid path in datapack: minecraft:sounds/PresenceFootsteps/blocks/step/dirt/dirt_walk1.ogg, ignoring
[17:10:36] [Worker-Main-27/WARN]: Invalid path in datapack: minecraft:sounds/PresenceFootsteps/blocks/step/dirt/dirt_walk10.ogg, ignoring
[17:10:36] [Worker-Main-27/WARN]: Invalid path in datapack: minecraft:sounds/PresenceFootsteps/blocks/step/dirt/dirt_walk11.ogg, ignoring
[17:10:36] [Worker-Main-27/WARN]: Invalid path in datapack: minecraft:sounds/PresenceFootsteps/blocks/step/dirt/dirt_walk2.ogg, ignoring
[17:10:36] [Worker-Main-27/WARN]: Invalid path in datapack: minecraft:sounds/PresenceFootsteps/blocks/step/dirt/dirt_walk3.ogg, ignoring
[17:10:36] [Worker-Main-27/WARN]: Invalid path in datapack: minecraft:sounds/PresenceFootsteps/blocks/step/dirt/dirt_walk4.ogg, ignoring
[17:10:36] [Worker-Main-27/WARN]: Invalid path in datapack: minecraft:sounds/PresenceFootsteps/blocks/step/dirt/dirt_walk5.ogg, ignoring
[17:10:36] [Worker-Main-27/WARN]: Invalid path in datapack: minecraft:sounds/PresenceFootsteps/blocks/step/dirt/dirt_walk6.ogg, ignoring
[17:10:36] [Worker-Main-27/WARN]: Invalid path in datapack: minecraft:sounds/PresenceFootsteps/blocks/step/dirt/dirt_walk7.ogg, ignoring
[17:10:36] [Worker-Main-27/WARN]: Invalid path in datapack: minecraft:sounds/PresenceFootsteps/blocks/step/dirt/dirt_walk8.ogg, ignoring
[17:10:36] [Worker-Main-27/WARN]: Invalid path in datapack: minecraft:sounds/PresenceFootsteps/blocks/step/dirt/dirt_walk9.ogg, ignoring
[17:10:36] [Worker-Main-27/WARN]: Invalid path in datapack: minecraft:sounds/PresenceFootsteps/blocks/step/dirt/dirt_wander1.ogg, ignoring
[17:10:36] [Worker-Main-27/WARN]: Invalid path in datapack: minecraft:sounds/PresenceFootsteps/blocks/step/dirt/dirt_wander2.ogg, ignoring
[17:10:36] [Worker-Main-27/WARN]: Invalid path in datapack: minecraft:sounds/PresenceFootsteps/blocks/step/dirt/dirt_wander3.ogg, ignoring
[17:10:36] [Worker-Main-27/WARN]: Invalid path in datapack: minecraft:sounds/PresenceFootsteps/blocks/step/dirt/dirt_wander4.ogg, ignoring
[17:10:36] [Worker-Main-27/WARN]: Invalid path in datapack: minecraft:sounds/PresenceFootsteps/blocks/step/dirt/dirt_wander5.ogg, ignoring
[17:10:36] [Worker-Main-27/WARN]: Invalid path in datapack: minecraft:sounds/PresenceFootsteps/blocks/step/glass/glass_hard1.ogg, ignoring
[17:10:36] [Worker-Main-27/WARN]: Invalid path in datapack: minecraft:sounds/PresenceFootsteps/blocks/step/glass/glass_hit1.ogg, ignoring
[17:10:36] [Worker-Main-27/WARN]: Invalid path in datapack: minecraft:sounds/PresenceFootsteps/blocks/step/glass/glass_hit2.ogg, ignoring
[17:10:36] [Worker-Main-27/WARN]: Invalid path in datapack: minecraft:sounds/PresenceFootsteps/blocks/step/glass/glass_hit3.ogg, ignoring
[17:10:36] [Worker-Main-27/WARN]: Invalid path in datapack: minecraft:sounds/PresenceFootsteps/blocks/step/grass/grass_run1.ogg, ignoring
[17:10:36] [Worker-Main-27/WARN]: Invalid path in datapack: minecraft:sounds/PresenceFootsteps/blocks/step/grass/grass_run2.ogg, ignoring
[17:10:36] [Worker-Main-27/WARN]: Invalid path in datapack: minecraft:sounds/PresenceFootsteps/blocks/step/grass/grass_run3.ogg, ignoring
[17:10:36] [Worker-Main-27/WARN]: Invalid path in datapack: minecraft:sounds/PresenceFootsteps/blocks/step/grass/grass_run4.ogg, ignoring
[17:10:36] [Worker-Main-27/WARN]: Invalid path in datapack: minecraft:sounds/PresenceFootsteps/blocks/step/grass/grass_walk1.ogg, ignoring
[17:10:36] [Worker-Main-27/WARN]: Invalid path in datapack: minecraft:sounds/PresenceFootsteps/blocks/step/grass/grass_walk10.ogg, ignoring
[17:10:36] [Worker-Main-27/WARN]: Invalid path in datapack: minecraft:sounds/PresenceFootsteps/blocks/step/grass/grass_walk2.ogg, ignoring
[17:10:36] [Worker-Main-27/WARN]: Invalid path in datapack: minecraft:sounds/PresenceFootsteps/blocks/step/grass/grass_walk3.ogg, ignoring
[17:10:36] [Worker-Main-27/WARN]: Invalid path in datapack: minecraft:sounds/PresenceFootsteps/blocks/step/grass/grass_walk4.ogg, ignoring
[17:10:36] [Worker-Main-27/WARN]: Invalid path in datapack: minecraft:sounds/PresenceFootsteps/blocks/step/grass/grass_walk5.ogg, ignoring
[17:10:36] [Worker-Main-27/WARN]: Invalid path in datapack: minecraft:sounds/PresenceFootsteps/blocks/step/grass/grass_walk6.ogg, ignoring
[17:10:36] [Worker-Main-27/WARN]: Invalid path in datapack: minecraft:sounds/PresenceFootsteps/blocks/step/grass/grass_walk7.ogg, ignoring
[17:10:36] [Worker-Main-27/WARN]: Invalid path in datapack: minecraft:sounds/PresenceFootsteps/blocks/step/grass/grass_walk8.ogg, ignoring
[17:10:36] [Worker-Main-27/WARN]: Invalid path in datapack: minecraft:sounds/PresenceFootsteps/blocks/step/grass/grass_walk9.ogg, ignoring
[17:10:36] [Worker-Main-27/WARN]: Invalid path in datapack: minecraft:sounds/PresenceFootsteps/blocks/step/grass/grass_wander1.ogg, ignoring
[17:10:36] [Worker-Main-27/WARN]: Invalid path in datapack: minecraft:sounds/PresenceFootsteps/blocks/step/grass/grass_wander2.ogg, ignoring
[17:10:36] [Worker-Main-27/WARN]: Invalid path in datapack: minecraft:sounds/PresenceFootsteps/blocks/step/grass/grass_wander3.ogg, ignoring
[17:10:36] [Worker-Main-27/WARN]: Invalid path in datapack: minecraft:sounds/PresenceFootsteps/blocks/step/grass/grass_wander4.ogg, ignoring
[17:10:36] [Worker-Main-27/WARN]: Invalid path in datapack: minecraft:sounds/PresenceFootsteps/blocks/step/grass/grass_wander5.ogg, ignoring
[17:10:36] [Worker-Main-27/WARN]: Invalid path in datapack: minecraft:sounds/PresenceFootsteps/blocks/step/grass/grass_wander6.ogg, ignoring
[17:10:36] [Worker-Main-27/WARN]: Invalid path in datapack: minecraft:sounds/PresenceFootsteps/blocks/step/gravel/gravel_land1.ogg, ignoring
[17:10:36] [Worker-Main-27/WARN]: Invalid path in datapack: minecraft:sounds/PresenceFootsteps/blocks/step/gravel/gravel_land2.ogg, ignoring
[17:10:36] [Worker-Main-27/WARN]: Invalid path in datapack: minecraft:sounds/PresenceFootsteps/blocks/step/gravel/gravel_run1.ogg, ignoring
[17:10:36] [Worker-Main-27/WARN]: Invalid path in datapack: minecraft:sounds/PresenceFootsteps/blocks/step/gravel/gravel_run10.ogg, ignoring
[17:10:36] [Worker-Main-27/WARN]: Invalid path in datapack: minecraft:sounds/PresenceFootsteps/blocks/step/gravel/gravel_run11.ogg, ignoring
[17:10:36] [Worker-Main-27/WARN]: Invalid path in datapack: minecraft:sounds/PresenceFootsteps/blocks/step/gravel/gravel_run2.ogg, ignoring
[17:10:36] [Worker-Main-27/WARN]: Invalid path in datapack: minecraft:sounds/PresenceFootsteps/blocks/step/gravel/gravel_run3.ogg, ignoring
[17:10:36] [Worker-Main-27/WARN]: Invalid path in datapack: minecraft:sounds/PresenceFootsteps/blocks/step/gravel/gravel_run4.ogg, ignoring
[17:10:36] [Worker-Main-27/WARN]: Invalid path in datapack: minecraft:sounds/PresenceFootsteps/blocks/step/gravel/gravel_run5.ogg, ignoring
[17:10:36] [Worker-Main-27/WARN]: Invalid path in datapack: minecraft:sounds/PresenceFootsteps/blocks/step/gravel/gravel_run6.ogg, ignoring
[17:10:36] [Worker-Main-27/WARN]: Invalid path in datapack: minecraft:sounds/PresenceFootsteps/blocks/step/gravel/gravel_run7.ogg, ignoring
[17:10:36] [Worker-Main-27/WARN]: Invalid path in datapack: minecraft:sounds/PresenceFootsteps/blocks/step/gravel/gravel_run8.ogg, ignoring
[17:10:36] [Worker-Main-27/WARN]: Invalid path in datapack: minecraft:sounds/PresenceFootsteps/blocks/step/gravel/gravel_run9.ogg, ignoring
[17:10:36] [Worker-Main-27/WARN]: Invalid path in datapack: minecraft:sounds/PresenceFootsteps/blocks/step/gravel/gravel_walk1.ogg, ignoring
[17:10:36] [Worker-Main-27/WARN]: Invalid path in datapack: minecraft:sounds/PresenceFootsteps/blocks/step/gravel/gravel_walk10.ogg, ignoring
[17:10:36] [Worker-Main-27/WARN]: Invalid path in datapack: minecraft:sounds/PresenceFootsteps/blocks/step/gravel/gravel_walk11.ogg, ignoring
[17:10:36] [Worker-Main-27/WARN]: Invalid path in datapack: minecraft:sounds/PresenceFootsteps/blocks/step/gravel/gravel_walk2.ogg, ignoring
[17:10:36] [Worker-Main-27/WARN]: Invalid path in datapack: minecraft:sounds/PresenceFootsteps/blocks/step/gravel/gravel_walk3.ogg, ignoring
[17:10:36] [Worker-Main-27/WARN]: Invalid path in datapack: minecraft:sounds/PresenceFootsteps/blocks/step/gravel/gravel_walk4.ogg, ignoring
[17:10:36] [Worker-Main-27/WARN]: Invalid path in datapack: minecraft:sounds/PresenceFootsteps/blocks/step/gravel/gravel_walk5.ogg, ignoring
[17:10:36] [Worker-Main-27/WARN]: Invalid path in datapack: minecraft:sounds/PresenceFootsteps/blocks/step/gravel/gravel_walk6.ogg, ignoring
[17:10:36] [Worker-Main-27/WARN]: Invalid path in datapack: minecraft:sounds/PresenceFootsteps/blocks/step/gravel/gravel_walk7.ogg, ignoring
[17:10:36] [Worker-Main-27/WARN]: Invalid path in datapack: minecraft:sounds/PresenceFootsteps/blocks/step/gravel/gravel_walk8.ogg, ignoring
[17:10:36] [Worker-Main-27/WARN]: Invalid path in datapack: minecraft:sounds/PresenceFootsteps/blocks/step/gravel/gravel_walk9.ogg, ignoring
[17:10:36] [Worker-Main-27/WARN]: Invalid path in datapack: minecraft:sounds/PresenceFootsteps/blocks/step/gravel/gravel_wander1.ogg, ignoring
[17:10:36] [Worker-Main-27/WARN]: Invalid path in datapack: minecraft:sounds/PresenceFootsteps/blocks/step/gravel/gravel_wander2.ogg, ignoring
[17:10:36] [Worker-Main-27/WARN]: Invalid path in datapack: minecraft:sounds/PresenceFootsteps/blocks/step/gravel/gravel_wander3.ogg, ignoring
[17:10:36] [Worker-Main-27/WARN]: Invalid path in datapack: minecraft:sounds/PresenceFootsteps/blocks/step/ladder/ladder1.ogg, ignoring
[17:10:36] [Worker-Main-27/WARN]: Invalid path in datapack: minecraft:sounds/PresenceFootsteps/blocks/step/ladder/ladder2.ogg, ignoring
[17:10:36] [Worker-Main-27/WARN]: Invalid path in datapack: minecraft:sounds/PresenceFootsteps/blocks/step/ladder/ladder3.ogg, ignoring
[17:10:36] [Worker-Main-27/WARN]: Invalid path in datapack: minecraft:sounds/PresenceFootsteps/blocks/step/ladder/ladder4.ogg, ignoring
[17:10:36] [Worker-Main-27/WARN]: Invalid path in datapack: minecraft:sounds/PresenceFootsteps/blocks/step/leaves/leaves_through1.ogg, ignoring
[17:10:36] [Worker-Main-27/WARN]: Invalid path in datapack: minecraft:sounds/PresenceFootsteps/blocks/step/leaves/leaves_through2.ogg, ignoring
[17:10:36] [Worker-Main-27/WARN]: Invalid path in datapack: minecraft:sounds/PresenceFootsteps/blocks/step/leaves/leaves_through3.ogg, ignoring
[17:10:36] [Worker-Main-27/WARN]: Invalid path in datapack: minecraft:sounds/PresenceFootsteps/blocks/step/leaves/leaves_through4.ogg, ignoring
[17:10:36] [Worker-Main-27/WARN]: Invalid path in datapack: minecraft:sounds/PresenceFootsteps/blocks/step/leaves/leaves_through5.ogg, ignoring
[17:10:36] [Worker-Main-27/WARN]: Invalid path in datapack: minecraft:sounds/PresenceFootsteps/blocks/step/leaves/leaves_through6.ogg, ignoring
[17:10:36] [Worker-Main-27/WARN]: Invalid path in datapack: minecraft:sounds/PresenceFootsteps/blocks/step/leaves/leaves_through7.ogg, ignoring
[17:10:36] [Worker-Main-27/WARN]: Invalid path in datapack: minecraft:sounds/PresenceFootsteps/blocks/step/lino/lino_run1.ogg, ignoring
[17:10:36] [Worker-Main-27/WARN]: Invalid path in datapack: minecraft:sounds/PresenceFootsteps/blocks/step/lino/lino_run2.ogg, ignoring
[17:10:36] [Worker-Main-27/WARN]: Invalid path in datapack: minecraft:sounds/PresenceFootsteps/blocks/step/lino/lino_run3.ogg, ignoring
[17:10:36] [Worker-Main-27/WARN]: Invalid path in datapack: minecraft:sounds/PresenceFootsteps/blocks/step/lino/lino_run4.ogg, ignoring
[17:10:36] [Worker-Main-27/WARN]: Invalid path in datapack: minecraft:sounds/PresenceFootsteps/blocks/step/lino/lino_run5.ogg, ignoring
[17:10:36] [Worker-Main-27/WARN]: Invalid path in datapack: minecraft:sounds/PresenceFootsteps/blocks/step/lino/lino_run6.ogg, ignoring
[17:10:36] [Worker-Main-27/WARN]: Invalid path in datapack: minecraft:sounds/PresenceFootsteps/blocks/step/lino/lino_walk1.ogg, ignoring
[17:10:36] [Worker-Main-27/WARN]: Invalid path in datapack: minecraft:sounds/PresenceFootsteps/blocks/step/lino/lino_walk2.ogg, ignoring
[17:10:36] [Worker-Main-27/WARN]: Invalid path in datapack: minecraft:sounds/PresenceFootsteps/blocks/step/lino/lino_walk3.ogg, ignoring
[17:10:36] [Worker-Main-27/WARN]: Invalid path in datapack: minecraft:sounds/PresenceFootsteps/blocks/step/lino/lino_walk4.ogg, ignoring
[17:10:36] [Worker-Main-27/WARN]: Invalid path in datapack: minecraft:sounds/PresenceFootsteps/blocks/step/lino/lino_walk5.ogg, ignoring
[17:10:36] [Worker-Main-27/WARN]: Invalid path in datapack: minecraft:sounds/PresenceFootsteps/blocks/step/lino/lino_walk6.ogg, ignoring
[17:10:36] [Worker-Main-27/WARN]: Invalid path in datapack: minecraft:sounds/PresenceFootsteps/blocks/step/lino/lino_walk7.ogg, ignoring
[17:10:36] [Worker-Main-27/WARN]: Invalid path in datapack: minecraft:sounds/PresenceFootsteps/blocks/step/lino/lino_walk8.ogg, ignoring
[17:10:36] [Worker-Main-27/WARN]: Invalid path in datapack: minecraft:sounds/PresenceFootsteps/blocks/step/marble/marble_run1.ogg, ignoring
[17:10:36] [Worker-Main-27/WARN]: Invalid path in datapack: minecraft:sounds/PresenceFootsteps/blocks/step/marble/marble_run10.ogg, ignoring
[17:10:36] [Worker-Main-27/WARN]: Invalid path in datapack: minecraft:sounds/PresenceFootsteps/blocks/step/marble/marble_run11.ogg, ignoring
[17:10:36] [Worker-Main-27/WARN]: Invalid path in datapack: minecraft:sounds/PresenceFootsteps/blocks/step/marble/marble_run2.ogg, ignoring
[17:10:36] [Worker-Main-27/WARN]: Invalid path in datapack: minecraft:sounds/PresenceFootsteps/blocks/step/marble/marble_run3.ogg, ignoring
[17:10:36] [Worker-Main-27/WARN]: Invalid path in datapack: minecraft:sounds/PresenceFootsteps/blocks/step/marble/marble_run4.ogg, ignoring
[17:10:36] [Worker-Main-27/WARN]: Invalid path in datapack: minecraft:sounds/PresenceFootsteps/blocks/step/marble/marble_run5.ogg, ignoring
[17:10:36] [Worker-Main-27/WARN]: Invalid path in datapack: minecraft:sounds/PresenceFootsteps/blocks/step/marble/marble_run6.ogg, ignoring
[17:10:36] [Worker-Main-27/WARN]: Invalid path in datapack: minecraft:sounds/PresenceFootsteps/blocks/step/marble/marble_run7.ogg, ignoring
[17:10:36] [Worker-Main-27/WARN]: Invalid path in datapack: minecraft:sounds/PresenceFootsteps/blocks/step/marble/marble_run8.ogg, ignoring
[17:10:36] [Worker-Main-27/WARN]: Invalid path in datapack: minecraft:sounds/PresenceFootsteps/blocks/step/marble/marble_run9.ogg, ignoring
[17:10:36] [Worker-Main-27/WARN]: Invalid path in datapack: minecraft:sounds/PresenceFootsteps/blocks/step/marble/marble_walk1.ogg, ignoring
[17:10:36] [Worker-Main-27/WARN]: Invalid path in datapack: minecraft:sounds/PresenceFootsteps/blocks/step/marble/marble_walk10.ogg, ignoring
[17:10:36] [Worker-Main-27/WARN]: Invalid path in datapack: minecraft:sounds/PresenceFootsteps/blocks/step/marble/marble_walk11.ogg, ignoring
[17:10:36] [Worker-Main-27/WARN]: Invalid path in datapack: minecraft:sounds/PresenceFootsteps/blocks/step/marble/marble_walk2.ogg, ignoring
[17:10:36] [Worker-Main-27/WARN]: Invalid path in datapack: minecraft:sounds/PresenceFootsteps/blocks/step/marble/marble_walk3.ogg, ignoring
[17:10:36] [Worker-Main-27/WARN]: Invalid path in datapack: minecraft:sounds/PresenceFootsteps/blocks/step/marble/marble_walk4.ogg, ignoring
[17:10:36] [Worker-Main-27/WARN]: Invalid path in datapack: minecraft:sounds/PresenceFootsteps/blocks/step/marble/marble_walk5.ogg, ignoring
[17:10:36] [Worker-Main-27/WARN]: Invalid path in datapack: minecraft:sounds/PresenceFootsteps/blocks/step/marble/marble_walk6.ogg, ignoring
[17:10:36] [Worker-Main-27/WARN]: Invalid path in datapack: minecraft:sounds/PresenceFootsteps/blocks/step/marble/marble_walk7.ogg, ignoring
[17:10:36] [Worker-Main-27/WARN]: Invalid path in datapack: minecraft:sounds/PresenceFootsteps/blocks/step/marble/marble_walk8.ogg, ignoring
[17:10:36] [Worker-Main-27/WARN]: Invalid path in datapack: minecraft:sounds/PresenceFootsteps/blocks/step/marble/marble_walk9.ogg, ignoring
[17:10:36] [Worker-Main-27/WARN]: Invalid path in datapack: minecraft:sounds/PresenceFootsteps/blocks/step/marble/marble_wander1.ogg, ignoring
[17:10:36] [Worker-Main-27/WARN]: Invalid path in datapack: minecraft:sounds/PresenceFootsteps/blocks/step/marble/marble_wander2.ogg, ignoring
[17:10:36] [Worker-Main-27/WARN]: Invalid path in datapack: minecraft:sounds/PresenceFootsteps/blocks/step/marble/marble_wander3.ogg, ignoring
[17:10:36] [Worker-Main-27/WARN]: Invalid path in datapack: minecraft:sounds/PresenceFootsteps/blocks/step/marble/marble_wander4.ogg, ignoring
[17:10:36] [Worker-Main-27/WARN]: Invalid path in datapack: minecraft:sounds/PresenceFootsteps/blocks/step/marble/marble_wander5.ogg, ignoring
[17:10:36] [Worker-Main-27/WARN]: Invalid path in datapack: minecraft:sounds/PresenceFootsteps/blocks/step/marble/marble_wander6.ogg, ignoring
[17:10:36] [Worker-Main-27/WARN]: Invalid path in datapack: minecraft:sounds/PresenceFootsteps/blocks/step/marble/marble_wander7.ogg, ignoring
[17:10:36] [Worker-Main-27/WARN]: Invalid path in datapack: minecraft:sounds/PresenceFootsteps/blocks/step/metal/metalbox_run1.ogg, ignoring
[17:10:36] [Worker-Main-27/WARN]: Invalid path in datapack: minecraft:sounds/PresenceFootsteps/blocks/step/metal/metalbox_run10.ogg, ignoring
[17:10:36] [Worker-Main-27/WARN]: Invalid path in datapack: minecraft:sounds/PresenceFootsteps/blocks/step/metal/metalbox_run2.ogg, ignoring
[17:10:36] [Worker-Main-27/WARN]: Invalid path in datapack: minecraft:sounds/PresenceFootsteps/blocks/step/metal/metalbox_run3.ogg, ignoring
[17:10:36] [Worker-Main-27/WARN]: Invalid path in datapack: minecraft:sounds/PresenceFootsteps/blocks/step/metal/metalbox_run4.ogg, ignoring
[17:10:36] [Worker-Main-27/WARN]: Invalid path in datapack: minecraft:sounds/PresenceFootsteps/blocks/step/metal/metalbox_run5.ogg, ignoring
[17:10:36] [Worker-Main-27/WARN]: Invalid path in datapack: minecraft:sounds/PresenceFootsteps/blocks/step/metal/metalbox_run6.ogg, ignoring
[17:10:36] [Worker-Main-27/WARN]: Invalid path in datapack: minecraft:sounds/PresenceFootsteps/blocks/step/metal/metalbox_run7.ogg, ignoring
[17:10:36] [Worker-Main-27/WARN]: Invalid path in datapack: minecraft:sounds/PresenceFootsteps/blocks/step/metal/metalbox_run8.ogg, ignoring
[17:10:36] [Worker-Main-32/INFO]: Found unifont_pua-17.0.01.hex, loading
[17:10:36] [Worker-Main-27/WARN]: Invalid path in datapack: minecraft:sounds/PresenceFootsteps/blocks/step/metal/metalbox_run9.ogg, ignoring
[17:10:36] [Worker-Main-27/WARN]: Invalid path in datapack: minecraft:sounds/PresenceFootsteps/blocks/step/metal/metalbox_walk1.ogg, ignoring
[17:10:36] [Worker-Main-27/WARN]: Invalid path in datapack: minecraft:sounds/PresenceFootsteps/blocks/step/metal/metalbox_walk2.ogg, ignoring
[17:10:36] [Worker-Main-27/WARN]: Invalid path in datapack: minecraft:sounds/PresenceFootsteps/blocks/step/metal/metalbox_walk3.ogg, ignoring
[17:10:36] [Worker-Main-27/WARN]: Invalid path in datapack: minecraft:sounds/PresenceFootsteps/blocks/step/metal/metalbox_walk4.ogg, ignoring
[17:10:36] [Worker-Main-27/WARN]: Invalid path in datapack: minecraft:sounds/PresenceFootsteps/blocks/step/metal/metalbox_walk5.ogg, ignoring
[17:10:36] [Worker-Main-27/WARN]: Invalid path in datapack: minecraft:sounds/PresenceFootsteps/blocks/step/metal/metalbox_walk6.ogg, ignoring
[17:10:36] [Worker-Main-27/WARN]: Invalid path in datapack: minecraft:sounds/PresenceFootsteps/blocks/step/metal/metalbox_walk7.ogg, ignoring
[17:10:36] [Worker-Main-27/WARN]: Invalid path in datapack: minecraft:sounds/PresenceFootsteps/blocks/step/metal/metalbox_walk8.ogg, ignoring
[17:10:36] [Worker-Main-27/WARN]: Invalid path in datapack: minecraft:sounds/PresenceFootsteps/blocks/step/metal/metalbox_walk9.ogg, ignoring
[17:10:36] [Worker-Main-27/WARN]: Invalid path in datapack: minecraft:sounds/PresenceFootsteps/blocks/step/metal/metalbox_wander1.ogg, ignoring
[17:10:36] [Worker-Main-27/WARN]: Invalid path in datapack: minecraft:sounds/PresenceFootsteps/blocks/step/metal/metalbox_wander2.ogg, ignoring
[17:10:36] [Worker-Main-27/WARN]: Invalid path in datapack: minecraft:sounds/PresenceFootsteps/blocks/step/metal/metalbox_wander3.ogg, ignoring
[17:10:36] [Worker-Main-27/WARN]: Invalid path in datapack: minecraft:sounds/PresenceFootsteps/blocks/step/metal/metalbox_wander4.ogg, ignoring
[17:10:36] [Worker-Main-27/WARN]: Invalid path in datapack: minecraft:sounds/PresenceFootsteps/blocks/step/metalbar/metalbar_land1.ogg, ignoring
[17:10:36] [Worker-Main-27/WARN]: Invalid path in datapack: minecraft:sounds/PresenceFootsteps/blocks/step/metalbar/metalbar_run1.ogg, ignoring
[17:10:36] [Worker-Main-27/WARN]: Invalid path in datapack: minecraft:sounds/PresenceFootsteps/blocks/step/metalbar/metalbar_run10.ogg, ignoring
[17:10:36] [Worker-Main-27/WARN]: Invalid path in datapack: minecraft:sounds/PresenceFootsteps/blocks/step/metalbar/metalbar_run11.ogg, ignoring
[17:10:36] [Worker-Main-27/WARN]: Invalid path in datapack: minecraft:sounds/PresenceFootsteps/blocks/step/metalbar/metalbar_run2.ogg, ignoring
[17:10:36] [Worker-Main-27/WARN]: Invalid path in datapack: minecraft:sounds/PresenceFootsteps/blocks/step/metalbar/metalbar_run3.ogg, ignoring
[17:10:36] [Worker-Main-27/WARN]: Invalid path in datapack: minecraft:sounds/PresenceFootsteps/blocks/step/metalbar/metalbar_run4.ogg, ignoring
[17:10:36] [Worker-Main-27/WARN]: Invalid path in datapack: minecraft:sounds/PresenceFootsteps/blocks/step/metalbar/metalbar_run5.ogg, ignoring
[17:10:36] [Worker-Main-27/WARN]: Invalid path in datapack: minecraft:sounds/PresenceFootsteps/blocks/step/metalbar/metalbar_run6.ogg, ignoring
[17:10:36] [Worker-Main-27/WARN]: Invalid path in datapack: minecraft:sounds/PresenceFootsteps/blocks/step/metalbar/metalbar_run7.ogg, ignoring
[17:10:36] [Worker-Main-27/WARN]: Invalid path in datapack: minecraft:sounds/PresenceFootsteps/blocks/step/metalbar/metalbar_run8.ogg, ignoring
[17:10:36] [Worker-Main-27/WARN]: Invalid path in datapack: minecraft:sounds/PresenceFootsteps/blocks/step/metalbar/metalbar_run9.ogg, ignoring
[17:10:36] [Worker-Main-27/WARN]: Invalid path in datapack: minecraft:sounds/PresenceFootsteps/blocks/step/metalbar/metalbar_walk1.ogg, ignoring
[17:10:36] [Worker-Main-27/WARN]: Invalid path in datapack: minecraft:sounds/PresenceFootsteps/blocks/step/metalbar/metalbar_walk10.ogg, ignoring
[17:10:36] [Worker-Main-33/INFO]: Found unifont_all_no_pua-17.0.01.hex, loading
[17:10:36] [Worker-Main-27/WARN]: Invalid path in datapack: minecraft:sounds/PresenceFootsteps/blocks/step/metalbar/metalbar_walk11.ogg, ignoring
[17:10:36] [Worker-Main-27/WARN]: Invalid path in datapack: minecraft:sounds/PresenceFootsteps/blocks/step/metalbar/metalbar_walk2.ogg, ignoring
[17:10:36] [Worker-Main-27/WARN]: Invalid path in datapack: minecraft:sounds/PresenceFootsteps/blocks/step/metalbar/metalbar_walk3.ogg, ignoring
[17:10:36] [Worker-Main-27/WARN]: Invalid path in datapack: minecraft:sounds/PresenceFootsteps/blocks/step/metalbar/metalbar_walk4.ogg, ignoring
[17:10:36] [Worker-Main-27/WARN]: Invalid path in datapack: minecraft:sounds/PresenceFootsteps/blocks/step/metalbar/metalbar_walk5.ogg, ignoring
[17:10:36] [Worker-Main-27/WARN]: Invalid path in datapack: minecraft:sounds/PresenceFootsteps/blocks/step/metalbar/metalbar_walk6.ogg, ignoring
[17:10:36] [Worker-Main-28/INFO]: Found unifont_jp_patch-17.0.01.hex, loading
[17:10:36] [Worker-Main-27/WARN]: Invalid path in datapack: minecraft:sounds/PresenceFootsteps/blocks/step/metalbar/metalbar_walk7.ogg, ignoring
[17:10:36] [Worker-Main-27/WARN]: Invalid path in datapack: minecraft:sounds/PresenceFootsteps/blocks/step/metalbar/metalbar_walk8.ogg, ignoring
[17:10:36] [Worker-Main-27/WARN]: Invalid path in datapack: minecraft:sounds/PresenceFootsteps/blocks/step/metalbar/metalbar_walk9.ogg, ignoring
[17:10:36] [Worker-Main-27/WARN]: Invalid path in datapack: minecraft:sounds/PresenceFootsteps/blocks/step/metalbar/metalbar_wander1.ogg, ignoring
[17:10:36] [Worker-Main-27/WARN]: Invalid path in datapack: minecraft:sounds/PresenceFootsteps/blocks/step/metalbar/metalbar_wander2.ogg, ignoring
[17:10:36] [Worker-Main-27/WARN]: Invalid path in datapack: minecraft:sounds/PresenceFootsteps/blocks/step/metalbar/metalbar_wander3.ogg, ignoring
[17:10:36] [Worker-Main-27/WARN]: Invalid path in datapack: minecraft:sounds/PresenceFootsteps/blocks/step/metalbar/metalbar_wander4.ogg, ignoring
[17:10:36] [Worker-Main-27/WARN]: Invalid path in datapack: minecraft:sounds/PresenceFootsteps/blocks/step/metalbar/metalbar_wander5.ogg, ignoring
[17:10:36] [Worker-Main-27/WARN]: Invalid path in datapack: minecraft:sounds/PresenceFootsteps/blocks/step/metalbar/metalbar_wander6.ogg, ignoring
[17:10:36] [Worker-Main-27/WARN]: Invalid path in datapack: minecraft:sounds/PresenceFootsteps/blocks/step/metalbox/metalbox_run1.ogg, ignoring
[17:10:36] [Worker-Main-27/WARN]: Invalid path in datapack: minecraft:sounds/PresenceFootsteps/blocks/step/metalbox/metalbox_run10.ogg, ignoring
[17:10:36] [Worker-Main-27/WARN]: Invalid path in datapack: minecraft:sounds/PresenceFootsteps/blocks/step/metalbox/metalbox_run2.ogg, ignoring
[17:10:36] [Worker-Main-27/WARN]: Invalid path in datapack: minecraft:sounds/PresenceFootsteps/blocks/step/metalbox/metalbox_run3.ogg, ignoring
[17:10:36] [Worker-Main-27/WARN]: Invalid path in datapack: minecraft:sounds/PresenceFootsteps/blocks/step/metalbox/metalbox_run4.ogg, ignoring
[17:10:36] [Worker-Main-27/WARN]: Invalid path in datapack: minecraft:sounds/PresenceFootsteps/blocks/step/metalbox/metalbox_run5.ogg, ignoring
[17:10:36] [Worker-Main-27/WARN]: Invalid path in datapack: minecraft:sounds/PresenceFootsteps/blocks/step/metalbox/metalbox_run6.ogg, ignoring
[17:10:36] [Worker-Main-27/WARN]: Invalid path in datapack: minecraft:sounds/PresenceFootsteps/blocks/step/metalbox/metalbox_run7.ogg, ignoring
[17:10:36] [Worker-Main-27/WARN]: Invalid path in datapack: minecraft:sounds/PresenceFootsteps/blocks/step/metalbox/metalbox_run8.ogg, ignoring
[17:10:36] [Worker-Main-27/WARN]: Invalid path in datapack: minecraft:sounds/PresenceFootsteps/blocks/step/metalbox/metalbox_run9.ogg, ignoring
[17:10:36] [Worker-Main-27/WARN]: Invalid path in datapack: minecraft:sounds/PresenceFootsteps/blocks/step/metalbox/metalbox_walk1.ogg, ignoring
[17:10:36] [Worker-Main-27/WARN]: Invalid path in datapack: minecraft:sounds/PresenceFootsteps/blocks/step/metalbox/metalbox_walk2.ogg, ignoring
[17:10:36] [Worker-Main-27/WARN]: Invalid path in datapack: minecraft:sounds/PresenceFootsteps/blocks/step/metalbox/metalbox_walk3.ogg, ignoring
[17:10:36] [Worker-Main-27/WARN]: Invalid path in datapack: minecraft:sounds/PresenceFootsteps/blocks/step/metalbox/metalbox_walk4.ogg, ignoring
[17:10:36] [Worker-Main-27/WARN]: Invalid path in datapack: minecraft:sounds/PresenceFootsteps/blocks/step/metalbox/metalbox_walk5.ogg, ignoring
[17:10:36] [Worker-Main-27/WARN]: Invalid path in datapack: minecraft:sounds/PresenceFootsteps/blocks/step/metalbox/metalbox_walk6.ogg, ignoring
[17:10:36] [Worker-Main-27/WARN]: Invalid path in datapack: minecraft:sounds/PresenceFootsteps/blocks/step/metalbox/metalbox_walk7.ogg, ignoring
[17:10:36] [Worker-Main-27/WARN]: Invalid path in datapack: minecraft:sounds/PresenceFootsteps/blocks/step/metalbox/metalbox_walk8.ogg, ignoring
[17:10:36] [Worker-Main-27/WARN]: Invalid path in datapack: minecraft:sounds/PresenceFootsteps/blocks/step/metalbox/metalbox_walk9.ogg, ignoring
[17:10:36] [Worker-Main-27/WARN]: Invalid path in datapack: minecraft:sounds/PresenceFootsteps/blocks/step/metalbox/metalbox_wander1.ogg, ignoring
[17:10:36] [Worker-Main-27/WARN]: Invalid path in datapack: minecraft:sounds/PresenceFootsteps/blocks/step/metalbox/metalbox_wander2.ogg, ignoring
[17:10:36] [Worker-Main-27/WARN]: Invalid path in datapack: minecraft:sounds/PresenceFootsteps/blocks/step/metalbox/metalbox_wander3.ogg, ignoring
[17:10:36] [Worker-Main-27/WARN]: Invalid path in datapack: minecraft:sounds/PresenceFootsteps/blocks/step/metalbox/metalbox_wander4.ogg, ignoring
[17:10:36] [Worker-Main-27/WARN]: Invalid path in datapack: minecraft:sounds/PresenceFootsteps/blocks/step/moss/moss_step1.ogg, ignoring
[17:10:36] [Worker-Main-27/WARN]: Invalid path in datapack: minecraft:sounds/PresenceFootsteps/blocks/step/moss/moss_step10.ogg, ignoring
[17:10:36] [Worker-Main-27/WARN]: Invalid path in datapack: minecraft:sounds/PresenceFootsteps/blocks/step/moss/moss_step11.ogg, ignoring
[17:10:36] [Worker-Main-27/WARN]: Invalid path in datapack: minecraft:sounds/PresenceFootsteps/blocks/step/moss/moss_step2.ogg, ignoring
[17:10:36] [Worker-Main-27/WARN]: Invalid path in datapack: minecraft:sounds/PresenceFootsteps/blocks/step/moss/moss_step3.ogg, ignoring
[17:10:36] [Worker-Main-27/WARN]: Invalid path in datapack: minecraft:sounds/PresenceFootsteps/blocks/step/moss/moss_step4.ogg, ignoring
[17:10:36] [Worker-Main-27/WARN]: Invalid path in datapack: minecraft:sounds/PresenceFootsteps/blocks/step/moss/moss_step5.ogg, ignoring
[17:10:36] [Worker-Main-27/WARN]: Invalid path in datapack: minecraft:sounds/PresenceFootsteps/blocks/step/moss/moss_step6.ogg, ignoring
[17:10:36] [Worker-Main-27/WARN]: Invalid path in datapack: minecraft:sounds/PresenceFootsteps/blocks/step/moss/moss_step7.ogg, ignoring
[17:10:36] [Worker-Main-27/WARN]: Invalid path in datapack: minecraft:sounds/PresenceFootsteps/blocks/step/moss/moss_step8.ogg, ignoring
[17:10:36] [Worker-Main-27/WARN]: Invalid path in datapack: minecraft:sounds/PresenceFootsteps/blocks/step/moss/moss_step9.ogg, ignoring
[17:10:36] [Worker-Main-27/WARN]: Invalid path in datapack: minecraft:sounds/PresenceFootsteps/blocks/step/mud/mud_walk1.ogg, ignoring
[17:10:36] [Worker-Main-27/WARN]: Invalid path in datapack: minecraft:sounds/PresenceFootsteps/blocks/step/mud/mud_walk2.ogg, ignoring
[17:10:36] [Worker-Main-27/WARN]: Invalid path in datapack: minecraft:sounds/PresenceFootsteps/blocks/step/mud/mud_walk3.ogg, ignoring
[17:10:36] [Worker-Main-27/WARN]: Invalid path in datapack: minecraft:sounds/PresenceFootsteps/blocks/step/mud/mud_walk4.ogg, ignoring
[17:10:36] [Worker-Main-27/WARN]: Invalid path in datapack: minecraft:sounds/PresenceFootsteps/blocks/step/mud/mud_walk5.ogg, ignoring
[17:10:36] [Worker-Main-27/WARN]: Invalid path in datapack: minecraft:sounds/PresenceFootsteps/blocks/step/mud/mud_walk6.ogg, ignoring
[17:10:36] [Worker-Main-27/WARN]: Invalid path in datapack: minecraft:sounds/PresenceFootsteps/blocks/step/mud/mud_wander1.ogg, ignoring
[17:10:36] [Worker-Main-27/WARN]: Invalid path in datapack: minecraft:sounds/PresenceFootsteps/blocks/step/mud/mud_wander2.ogg, ignoring
[17:10:36] [Worker-Main-27/WARN]: Invalid path in datapack: minecraft:sounds/PresenceFootsteps/blocks/step/mud/mud_wander3.ogg, ignoring
[17:10:36] [Worker-Main-27/WARN]: Invalid path in datapack: minecraft:sounds/PresenceFootsteps/blocks/step/mud/mud_wander4.ogg, ignoring
[17:10:36] [Worker-Main-27/WARN]: Invalid path in datapack: minecraft:sounds/PresenceFootsteps/blocks/step/mud/muffledice_walk1.ogg, ignoring
[17:10:36] [Worker-Main-27/WARN]: Invalid path in datapack: minecraft:sounds/PresenceFootsteps/blocks/step/mud/muffledice_walk10.ogg, ignoring
[17:10:36] [Worker-Main-27/WARN]: Invalid path in datapack: minecraft:sounds/PresenceFootsteps/blocks/step/mud/muffledice_walk2.ogg, ignoring
[17:10:36] [Worker-Main-27/WARN]: Invalid path in datapack: minecraft:sounds/PresenceFootsteps/blocks/step/mud/muffledice_walk3.ogg, ignoring
[17:10:36] [Worker-Main-27/WARN]: Invalid path in datapack: minecraft:sounds/PresenceFootsteps/blocks/step/mud/muffledice_walk4.ogg, ignoring
[17:10:36] [Worker-Main-27/WARN]: Invalid path in datapack: minecraft:sounds/PresenceFootsteps/blocks/step/mud/muffledice_walk5.ogg, ignoring
[17:10:36] [Worker-Main-27/WARN]: Invalid path in datapack: minecraft:sounds/PresenceFootsteps/blocks/step/mud/muffledice_walk6.ogg, ignoring
[17:10:36] [Worker-Main-27/WARN]: Invalid path in datapack: minecraft:sounds/PresenceFootsteps/blocks/step/mud/muffledice_walk7.ogg, ignoring
[17:10:36] [Worker-Main-27/WARN]: Invalid path in datapack: minecraft:sounds/PresenceFootsteps/blocks/step/mud/muffledice_walk8.ogg, ignoring
[17:10:36] [Worker-Main-27/WARN]: Invalid path in datapack: minecraft:sounds/PresenceFootsteps/blocks/step/mud/muffledice_walk9.ogg, ignoring
[17:10:36] [Worker-Main-27/WARN]: Invalid path in datapack: minecraft:sounds/PresenceFootsteps/blocks/step/muffledice/muffledice_walk1.ogg, ignoring
[17:10:36] [Worker-Main-27/WARN]: Invalid path in datapack: minecraft:sounds/PresenceFootsteps/blocks/step/muffledice/muffledice_walk10.ogg, ignoring
[17:10:36] [Worker-Main-27/WARN]: Invalid path in datapack: minecraft:sounds/PresenceFootsteps/blocks/step/muffledice/muffledice_walk2.ogg, ignoring
[17:10:36] [Worker-Main-27/WARN]: Invalid path in datapack: minecraft:sounds/PresenceFootsteps/blocks/step/muffledice/muffledice_walk3.ogg, ignoring
[17:10:36] [Worker-Main-27/WARN]: Invalid path in datapack: minecraft:sounds/PresenceFootsteps/blocks/step/muffledice/muffledice_walk4.ogg, ignoring
[17:10:36] [Worker-Main-27/WARN]: Invalid path in datapack: minecraft:sounds/PresenceFootsteps/blocks/step/muffledice/muffledice_walk5.ogg, ignoring
[17:10:36] [Worker-Main-27/WARN]: Invalid path in datapack: minecraft:sounds/PresenceFootsteps/blocks/step/muffledice/muffledice_walk6.ogg, ignoring
[17:10:36] [Worker-Main-27/WARN]: Invalid path in datapack: minecraft:sounds/PresenceFootsteps/blocks/step/muffledice/muffledice_walk7.ogg, ignoring
[17:10:36] [Worker-Main-27/WARN]: Invalid path in datapack: minecraft:sounds/PresenceFootsteps/blocks/step/muffledice/muffledice_walk8.ogg, ignoring
[17:10:36] [Worker-Main-27/WARN]: Invalid path in datapack: minecraft:sounds/PresenceFootsteps/blocks/step/muffledice/muffledice_walk9.ogg, ignoring
[17:10:36] [Worker-Main-27/WARN]: Invalid path in datapack: minecraft:sounds/PresenceFootsteps/blocks/step/petals/leaves_through1.ogg, ignoring
[17:10:36] [Worker-Main-27/WARN]: Invalid path in datapack: minecraft:sounds/PresenceFootsteps/blocks/step/petals/leaves_through2.ogg, ignoring
[17:10:36] [Worker-Main-27/WARN]: Invalid path in datapack: minecraft:sounds/PresenceFootsteps/blocks/step/petals/leaves_through3.ogg, ignoring
[17:10:36] [Worker-Main-27/WARN]: Invalid path in datapack: minecraft:sounds/PresenceFootsteps/blocks/step/petals/leaves_through4.ogg, ignoring
[17:10:36] [Worker-Main-27/WARN]: Invalid path in datapack: minecraft:sounds/PresenceFootsteps/blocks/step/petals/leaves_through5.ogg, ignoring
[17:10:36] [Worker-Main-27/WARN]: Invalid path in datapack: minecraft:sounds/PresenceFootsteps/blocks/step/petals/leaves_through6.ogg, ignoring
[17:10:36] [Worker-Main-27/WARN]: Invalid path in datapack: minecraft:sounds/PresenceFootsteps/blocks/step/petals/leaves_through7.ogg, ignoring
[17:10:36] [Worker-Main-27/WARN]: Invalid path in datapack: minecraft:sounds/PresenceFootsteps/blocks/step/quicksand/quicksand_walk1.ogg, ignoring
[17:10:36] [Worker-Main-27/WARN]: Invalid path in datapack: minecraft:sounds/PresenceFootsteps/blocks/step/quicksand/quicksand_walk10.ogg, ignoring
[17:10:36] [Worker-Main-27/WARN]: Invalid path in datapack: minecraft:sounds/PresenceFootsteps/blocks/step/quicksand/quicksand_walk11.ogg, ignoring
[17:10:36] [Worker-Main-27/WARN]: Invalid path in datapack: minecraft:sounds/PresenceFootsteps/blocks/step/quicksand/quicksand_walk2.ogg, ignoring
[17:10:36] [Worker-Main-27/WARN]: Invalid path in datapack: minecraft:sounds/PresenceFootsteps/blocks/step/quicksand/quicksand_walk3.ogg, ignoring
[17:10:36] [Worker-Main-27/WARN]: Invalid path in datapack: minecraft:sounds/PresenceFootsteps/blocks/step/quicksand/quicksand_walk4.ogg, ignoring
[17:10:36] [Worker-Main-27/WARN]: Invalid path in datapack: minecraft:sounds/PresenceFootsteps/blocks/step/quicksand/quicksand_walk5.ogg, ignoring
[17:10:36] [Worker-Main-27/WARN]: Invalid path in datapack: minecraft:sounds/PresenceFootsteps/blocks/step/quicksand/quicksand_walk6.ogg, ignoring
[17:10:36] [Worker-Main-27/WARN]: Invalid path in datapack: minecraft:sounds/PresenceFootsteps/blocks/step/quicksand/quicksand_walk7.ogg, ignoring
[17:10:36] [Worker-Main-27/WARN]: Invalid path in datapack: minecraft:sounds/PresenceFootsteps/blocks/step/quicksand/quicksand_walk8.ogg, ignoring
[17:10:36] [Worker-Main-27/WARN]: Invalid path in datapack: minecraft:sounds/PresenceFootsteps/blocks/step/quicksand/quicksand_walk9.ogg, ignoring
[17:10:36] [Worker-Main-27/WARN]: Invalid path in datapack: minecraft:sounds/PresenceFootsteps/blocks/step/rug/rug_walk1.ogg, ignoring
[17:10:36] [Worker-Main-27/WARN]: Invalid path in datapack: minecraft:sounds/PresenceFootsteps/blocks/step/rug/rug_walk10.ogg, ignoring
[17:10:36] [Worker-Main-27/WARN]: Invalid path in datapack: minecraft:sounds/PresenceFootsteps/blocks/step/rug/rug_walk11.ogg, ignoring
[17:10:36] [Worker-Main-27/WARN]: Invalid path in datapack: minecraft:sounds/PresenceFootsteps/blocks/step/rug/rug_walk2.ogg, ignoring
[17:10:36] [Worker-Main-27/WARN]: Invalid path in datapack: minecraft:sounds/PresenceFootsteps/blocks/step/rug/rug_walk3.ogg, ignoring
[17:10:36] [Worker-Main-27/WARN]: Invalid path in datapack: minecraft:sounds/PresenceFootsteps/blocks/step/rug/rug_walk4.ogg, ignoring
[17:10:36] [Worker-Main-27/WARN]: Invalid path in datapack: minecraft:sounds/PresenceFootsteps/blocks/step/rug/rug_walk5.ogg, ignoring
[17:10:36] [Worker-Main-27/WARN]: Invalid path in datapack: minecraft:sounds/PresenceFootsteps/blocks/step/rug/rug_walk6.ogg, ignoring
[17:10:36] [Worker-Main-27/WARN]: Invalid path in datapack: minecraft:sounds/PresenceFootsteps/blocks/step/rug/rug_walk7.ogg, ignoring
[17:10:36] [Worker-Main-27/WARN]: Invalid path in datapack: minecraft:sounds/PresenceFootsteps/blocks/step/rug/rug_walk8.ogg, ignoring
[17:10:36] [Worker-Main-27/WARN]: Invalid path in datapack: minecraft:sounds/PresenceFootsteps/blocks/step/rug/rug_walk9.ogg, ignoring
[17:10:36] [Worker-Main-27/WARN]: Invalid path in datapack: minecraft:sounds/PresenceFootsteps/blocks/step/sand/sand_run1.ogg, ignoring
[17:10:36] [Worker-Main-27/WARN]: Invalid path in datapack: minecraft:sounds/PresenceFootsteps/blocks/step/sand/sand_run10.ogg, ignoring
[17:10:36] [Worker-Main-27/WARN]: Invalid path in datapack: minecraft:sounds/PresenceFootsteps/blocks/step/sand/sand_run11.ogg, ignoring
[17:10:36] [Worker-Main-27/WARN]: Invalid path in datapack: minecraft:sounds/PresenceFootsteps/blocks/step/sand/sand_run2.ogg, ignoring
[17:10:36] [Worker-Main-27/WARN]: Invalid path in datapack: minecraft:sounds/PresenceFootsteps/blocks/step/sand/sand_run3.ogg, ignoring
[17:10:36] [Worker-Main-27/WARN]: Invalid path in datapack: minecraft:sounds/PresenceFootsteps/blocks/step/sand/sand_run4.ogg, ignoring
[17:10:36] [Worker-Main-27/WARN]: Invalid path in datapack: minecraft:sounds/PresenceFootsteps/blocks/step/sand/sand_run5.ogg, ignoring
[17:10:36] [Worker-Main-27/WARN]: Invalid path in datapack: minecraft:sounds/PresenceFootsteps/blocks/step/sand/sand_run6.ogg, ignoring
[17:10:36] [Worker-Main-27/WARN]: Invalid path in datapack: minecraft:sounds/PresenceFootsteps/blocks/step/sand/sand_run7.ogg, ignoring
[17:10:36] [Worker-Main-27/WARN]: Invalid path in datapack: minecraft:sounds/PresenceFootsteps/blocks/step/sand/sand_run8.ogg, ignoring
[17:10:36] [Worker-Main-27/WARN]: Invalid path in datapack: minecraft:sounds/PresenceFootsteps/blocks/step/sand/sand_run9.ogg, ignoring
[17:10:36] [Worker-Main-27/WARN]: Invalid path in datapack: minecraft:sounds/PresenceFootsteps/blocks/step/sand/sand_walk1.ogg, ignoring
[17:10:36] [Worker-Main-27/WARN]: Invalid path in datapack: minecraft:sounds/PresenceFootsteps/blocks/step/sand/sand_walk10.ogg, ignoring
[17:10:36] [Worker-Main-27/WARN]: Invalid path in datapack: minecraft:sounds/PresenceFootsteps/blocks/step/sand/sand_walk11.ogg, ignoring
[17:10:36] [Worker-Main-27/WARN]: Invalid path in datapack: minecraft:sounds/PresenceFootsteps/blocks/step/sand/sand_walk2.ogg, ignoring
[17:10:36] [Worker-Main-27/WARN]: Invalid path in datapack: minecraft:sounds/PresenceFootsteps/blocks/step/sand/sand_walk3.ogg, ignoring
[17:10:36] [Worker-Main-27/WARN]: Invalid path in datapack: minecraft:sounds/PresenceFootsteps/blocks/step/sand/sand_walk4.ogg, ignoring
[17:10:36] [Worker-Main-27/WARN]: Invalid path in datapack: minecraft:sounds/PresenceFootsteps/blocks/step/sand/sand_walk5.ogg, ignoring
[17:10:36] [Worker-Main-27/WARN]: Invalid path in datapack: minecraft:sounds/PresenceFootsteps/blocks/step/sand/sand_walk6.ogg, ignoring
[17:10:36] [Worker-Main-27/WARN]: Invalid path in datapack: minecraft:sounds/PresenceFootsteps/blocks/step/sand/sand_walk7.ogg, ignoring
[17:10:36] [Worker-Main-27/WARN]: Invalid path in datapack: minecraft:sounds/PresenceFootsteps/blocks/step/sand/sand_walk8.ogg, ignoring
[17:10:36] [Worker-Main-27/WARN]: Invalid path in datapack: minecraft:sounds/PresenceFootsteps/blocks/step/sand/sand_walk9.ogg, ignoring
[17:10:36] [Worker-Main-27/WARN]: Invalid path in datapack: minecraft:sounds/PresenceFootsteps/blocks/step/slime/slime_run1.ogg, ignoring
[17:10:36] [Worker-Main-27/WARN]: Invalid path in datapack: minecraft:sounds/PresenceFootsteps/blocks/step/slime/slime_run2.ogg, ignoring
[17:10:36] [Worker-Main-27/WARN]: Invalid path in datapack: minecraft:sounds/PresenceFootsteps/blocks/step/slime/slime_run3.ogg, ignoring
[17:10:36] [Worker-Main-27/WARN]: Invalid path in datapack: minecraft:sounds/PresenceFootsteps/blocks/step/slime/slime_run4.ogg, ignoring
[17:10:36] [Worker-Main-27/WARN]: Invalid path in datapack: minecraft:sounds/PresenceFootsteps/blocks/step/slime/slime_run5.ogg, ignoring
[17:10:36] [Worker-Main-27/WARN]: Invalid path in datapack: minecraft:sounds/PresenceFootsteps/blocks/step/slime/slime_run6.ogg, ignoring
[17:10:36] [Worker-Main-27/WARN]: Invalid path in datapack: minecraft:sounds/PresenceFootsteps/blocks/step/slime/slime_walk1.ogg, ignoring
[17:10:36] [Worker-Main-27/WARN]: Invalid path in datapack: minecraft:sounds/PresenceFootsteps/blocks/step/slime/slime_walk2.ogg, ignoring
[17:10:36] [Worker-Main-27/WARN]: Invalid path in datapack: minecraft:sounds/PresenceFootsteps/blocks/step/slime/slime_walk3.ogg, ignoring
[17:10:36] [Worker-Main-27/WARN]: Invalid path in datapack: minecraft:sounds/PresenceFootsteps/blocks/step/slime/slime_walk4.ogg, ignoring
[17:10:36] [Worker-Main-27/WARN]: Invalid path in datapack: minecraft:sounds/PresenceFootsteps/blocks/step/slime/slime_walk5.ogg, ignoring
[17:10:36] [Worker-Main-27/WARN]: Invalid path in datapack: minecraft:sounds/PresenceFootsteps/blocks/step/slime/slime_walk6.ogg, ignoring
[17:10:36] [Worker-Main-27/WARN]: Invalid path in datapack: minecraft:sounds/PresenceFootsteps/blocks/step/snow/snow_run1.ogg, ignoring
[17:10:36] [Worker-Main-27/WARN]: Invalid path in datapack: minecraft:sounds/PresenceFootsteps/blocks/step/snow/snow_run10.ogg, ignoring
[17:10:36] [Worker-Main-27/WARN]: Invalid path in datapack: minecraft:sounds/PresenceFootsteps/blocks/step/snow/snow_run11.ogg, ignoring
[17:10:36] [Worker-Main-27/WARN]: Invalid path in datapack: minecraft:sounds/PresenceFootsteps/blocks/step/snow/snow_run2.ogg, ignoring
[17:10:36] [Worker-Main-27/WARN]: Invalid path in datapack: minecraft:sounds/PresenceFootsteps/blocks/step/snow/snow_run3.ogg, ignoring
[17:10:36] [Worker-Main-27/WARN]: Invalid path in datapack: minecraft:sounds/PresenceFootsteps/blocks/step/snow/snow_run4.ogg, ignoring
[17:10:36] [Worker-Main-27/WARN]: Invalid path in datapack: minecraft:sounds/PresenceFootsteps/blocks/step/snow/snow_run5.ogg, ignoring
[17:10:36] [Worker-Main-27/WARN]: Invalid path in datapack: minecraft:sounds/PresenceFootsteps/blocks/step/snow/snow_run6.ogg, ignoring
[17:10:36] [Worker-Main-27/WARN]: Invalid path in datapack: minecraft:sounds/PresenceFootsteps/blocks/step/snow/snow_run7.ogg, ignoring
[17:10:36] [Worker-Main-27/WARN]: Invalid path in datapack: minecraft:sounds/PresenceFootsteps/blocks/step/snow/snow_run8.ogg, ignoring
[17:10:36] [Worker-Main-27/WARN]: Invalid path in datapack: minecraft:sounds/PresenceFootsteps/blocks/step/snow/snow_run9.ogg, ignoring
[17:10:36] [Worker-Main-27/WARN]: Invalid path in datapack: minecraft:sounds/PresenceFootsteps/blocks/step/snow/snow_walk1.ogg, ignoring
[17:10:36] [Worker-Main-27/WARN]: Invalid path in datapack: minecraft:sounds/PresenceFootsteps/blocks/step/snow/snow_walk10.ogg, ignoring
[17:10:36] [Worker-Main-27/WARN]: Invalid path in datapack: minecraft:sounds/PresenceFootsteps/blocks/step/snow/snow_walk11.ogg, ignoring
[17:10:36] [Worker-Main-27/WARN]: Invalid path in datapack: minecraft:sounds/PresenceFootsteps/blocks/step/snow/snow_walk2.ogg, ignoring
[17:10:36] [Worker-Main-27/WARN]: Invalid path in datapack: minecraft:sounds/PresenceFootsteps/blocks/step/snow/snow_walk3.ogg, ignoring
[17:10:36] [Worker-Main-27/WARN]: Invalid path in datapack: minecraft:sounds/PresenceFootsteps/blocks/step/snow/snow_walk4.ogg, ignoring
[17:10:36] [Worker-Main-27/WARN]: Invalid path in datapack: minecraft:sounds/PresenceFootsteps/blocks/step/snow/snow_walk5.ogg, ignoring
[17:10:36] [Worker-Main-27/WARN]: Invalid path in datapack: minecraft:sounds/PresenceFootsteps/blocks/step/snow/snow_walk6.ogg, ignoring
[17:10:36] [Worker-Main-27/WARN]: Invalid path in datapack: minecraft:sounds/PresenceFootsteps/blocks/step/snow/snow_walk7.ogg, ignoring
[17:10:36] [Worker-Main-27/WARN]: Invalid path in datapack: minecraft:sounds/PresenceFootsteps/blocks/step/snow/snow_walk8.ogg, ignoring
[17:10:36] [Worker-Main-27/WARN]: Invalid path in datapack: minecraft:sounds/PresenceFootsteps/blocks/step/snow/snow_walk9.ogg, ignoring
[17:10:36] [Worker-Main-27/WARN]: Invalid path in datapack: minecraft:sounds/PresenceFootsteps/blocks/step/snow/snow_wander1.ogg, ignoring
[17:10:36] [Worker-Main-27/WARN]: Invalid path in datapack: minecraft:sounds/PresenceFootsteps/blocks/step/snow/snow_wander2.ogg, ignoring
[17:10:36] [Worker-Main-27/WARN]: Invalid path in datapack: minecraft:sounds/PresenceFootsteps/blocks/step/snow/snow_wander3.ogg, ignoring
[17:10:36] [Worker-Main-27/WARN]: Invalid path in datapack: minecraft:sounds/PresenceFootsteps/blocks/step/snow/snow_wander4.ogg, ignoring
[17:10:36] [Worker-Main-27/WARN]: Invalid path in datapack: minecraft:sounds/PresenceFootsteps/blocks/step/snow/snow_wander5.ogg, ignoring
[17:10:36] [Worker-Main-27/WARN]: Invalid path in datapack: minecraft:sounds/PresenceFootsteps/blocks/step/squeakywood/squeakywood_walk1.ogg, ignoring
[17:10:36] [Worker-Main-27/WARN]: Invalid path in datapack: minecraft:sounds/PresenceFootsteps/blocks/step/squeakywood/squeakywood_walk10.ogg, ignoring
[17:10:36] [Worker-Main-27/WARN]: Invalid path in datapack: minecraft:sounds/PresenceFootsteps/blocks/step/squeakywood/squeakywood_walk11.ogg, ignoring
[17:10:36] [Worker-Main-27/WARN]: Invalid path in datapack: minecraft:sounds/PresenceFootsteps/blocks/step/squeakywood/squeakywood_walk2.ogg, ignoring
[17:10:36] [Worker-Main-27/WARN]: Invalid path in datapack: minecraft:sounds/PresenceFootsteps/blocks/step/squeakywood/squeakywood_walk3.ogg, ignoring
[17:10:36] [Worker-Main-27/WARN]: Invalid path in datapack: minecraft:sounds/PresenceFootsteps/blocks/step/squeakywood/squeakywood_walk4.ogg, ignoring
[17:10:36] [Worker-Main-27/WARN]: Invalid path in datapack: minecraft:sounds/PresenceFootsteps/blocks/step/squeakywood/squeakywood_walk5.ogg, ignoring
[17:10:36] [Worker-Main-31/WARN]: Missing block model: minecraft:builtin/entity
[17:10:36] [Worker-Main-27/WARN]: Invalid path in datapack: minecraft:sounds/PresenceFootsteps/blocks/step/squeakywood/squeakywood_walk6.ogg, ignoring
[17:10:36] [Worker-Main-27/WARN]: Invalid path in datapack: minecraft:sounds/PresenceFootsteps/blocks/step/squeakywood/squeakywood_walk7.ogg, ignoring
[17:10:36] [Worker-Main-27/WARN]: Invalid path in datapack: minecraft:sounds/PresenceFootsteps/blocks/step/squeakywood/squeakywood_walk8.ogg, ignoring
[17:10:36] [Worker-Main-27/WARN]: Invalid path in datapack: minecraft:sounds/PresenceFootsteps/blocks/step/squeakywood/squeakywood_walk9.ogg, ignoring
[17:10:36] [Worker-Main-27/WARN]: Invalid path in datapack: minecraft:sounds/PresenceFootsteps/blocks/step/squeakywood/squeakywood_wander1.ogg, ignoring
[17:10:36] [Worker-Main-27/WARN]: Invalid path in datapack: minecraft:sounds/PresenceFootsteps/blocks/step/squeakywood/squeakywood_wander2.ogg, ignoring
[17:10:36] [Worker-Main-27/WARN]: Invalid path in datapack: minecraft:sounds/PresenceFootsteps/blocks/step/squeakywood/squeakywood_wander3.ogg, ignoring
[17:10:36] [Worker-Main-27/WARN]: Invalid path in datapack: minecraft:sounds/PresenceFootsteps/blocks/step/squeakywood/squeakywood_wander4.ogg, ignoring
[17:10:36] [Worker-Main-27/WARN]: Invalid path in datapack: minecraft:sounds/PresenceFootsteps/blocks/step/squeakywood/squeakywood_wander5.ogg, ignoring
[17:10:36] [Worker-Main-27/WARN]: Invalid path in datapack: minecraft:sounds/PresenceFootsteps/blocks/step/squeakywood/squeakywood_wander6.ogg, ignoring
[17:10:36] [Worker-Main-27/WARN]: Invalid path in datapack: minecraft:sounds/PresenceFootsteps/blocks/step/squeakywood/squeakywood_wander7.ogg, ignoring
[17:10:36] [Worker-Main-27/WARN]: Invalid path in datapack: minecraft:sounds/PresenceFootsteps/blocks/step/stone/stone_run1.ogg, ignoring
[17:10:36] [Worker-Main-27/WARN]: Invalid path in datapack: minecraft:sounds/PresenceFootsteps/blocks/step/stone/stone_run10.ogg, ignoring
[17:10:36] [Worker-Main-27/WARN]: Invalid path in datapack: minecraft:sounds/PresenceFootsteps/blocks/step/stone/stone_run11.ogg, ignoring
[17:10:36] [Worker-Main-27/WARN]: Invalid path in datapack: minecraft:sounds/PresenceFootsteps/blocks/step/stone/stone_run2.ogg, ignoring
[17:10:36] [Worker-Main-27/WARN]: Invalid path in datapack: minecraft:sounds/PresenceFootsteps/blocks/step/stone/stone_run3.ogg, ignoring
[17:10:36] [Worker-Main-27/WARN]: Invalid path in datapack: minecraft:sounds/PresenceFootsteps/blocks/step/stone/stone_run4.ogg, ignoring
[17:10:36] [Worker-Main-27/WARN]: Invalid path in datapack: minecraft:sounds/PresenceFootsteps/blocks/step/stone/stone_run5.ogg, ignoring
[17:10:36] [Worker-Main-27/WARN]: Invalid path in datapack: minecraft:sounds/PresenceFootsteps/blocks/step/stone/stone_run6.ogg, ignoring
[17:10:36] [Worker-Main-27/WARN]: Invalid path in datapack: minecraft:sounds/PresenceFootsteps/blocks/step/stone/stone_run7.ogg, ignoring
[17:10:36] [Worker-Main-27/WARN]: Invalid path in datapack: minecraft:sounds/PresenceFootsteps/blocks/step/stone/stone_run8.ogg, ignoring
[17:10:36] [Worker-Main-27/WARN]: Invalid path in datapack: minecraft:sounds/PresenceFootsteps/blocks/step/stone/stone_run9.ogg, ignoring
[17:10:36] [Worker-Main-27/WARN]: Invalid path in datapack: minecraft:sounds/PresenceFootsteps/blocks/step/stone/stone_walk1.ogg, ignoring
[17:10:36] [Worker-Main-27/WARN]: Invalid path in datapack: minecraft:sounds/PresenceFootsteps/blocks/step/stone/stone_walk10.ogg, ignoring
[17:10:36] [Worker-Main-27/WARN]: Invalid path in datapack: minecraft:sounds/PresenceFootsteps/blocks/step/stone/stone_walk11.ogg, ignoring
[17:10:36] [Worker-Main-27/WARN]: Invalid path in datapack: minecraft:sounds/PresenceFootsteps/blocks/step/stone/stone_walk2.ogg, ignoring
[17:10:36] [Worker-Main-27/WARN]: Invalid path in datapack: minecraft:sounds/PresenceFootsteps/blocks/step/stone/stone_walk3.ogg, ignoring
[17:10:36] [Worker-Main-27/WARN]: Invalid path in datapack: minecraft:sounds/PresenceFootsteps/blocks/step/stone/stone_walk4.ogg, ignoring
[17:10:36] [Worker-Main-27/WARN]: Invalid path in datapack: minecraft:sounds/PresenceFootsteps/blocks/step/stone/stone_walk5.ogg, ignoring
[17:10:36] [Worker-Main-27/WARN]: Invalid path in datapack: minecraft:sounds/PresenceFootsteps/blocks/step/stone/stone_walk6.ogg, ignoring
[17:10:36] [Worker-Main-27/WARN]: Invalid path in datapack: minecraft:sounds/PresenceFootsteps/blocks/step/stone/stone_walk7.ogg, ignoring
[17:10:36] [Worker-Main-27/WARN]: Invalid path in datapack: minecraft:sounds/PresenceFootsteps/blocks/step/stone/stone_walk8.ogg, ignoring
[17:10:36] [Worker-Main-27/WARN]: Invalid path in datapack: minecraft:sounds/PresenceFootsteps/blocks/step/stone/stone_walk9.ogg, ignoring
[17:10:36] [Worker-Main-27/WARN]: Invalid path in datapack: minecraft:sounds/PresenceFootsteps/blocks/step/stone/stone_wander1.ogg, ignoring
[17:10:36] [Worker-Main-27/WARN]: Invalid path in datapack: minecraft:sounds/PresenceFootsteps/blocks/step/stone/stone_wander2.ogg, ignoring
[17:10:36] [Worker-Main-27/WARN]: Invalid path in datapack: minecraft:sounds/PresenceFootsteps/blocks/step/stone/stone_wander3.ogg, ignoring
[17:10:36] [Worker-Main-27/WARN]: Invalid path in datapack: minecraft:sounds/PresenceFootsteps/blocks/step/stone/stone_wander4.ogg, ignoring
[17:10:36] [Worker-Main-27/WARN]: Invalid path in datapack: minecraft:sounds/PresenceFootsteps/blocks/step/stone/stone_wander5.ogg, ignoring
[17:10:36] [Worker-Main-27/WARN]: Invalid path in datapack: minecraft:sounds/PresenceFootsteps/blocks/step/water/water_through1.ogg, ignoring
[17:10:36] [Worker-Main-27/WARN]: Invalid path in datapack: minecraft:sounds/PresenceFootsteps/blocks/step/water/water_through10.ogg, ignoring
[17:10:36] [Worker-Main-27/WARN]: Invalid path in datapack: minecraft:sounds/PresenceFootsteps/blocks/step/water/water_through11.ogg, ignoring
[17:10:36] [Worker-Main-27/WARN]: Invalid path in datapack: minecraft:sounds/PresenceFootsteps/blocks/step/water/water_through2.ogg, ignoring
[17:10:36] [Worker-Main-27/WARN]: Invalid path in datapack: minecraft:sounds/PresenceFootsteps/blocks/step/water/water_through3.ogg, ignoring
[17:10:36] [Worker-Main-27/WARN]: Invalid path in datapack: minecraft:sounds/PresenceFootsteps/blocks/step/water/water_through4.ogg, ignoring
[17:10:36] [Worker-Main-27/WARN]: Invalid path in datapack: minecraft:sounds/PresenceFootsteps/blocks/step/water/water_through5.ogg, ignoring
[17:10:36] [Worker-Main-27/WARN]: Invalid path in datapack: minecraft:sounds/PresenceFootsteps/blocks/step/water/water_through6.ogg, ignoring
[17:10:36] [Worker-Main-27/WARN]: Invalid path in datapack: minecraft:sounds/PresenceFootsteps/blocks/step/water/water_through7.ogg, ignoring
[17:10:36] [Worker-Main-27/WARN]: Invalid path in datapack: minecraft:sounds/PresenceFootsteps/blocks/step/water/water_through8.ogg, ignoring
[17:10:36] [Worker-Main-27/WARN]: Invalid path in datapack: minecraft:sounds/PresenceFootsteps/blocks/step/water/water_through9.ogg, ignoring
[17:10:36] [Worker-Main-27/WARN]: Invalid path in datapack: minecraft:sounds/PresenceFootsteps/blocks/step/water/water_wander1.ogg, ignoring
[17:10:36] [Worker-Main-27/WARN]: Invalid path in datapack: minecraft:sounds/PresenceFootsteps/blocks/step/water/water_wander2.ogg, ignoring
[17:10:36] [Worker-Main-27/WARN]: Invalid path in datapack: minecraft:sounds/PresenceFootsteps/blocks/step/water/water_wander3.ogg, ignoring
[17:10:36] [Worker-Main-27/WARN]: Invalid path in datapack: minecraft:sounds/PresenceFootsteps/blocks/step/water/water_wander4.ogg, ignoring
[17:10:36] [Worker-Main-27/WARN]: Invalid path in datapack: minecraft:sounds/PresenceFootsteps/blocks/step/water/water_wander5.ogg, ignoring
[17:10:36] [Worker-Main-27/WARN]: Invalid path in datapack: minecraft:sounds/PresenceFootsteps/blocks/step/water_stereofix/water_through1.ogg, ignoring
[17:10:36] [Worker-Main-27/WARN]: Invalid path in datapack: minecraft:sounds/PresenceFootsteps/blocks/step/water_stereofix/water_through10.ogg, ignoring
[17:10:36] [Worker-Main-27/WARN]: Invalid path in datapack: minecraft:sounds/PresenceFootsteps/blocks/step/water_stereofix/water_through11.ogg, ignoring
[17:10:36] [Worker-Main-27/WARN]: Invalid path in datapack: minecraft:sounds/PresenceFootsteps/blocks/step/water_stereofix/water_through2.ogg, ignoring
[17:10:36] [Worker-Main-27/WARN]: Invalid path in datapack: minecraft:sounds/PresenceFootsteps/blocks/step/water_stereofix/water_through3.ogg, ignoring
[17:10:36] [Worker-Main-27/WARN]: Invalid path in datapack: minecraft:sounds/PresenceFootsteps/blocks/step/water_stereofix/water_through4.ogg, ignoring
[17:10:36] [Worker-Main-27/WARN]: Invalid path in datapack: minecraft:sounds/PresenceFootsteps/blocks/step/water_stereofix/water_through5.ogg, ignoring
[17:10:36] [Worker-Main-27/WARN]: Invalid path in datapack: minecraft:sounds/PresenceFootsteps/blocks/step/water_stereofix/water_through6.ogg, ignoring
[17:10:36] [Worker-Main-27/WARN]: Invalid path in datapack: minecraft:sounds/PresenceFootsteps/blocks/step/water_stereofix/water_through7.ogg, ignoring
[17:10:36] [Worker-Main-27/WARN]: Invalid path in datapack: minecraft:sounds/PresenceFootsteps/blocks/step/water_stereofix/water_through8.ogg, ignoring
[17:10:36] [Worker-Main-27/WARN]: Invalid path in datapack: minecraft:sounds/PresenceFootsteps/blocks/step/water_stereofix/water_through9.ogg, ignoring
[17:10:36] [Worker-Main-27/WARN]: Invalid path in datapack: minecraft:sounds/PresenceFootsteps/blocks/step/water_stereofix/water_wander1.ogg, ignoring
[17:10:36] [Worker-Main-27/WARN]: Invalid path in datapack: minecraft:sounds/PresenceFootsteps/blocks/step/water_stereofix/water_wander2.ogg, ignoring
[17:10:36] [Worker-Main-27/WARN]: Invalid path in datapack: minecraft:sounds/PresenceFootsteps/blocks/step/water_stereofix/water_wander3.ogg, ignoring
[17:10:36] [Worker-Main-27/WARN]: Invalid path in datapack: minecraft:sounds/PresenceFootsteps/blocks/step/water_stereofix/water_wander4.ogg, ignoring
[17:10:36] [Worker-Main-27/WARN]: Invalid path in datapack: minecraft:sounds/PresenceFootsteps/blocks/step/water_stereofix/water_wander5.ogg, ignoring
[17:10:36] [Worker-Main-27/WARN]: Invalid path in datapack: minecraft:sounds/PresenceFootsteps/blocks/step/weakice/weakice_walk1.ogg, ignoring
[17:10:36] [Worker-Main-27/WARN]: Invalid path in datapack: minecraft:sounds/PresenceFootsteps/blocks/step/weakice/weakice_walk10.ogg, ignoring
[17:10:36] [Worker-Main-27/WARN]: Invalid path in datapack: minecraft:sounds/PresenceFootsteps/blocks/step/weakice/weakice_walk2.ogg, ignoring
[17:10:36] [Worker-Main-27/WARN]: Invalid path in datapack: minecraft:sounds/PresenceFootsteps/blocks/step/weakice/weakice_walk3.ogg, ignoring
[17:10:36] [Worker-Main-27/WARN]: Invalid path in datapack: minecraft:sounds/PresenceFootsteps/blocks/step/weakice/weakice_walk4.ogg, ignoring
[17:10:36] [Worker-Main-27/WARN]: Invalid path in datapack: minecraft:sounds/PresenceFootsteps/blocks/step/weakice/weakice_walk5.ogg, ignoring
[17:10:36] [Worker-Main-27/WARN]: Invalid path in datapack: minecraft:sounds/PresenceFootsteps/blocks/step/weakice/weakice_walk6.ogg, ignoring
[17:10:36] [Worker-Main-28/WARN]: Missing texture references in model minecraft:item/end_crystal:
    particle
[17:10:36] [Worker-Main-27/WARN]: Invalid path in datapack: minecraft:sounds/PresenceFootsteps/blocks/step/weakice/weakice_walk7.ogg, ignoring
[17:10:36] [Worker-Main-27/WARN]: Invalid path in datapack: minecraft:sounds/PresenceFootsteps/blocks/step/weakice/weakice_walk8.ogg, ignoring
[17:10:36] [Worker-Main-27/WARN]: Invalid path in datapack: minecraft:sounds/PresenceFootsteps/blocks/step/weakice/weakice_walk9.ogg, ignoring
[17:10:36] [Worker-Main-27/WARN]: Invalid path in datapack: minecraft:sounds/PresenceFootsteps/blocks/step/wing/dash1.ogg, ignoring
[17:10:36] [Worker-Main-27/WARN]: Invalid path in datapack: minecraft:sounds/PresenceFootsteps/blocks/step/wing/land1.ogg, ignoring
[17:10:36] [Worker-Main-27/WARN]: Invalid path in datapack: minecraft:sounds/PresenceFootsteps/blocks/step/wing/wing0.ogg, ignoring
[17:10:36] [Worker-Main-27/WARN]: Invalid path in datapack: minecraft:sounds/PresenceFootsteps/blocks/step/wing/wing1.ogg, ignoring
[17:10:36] [Worker-Main-27/WARN]: Invalid path in datapack: minecraft:sounds/PresenceFootsteps/blocks/step/wing/wing2.ogg, ignoring
[17:10:36] [Worker-Main-27/WARN]: Invalid path in datapack: minecraft:sounds/PresenceFootsteps/blocks/step/wing/wing3.ogg, ignoring
[17:10:36] [Worker-Main-27/WARN]: Invalid path in datapack: minecraft:sounds/PresenceFootsteps/blocks/step/wood/wood_walk1.ogg, ignoring
[17:10:36] [Worker-Main-27/WARN]: Invalid path in datapack: minecraft:sounds/PresenceFootsteps/blocks/step/wood/wood_walk10.ogg, ignoring
[17:10:36] [Worker-Main-27/WARN]: Invalid path in datapack: minecraft:sounds/PresenceFootsteps/blocks/step/wood/wood_walk11.ogg, ignoring
[17:10:36] [Worker-Main-27/WARN]: Invalid path in datapack: minecraft:sounds/PresenceFootsteps/blocks/step/wood/wood_walk2.ogg, ignoring
[17:10:36] [Worker-Main-27/WARN]: Invalid path in datapack: minecraft:sounds/PresenceFootsteps/blocks/step/wood/wood_walk3.ogg, ignoring
[17:10:36] [Worker-Main-27/WARN]: Invalid path in datapack: minecraft:sounds/PresenceFootsteps/blocks/step/wood/wood_walk4.ogg, ignoring
[17:10:36] [Worker-Main-27/WARN]: Invalid path in datapack: minecraft:sounds/PresenceFootsteps/blocks/step/wood/wood_walk5.ogg, ignoring
[17:10:36] [Worker-Main-27/WARN]: Invalid path in datapack: minecraft:sounds/PresenceFootsteps/blocks/step/wood/wood_walk6.ogg, ignoring
[17:10:36] [Worker-Main-27/WARN]: Invalid path in datapack: minecraft:sounds/PresenceFootsteps/blocks/step/wood/wood_walk7.ogg, ignoring
[17:10:36] [Worker-Main-27/WARN]: Invalid path in datapack: minecraft:sounds/PresenceFootsteps/blocks/step/wood/wood_walk8.ogg, ignoring
[17:10:36] [Worker-Main-27/WARN]: Invalid path in datapack: minecraft:sounds/PresenceFootsteps/blocks/step/wood/wood_walk9.ogg, ignoring
[17:10:36] [Worker-Main-27/WARN]: Invalid sounds.json in resourcepack: 'file/CPVP Aesthetic.zip'
net.minecraft.class_151: Non [a-z0-9/._-] character in path of location: minecraft:PresenceFootsteps/blocks/step/wood/wood_walk1
	at knot//net.minecraft.class_2960.method_45137(class_2960.java:265)
	at knot//net.minecraft.class_2960.method_60656(class_2960.java:51)
	at knot//net.minecraft.class_2960.method_12838(class_2960.java:78)
	at knot//net.minecraft.class_2960.method_60654(class_2960.java:47)
	at knot//net.minecraft.class_1115.method_4790(class_1115.java:55)
	at knot//net.minecraft.class_1115.method_4792(class_1115.java:46)
	at knot//net.minecraft.class_1115.method_4791(class_1115.java:29)
	at knot//net.minecraft.class_1115.deserialize(class_1115.java:20)
	at knot//com.google.gson.internal.bind.TreeTypeAdapter.read(TreeTypeAdapter.java:95)
	at knot//com.google.gson.internal.bind.TypeAdapterRuntimeTypeWrapper.read(TypeAdapterRuntimeTypeWrapper.java:40)
	at knot//com.google.gson.internal.bind.MapTypeAdapterFactory$Adapter.read(MapTypeAdapterFactory.java:203)
	at knot//com.google.gson.internal.bind.MapTypeAdapterFactory$Adapter.read(MapTypeAdapterFactory.java:161)
	at knot//net.minecraft.class_3518.method_47992(class_3518.java:530)
	at knot//net.minecraft.class_3518.method_15297(class_3518.java:537)
	at knot//net.minecraft.class_1144.method_18180(class_1144.java:80)
	at knot//net.minecraft.class_1144.method_18789(class_1144.java:41)
	at knot//net.minecraft.class_4080.method_18791(class_4080.java:13)
	at java.base/java.util.concurrent.CompletableFuture$AsyncSupply.run(Unknown Source)
	at knot//net.minecraft.class_4014.method_67576(class_4014.java:51)
	at java.base/java.util.concurrent.ForkJoinTask$RunnableExecuteAction.exec(Unknown Source)
	at java.base/java.util.concurrent.ForkJoinTask.doExec(Unknown Source)
	at java.base/java.util.concurrent.ForkJoinPool$WorkQueue.topLevelExec(Unknown Source)
	at java.base/java.util.concurrent.ForkJoinPool.scan(Unknown Source)
	at java.base/java.util.concurrent.ForkJoinPool.runWorker(Unknown Source)
	at java.base/java.util.concurrent.ForkJoinWorkerThread.run(Unknown Source)
[17:10:38] [Render thread/INFO]: OpenAL initialized on device OpenAL Soft on Headphones (PULSE Elite)
[17:10:38] [Render thread/INFO]: Sound engine started
[17:10:38] [Render thread/INFO]: Created: 2048x2048x0 minecraft:textures/atlas/particles.png-atlas
[17:10:38] [Render thread/INFO]: Created: 128x128x0 minecraft:textures/atlas/decorated_pot.png-atlas
[17:10:38] [Render thread/INFO]: Created: 2048x1024x0 minecraft:textures/atlas/armor_trims.png-atlas
[17:10:38] [Render thread/INFO]: Created: 512x256x0 minecraft:textures/atlas/paintings.png-atlas
[17:10:38] [Render thread/INFO]: Created: 1024x512x0 minecraft:textures/atlas/shield_patterns.png-atlas
[17:10:38] [Render thread/INFO]: Created: 1024x1024x2 minecraft:textures/atlas/blocks.png-atlas
[17:10:38] [Render thread/INFO]: Created: 512x512x0 minecraft:textures/atlas/chest.png-atlas
[17:10:38] [Render thread/INFO]: Created: 256x128x0 minecraft:textures/atlas/celestials.png-atlas
[17:10:38] [Render thread/INFO]: Created: 1024x512x0 minecraft:textures/atlas/banner_patterns.png-atlas
[17:10:38] [Render thread/INFO]: Created: 512x512x0 minecraft:textures/atlas/beds.png-atlas
[17:10:38] [Render thread/INFO]: Created: 1024x512x0 minecraft:textures/atlas/items.png-atlas
[17:10:38] [Render thread/INFO]: Created: 1024x1024x0 minecraft:textures/atlas/gui.png-atlas
[17:10:38] [Render thread/INFO]: Created: 128x64x0 minecraft:textures/atlas/map_decorations.png-atlas
[17:10:38] [Render thread/INFO]: Created: 512x256x0 minecraft:textures/atlas/signs.png-atlas
[17:10:38] [Render thread/INFO]: Created: 512x512x0 minecraft:textures/atlas/shulker_boxes.png-atlas
[17:10:38] [Render thread/INFO]: ResourcePackScanner rescan: [sky=0, clouds=0, sun=0, stars=0, day_sky=0, moon=0, night_sky=0, snow=0, rain=0]
[17:50:24] [Render thread/INFO]: Audio device was lost!
[17:50:24] [Render thread/INFO]: OpenAL initialized on device OpenAL Soft on Speakers (2- USB  AUDIO  )
[17:50:24] [Render thread/INFO]: Sound engine started
[17:50:25] [IO-Worker-7/INFO]: System default audio device has changed!
[17:50:25] [Render thread/INFO]: OpenAL initialized on device OpenAL Soft on Speakers (2- USB  AUDIO  )
[17:50:25] [Render thread/INFO]: Sound engine started
[18:51:15] [IO-Worker-7/INFO]: System default audio device has changed!
[18:51:15] [Render thread/INFO]: OpenAL initialized on device OpenAL Soft on Odyssey G5 (NVIDIA High Definition Audio)
[18:51:15] [Render thread/INFO]: Sound engine started
[18:51:25] [IO-Worker-7/INFO]: System default audio device has changed!
[18:51:25] [Render thread/INFO]: OpenAL initialized on device OpenAL Soft on Headphones (PULSE Elite)
[18:51:25] [Render thread/INFO]: Sound engine started
[18:51:30] [Render thread/INFO]: Connecting to play.donutsmp.net, 25565
[18:51:31] [Render thread/INFO]: [voicechat] Sending secret request to the server
[18:51:31] [VoicechatSoundManagerThread/WARN]: [voicechat] Failed to open audio device 'OpenAL Soft on Speakers (PlayStation Link Adapter)', falling back to default
[18:51:31] [Render thread/INFO]: CustomSkyboxes command registered
[18:51:31] [Render thread/INFO]: Starting [2] Placement Manager Daemon threads
[18:51:31] [Render thread/INFO]: Loaded 470 advancements
[18:51:31] [Render thread/INFO]: [voicechat] Received secret
[18:51:31] [Render thread/INFO]: [voicechat] Connecting to voice chat server: '172.65.200.198:55554'
[18:51:31] [VoiceChatAuthenticationThread/INFO]: [voicechat] Trying to authenticate voice chat connection
[18:51:31] [VoiceChatConnectionThread/INFO]: [voicechat] Server acknowledged authentication
[18:51:31] [VoiceChatConnectionThread/INFO]: [voicechat] Server acknowledged connection check
[18:51:31] [MicrophoneThread/WARN]: [voicechat] Failed to open microphone 'OpenAL Soft on Microphone (fifine Microphone)', falling back to default microphone
[18:51:31] [Render thread/INFO]: [System] [CHAT] You earned $330K from auction while you were away
[18:51:32] [Worker-Main-45/WARN]: Profile contained invalid signature for textures property (profile id: 00000000-0000-0000-0009-01fe233d6c4a)
[18:53:26] [Render thread/INFO]: [System] [CHAT] _MrKyro_ sold multiple items for $ 1.3K
[18:53:43] [Render thread/INFO]: [System] [CHAT] _MrKyro_ bought 16 Ender Pearls for $ 5.6K
[19:00:00] [Render thread/INFO]: [System] [CHAT] You earned 1 Shard for playing the server
[19:10:00] [Render thread/INFO]: [System] [CHAT] You earned 1 Shard for playing the server
[19:11:04] [Render thread/INFO]: [System] [CHAT] _MrKyro_ sold multiple items for $ 1.2M
[19:11:14] [Render thread/INFO]: [System] [CHAT] ThatOnePVP sent you a teleport here request
[19:11:14] [Render thread/INFO]: [System] [CHAT] Type /tpaccept to accept
[19:11:46] [Render thread/INFO]: [System] [CHAT] ThatOnePVP sent you a teleport here request
[19:11:46] [Render thread/INFO]: [System] [CHAT] Type /tpaccept to accept
[19:14:07] [Render thread/INFO]: [System] [CHAT] ThatOnePVP sent you a teleport here request
[19:14:07] [Render thread/INFO]: [System] [CHAT] Type /tpaccept to accept
[19:15:00] [Render thread/INFO]: [System] [CHAT] ThatOnePVP sent you a teleport here request
[19:15:00] [Render thread/INFO]: [System] [CHAT] Type /tpaccept to accept
[19:16:13] [Render thread/INFO]: [System] [CHAT] ThatOnePVP sent you a teleport here request
[19:16:13] [Render thread/INFO]: [System] [CHAT] Type /tpaccept to accept
[19:16:31] [Render thread/INFO]: Loaded 158 advancements
[19:16:31] [Render thread/INFO]: [System] [CHAT] You teleported
[19:16:32] [Render thread/INFO]: [voicechat] Clearing audio channels
[19:16:32] [Render thread/INFO]: [voicechat] Stopping microphone thread
[19:16:32] [Render thread/INFO]: [voicechat] Disconnecting voicechat
[19:16:32] [Render thread/INFO]: Saving
[19:16:32] [Render thread/INFO]: Saved in 27 milliseconds.
[19:16:33] [Render thread/INFO]: Connecting to play.donutsmp.net, 25565
[19:16:34] [Render thread/INFO]: [voicechat] Sending secret request to the server
[19:16:34] [VoicechatSoundManagerThread/WARN]: [voicechat] Failed to open audio device 'OpenAL Soft on Speakers (PlayStation Link Adapter)', falling back to default
[19:16:34] [Render thread/INFO]: CustomSkyboxes command registered
[19:16:34] [Render thread/INFO]: Starting [2] Placement Manager Daemon threads
[19:16:34] [Render thread/INFO]: [System] [CHAT] Finding random location
[19:16:34] [Render thread/INFO]: Loaded 501 advancements
[19:16:34] [Render thread/INFO]: [voicechat] Received secret
[19:16:34] [Render thread/INFO]: [voicechat] Connecting to voice chat server: '172.65.200.198:55554'
[19:16:34] [VoiceChatAuthenticationThread/INFO]: [voicechat] Trying to authenticate voice chat connection
[19:16:34] [VoiceChatConnectionThread/INFO]: [voicechat] Server acknowledged authentication
[19:16:34] [VoiceChatConnectionThread/INFO]: [voicechat] Server acknowledged connection check
[19:16:34] [MicrophoneThread/WARN]: [voicechat] Failed to open microphone 'OpenAL Soft on Microphone (fifine Microphone)', falling back to default microphone
[19:16:35] [Render thread/INFO]: [System] [CHAT] This teleport request does not exist
[19:16:42] [Render thread/INFO]: [System] [CHAT] This user is not online
[19:17:01] [Render thread/INFO]: [System] [CHAT] _MrKyro_ bought 64 Deepslate for $ 4K
[19:17:02] [Render thread/INFO]: [System] [CHAT] _MrKyro_ bought 64 Deepslate for $ 4K
[19:17:31] [Render thread/INFO]: [System] [CHAT] ThatOnePVP sent you a teleport here request
[19:17:31] [Render thread/INFO]: [System] [CHAT] Type /tpaccept to accept
[19:20:00] [Render thread/INFO]: [System] [CHAT] You earned 1 Shard for playing the server
[19:20:03] [Render thread/INFO]: [System] [CHAT] _MrKyro_ left the game
[19:21:20] [Worker-Main-67/WARN]: Profile contained invalid signature for textures property (profile id: 00000000-0000-0000-0009-01fe233d6c4a)
[19:24:44] [Render thread/INFO]: [System] [CHAT] ThatOnePVP sent you a teleport here request
[19:24:44] [Render thread/INFO]: [System] [CHAT] Type /tpaccept to accept
[19:24:49] [Render thread/INFO]: Loaded 158 advancements
[19:24:49] [Render thread/INFO]: [System] [CHAT] You teleported
[19:24:49] [Render thread/INFO]: [voicechat] Clearing audio channels
[19:24:49] [Render thread/INFO]: [voicechat] Stopping microphone thread
[19:24:49] [Render thread/INFO]: [voicechat] Disconnecting voicechat
[19:24:49] [Render thread/INFO]: Saving
[19:24:49] [Render thread/INFO]: Saved in 27 milliseconds.
[19:27:41] [Render thread/INFO]: [OpSec] Logging into account: Habibipapaki
[19:27:41] [ForkJoinPool.commonPool-worker-17/INFO]: [OpSec] Validated account: Habibipapaki (74ce8198-6839-4713-be25-03176ddfcb98)
[19:27:41] [ForkJoinPool.commonPool-worker-17/INFO]: Environment: Environment[sessionHost=https://sessionserver.mojang.com, servicesHost=https://api.minecraftservices.com, profilesHost=https://api.mojang.com, name=PROD]
[19:27:41] [ForkJoinPool.commonPool-worker-17/INFO]: [OpSec] Successfully logged in as: Habibipapaki
[19:27:42] [Render thread/INFO]: Connecting to mcpvp.club, 25565
[19:27:43] [Render thread/WARN]: Client disconnected with reason: Transferring region
[19:27:43] [Render thread/INFO]: Connecting to eu.mcpvp.club, 25565
[19:27:45] [Render thread/INFO]: [voicechat] Sending secret request to the server
[19:27:45] [VoicechatSoundManagerThread/WARN]: [voicechat] Failed to open audio device 'OpenAL Soft on Speakers (PlayStation Link Adapter)', falling back to default
[19:27:45] [Render thread/INFO]: CustomSkyboxes command registered
[19:27:45] [Render thread/INFO]: Starting [2] Placement Manager Daemon threads
[19:27:45] [Render thread/INFO]: [System] [CHAT] Gregory_66 » nochnal
[19:27:45] [Render thread/INFO]: [System] [CHAT] doctor_pandas » gg
[19:27:45] [Render thread/INFO]: [System] [CHAT]  
[19:27:46] [Render thread/WARN]: Unable to play unknown soundEvent: minecraft:none
[19:27:47] [Render thread/INFO]: [System] [CHAT] Twinkle_Cloud2 » ht5 cpvp duel me
[19:27:47] [Render thread/INFO]: [System] [CHAT] Litchez » any official tiered players in mace duel me!
[19:27:47] [Render thread/INFO]: [System] [CHAT] frozensolos » `121
[19:27:49] [Render thread/INFO]: [System] [CHAT] 3ch0r1ft » 1234 for uu
[19:27:51] [Render thread/INFO]: [System] [CHAT] twojamama1337 » abc for wemmbu minutech jaden and eggchan vs null
[19:27:51] [Download-105/WARN]: Couldn't look up profile properties for 47d3b4d1-b9a4-32c7-a179-d05f9d939fd5
com.mojang.authlib.exceptions.MinecraftClientException: Failed to read from https://sessionserver.mojang.com/session/minecraft/profile/47d3b4d1b9a432c7a179d05f9d939fd5?unsigned=false due to Read timed out
	at knot//com.mojang.authlib.minecraft.client.MinecraftClient.readInputStream(MinecraftClient.java:111)
	at knot//com.mojang.authlib.minecraft.client.MinecraftClient.get(MinecraftClient.java:56)
	at knot//com.mojang.authlib.yggdrasil.YggdrasilMinecraftSessionService.fetchProfileUncached(YggdrasilMinecraftSessionService.java:197)
	at knot//com.mojang.authlib.yggdrasil.YggdrasilMinecraftSessionService.fetchProfile(YggdrasilMinecraftSessionService.java:167)
	at knot//net.minecraft.class_11755$class_11579$1.method_73291(class_11755.java:44)
	at knot//net.minecraft.class_11755$class_11579$1.load(class_11755.java:41)
	at knot//com.google.common.cache.LocalCache$LoadingValueReference.loadFuture(LocalCache.java:3556)
	at knot//com.google.common.cache.LocalCache$Segment.loadSync(LocalCache.java:2307)
	at knot//com.google.common.cache.LocalCache$Segment.lockedGetOrLoad(LocalCache.java:2180)
	at knot//com.google.common.cache.LocalCache$Segment.get(LocalCache.java:2071)
	at knot//com.google.common.cache.LocalCache.get(LocalCache.java:3985)
	at knot//com.google.common.cache.LocalCache.getOrLoad(LocalCache.java:4006)
	at knot//com.google.common.cache.LocalCache$LocalLoadingCache.get(LocalCache.java:4946)
	at knot//com.google.common.cache.LocalCache$LocalLoadingCache.getUnchecked(LocalCache.java:4953)
	at knot//net.minecraft.class_11755$class_11579$2.method_73292(class_11755.java:57)
	at java.base/java.util.Optional.flatMap(Unknown Source)
	at knot//net.minecraft.class_11755$class_11579$2.method_73293(class_11755.java:57)
	at knot//net.minecraft.class_11755$class_11579$2.load(class_11755.java:52)
	at knot//com.google.common.cache.LocalCache$LoadingValueReference.loadFuture(LocalCache.java:3556)
	at knot//com.google.common.cache.LocalCache$Segment.loadSync(LocalCache.java:2307)
	at knot//com.google.common.cache.LocalCache$Segment.lockedGetOrLoad(LocalCache.java:2180)
	at knot//com.google.common.cache.LocalCache$Segment.get(LocalCache.java:2071)
	at knot//com.google.common.cache.LocalCache.get(LocalCache.java:3985)
	at knot//com.google.common.cache.LocalCache.getOrLoad(LocalCache.java:4006)
	at knot//com.google.common.cache.LocalCache$LocalLoadingCache.get(LocalCache.java:4946)
	at knot//com.google.common.cache.LocalCache$LocalLoadingCache.getUnchecked(LocalCache.java:4953)
	at knot//net.minecraft.class_11755$class_11579.method_73289(class_11755.java:65)
	at knot//net.minecraft.class_11784.method_73289(class_11784.java:36)
	at knot//com.mojang.datafixers.util.Either$Left.map(Either.java:38)
	at knot//net.minecraft.class_11755.method_73288(class_11755.java:27)
	at knot//net.minecraft.class_9296$class_11756.method_73318(class_9296.java:237)
	at java.base/java.util.concurrent.CompletableFuture$AsyncSupply.run(Unknown Source)
	at java.base/java.util.concurrent.ThreadPoolExecutor.runWorker(Unknown Source)
	at java.base/java.util.concurrent.ThreadPoolExecutor$Worker.run(Unknown Source)
	at java.base/java.lang.Thread.run(Unknown Source)
Caused by: java.net.SocketTimeoutException: Read timed out
	at java.base/sun.nio.ch.NioSocketImpl.timedRead(Unknown Source)
	at java.base/sun.nio.ch.NioSocketImpl.implRead(Unknown Source)
	at java.base/sun.nio.ch.NioSocketImpl.read(Unknown Source)
	at java.base/sun.nio.ch.NioSocketImpl$1.read(Unknown Source)
	at java.base/java.net.Socket$SocketInputStream.read(Unknown Source)
	at java.base/sun.security.ssl.SSLSocketInputRecord.read(Unknown Source)
	at java.base/sun.security.ssl.SSLSocketInputRecord.readHeader(Unknown Source)
	at java.base/sun.security.ssl.SSLSocketInputRecord.bytesInCompletePacket(Unknown Source)
	at java.base/sun.security.ssl.SSLSocketImpl.readApplicationRecord(Unknown Source)
	at java.base/sun.security.ssl.SSLSocketImpl$AppInputStream.read(Unknown Source)
	at java.base/java.io.BufferedInputStream.fill(Unknown Source)
	at java.base/java.io.BufferedInputStream.read1(Unknown Source)
	at java.base/java.io.BufferedInputStream.implRead(Unknown Source)
	at java.base/java.io.BufferedInputStream.read(Unknown Source)
	at java.base/sun.net.www.http.HttpClient.parseHTTPHeader(Unknown Source)
	at java.base/sun.net.www.http.HttpClient.parseHTTP(Unknown Source)
	at java.base/sun.net.www.protocol.http.HttpURLConnection.getInputStream0(Unknown Source)
	at java.base/sun.net.www.protocol.http.HttpURLConnection.getInputStream(Unknown Source)
	at java.base/java.net.HttpURLConnection.getResponseCode(Unknown Source)
	at java.base/sun.net.www.protocol.https.HttpsURLConnectionImpl.getResponseCode(Unknown Source)
	at knot//com.mojang.authlib.minecraft.client.MinecraftClient.readInputStream(MinecraftClient.java:82)
	... 34 more
[19:27:51] [Render thread/INFO]: [System] [CHAT] B0X3_ » 1234
[19:27:51] [Render thread/INFO]: [System] [CHAT] FutureHeritage » coaching SMP kit (need vc)
[19:27:52] [Render thread/INFO]: [System] [CHAT] DanilSilver » 1234
[19:27:53] [Render thread/INFO]: [System] [CHAT] Mannntas1 » 1234
[19:27:55] [Render thread/INFO]: [System] [CHAT] muuziin » 1234
[19:27:55] [Render thread/INFO]: [System] [CHAT] frozensolos » 1234
[19:27:57] [Render thread/INFO]: [System] [CHAT] Ksnus » If you wanna help a growing scripted smp thats looking for actors /msg me
[19:27:59] [Render thread/INFO]: [System] [CHAT] SpeedGiant » 1234
[19:27:59] [Render thread/INFO]: [System] [CHAT] Itz_Cr1mson » abc if IM WEMMBU/JADEN!!!
[19:28:00] [Render thread/INFO]: [System] [CHAT] j3fm » 555 for unstabvel
[19:28:01] [Render thread/INFO]: [System] [CHAT] EliteFov » Yo can anyone teach me any gm? plzzz, im a really noob. i got voicechat and is on java edetion 1.21.11
[19:28:01] [Render thread/INFO]: [System] [CHAT] mutmacher456 » auto crit
[19:28:02] [Render thread/INFO]: [System] [CHAT] _GODY_ » 555
[19:28:02] [Render thread/INFO]: [System] [CHAT] welcometogeorgia » 555
[19:28:03] [Render thread/INFO]: [System] [CHAT] MonkeyD109 » duel mie for ht3 crystal test you
[19:28:05] [Render thread/INFO]: [System] [CHAT] Tigerilz » IF U WANNA JOIN AN SMP /msg tigerilz
[19:28:05] [Render thread/INFO]: [System] [CHAT] Xerixq » 555
[19:28:06] [Render thread/INFO]: [System] [CHAT] Notdashe » ./msg Notdashe to join an SMP no verification
[19:28:07] [Render thread/INFO]: [System] [CHAT] liamistuff678 » guys moneyd is not ht 3
[19:28:07] [Render thread/INFO]: [System] [CHAT] BulkaWasTaken » 123 for unstable 3v3
[19:28:08] [Render thread/INFO]: [System] [CHAT] LucaBMia » 555
[19:28:08] [Render thread/INFO]: [System] [CHAT] wolfiANG » ja
[19:28:08] [Render thread/INFO]: [System] [CHAT] Litchez » any lt4s+ in mace duel me!
[19:28:09] [Render thread/INFO]: [System] [CHAT] DismalBass08374 » pub pls
[19:28:09] [Render thread/INFO]: [System] [CHAT] VYREXEN » 676 FOR VERY FUN KITS PARTY!!!! VC ONLY PLEASE!!
[19:28:09] [Render thread/INFO]: [System] [CHAT] xTabbu » per team
[19:28:09] [Render thread/INFO]: [System] [CHAT] SpeedGiant » PUB PLEASE
[19:28:09] [Render thread/INFO]: [System] [CHAT] _GODY_ » 123
[19:28:09] [Render thread/INFO]: [System] [CHAT] LostGardden » 222 for 2v2 [1 left]
[19:28:11] [Render thread/INFO]: [System] [CHAT] iEnlight » lol
[19:28:11] [Render thread/INFO]: [System] [CHAT] Itz_Cr1mson » 123 for FFA CUSTOM KITTT!!! SVC PLEASE. PLEASE READ THIS MESSAGE!!!
[19:28:11] [Render thread/INFO]: [System] [CHAT] zQuix » LIVE ON TWITCH:zQuixttv DUELLING VIEWERS GERMAN/ENGLISH
[19:28:12] [Render thread/INFO]: [System] [CHAT] ThatGuyR1fted » DUEL ME IM DOING A VID ON YT MY CHANNEL NAME IS itz-rifted DUEL ME CUSTOM KITS OR VANILLA
[19:28:13] [Render thread/INFO]: [System] [CHAT] umcw » 222
[19:28:14] [Render thread/INFO]: [System] [CHAT] LucaBMia » 123
[19:28:17] [Render thread/INFO]: [System] [CHAT] twojamama1337 » abc for wemmbu minutech jaden and eggchan vs null
[19:28:17] [Render thread/INFO]: [System] [CHAT] Lashh_ » Who can teach me stun slam from high up /msg
[19:28:17] [Render thread/INFO]: [System] [CHAT] Jakusb1843 » i guss
[19:28:17] [Render thread/INFO]: [System] [CHAT] 3ch0r1ft » 333 for uu
[19:28:17] [Render thread/INFO]: [System] [CHAT] GeezyXT » 222
[19:28:17] [Render thread/INFO]: [System] [CHAT] ynuxz » SOME1make a party
[19:28:19] [Render thread/INFO]: [System] [CHAT] rainasBG » lt3+ duel me in any gamemode I am decent in every gamemode
[19:28:19] [Render thread/INFO]: [System] [CHAT] _GODY_ » 333
[19:28:20] [Render thread/INFO]: [System] [CHAT] CorrectStream97 » ---ZUSCHAUER BATTLES LIVE AUF TWICH usr CorrectStream97--
[19:28:21] [Render thread/INFO]: [System] [CHAT] PepeHDS » some one teach me nethertite op plis msg
[19:28:22] [Render thread/INFO]: [System] [CHAT] ManulGD2023 » 333
[19:28:22] [Render thread/INFO]: [System] [CHAT] VYREXEN » 676 FOR VERY FUN KITS PARTY!!!! MIC ONLY PLEASE !!!!!! 3131 34324 234
[19:28:24] [Render thread/INFO]: [System] [CHAT] TheoTheGreat15 » no hiboks stok aut
[19:28:24] [Render thread/INFO]: [System] [CHAT] idioticdingus » 111 FOR UNSTABLE 1 LEFT
[19:28:25] [Render thread/INFO]: [System] [CHAT] Notdashe » ./msg Notdashe to join an SMP no verification no scamm gng
[19:28:25] [Render thread/INFO]: [System] [CHAT] megasuperbanan » are u tryna diddle me
[19:28:25] [Render thread/INFO]: [System] [CHAT] _GODY_ » 111
[19:28:25] [Render thread/INFO]: [System] [CHAT] pguythekingsss » any unstable invite me
[19:28:25] [Render thread/INFO]: [System] [CHAT] iyexora » 111
[19:28:26] [Render thread/INFO]: [System] [CHAT] Itz_Cr1mson » 123 for FFA CUSTOM KITTT!!! SVC PLEASE. PLEASE READ THIS MESSAGE!!! LAST CHANCE YOOO
[19:28:26] [Render thread/INFO]: [System] [CHAT] shan75 » Duel me if u can teach me cpvp need mic ft 20
[19:28:28] [Render thread/INFO]: [System] [CHAT] YazanPro7872 » 111
[19:28:29] [Render thread/INFO]: [System] [CHAT] Krisx73 » 22 for custom dia smp 2v2
[19:28:32] [Render thread/INFO]: [System] [CHAT] fnixzz » 22
[19:28:32] [Render thread/INFO]: [System] [CHAT] iyexora » 22
[19:28:32] [Render thread/INFO]: [System] [CHAT] masterS125 » 33
[19:28:33] [Render thread/INFO]: [System] [CHAT] Rufus_Meow » 676'
[19:28:33] [Render thread/INFO]: [System] [CHAT] DanilSilver » 22
[19:28:34] [Render thread/INFO]: [System] [CHAT] Dragos453 » 111
[19:28:34] [Render thread/INFO]: [System] [CHAT] 
[19:28:34] [Render thread/INFO]: [System] [CHAT] (4/32) MissingFerrezz is hosting a public party! [✔ Join]
[19:28:34] [Render thread/INFO]: [System] [CHAT] 
[19:28:35] [Render thread/INFO]: [System] [CHAT] GeezyXT » 22
[19:28:35] [Render thread/INFO]: [System] [CHAT] j3fm » 555 for unstabvel
[19:28:37] [Render thread/INFO]: [System] [CHAT] zQuix » LIVE ON TWITCH:zQuixttv DUELLING VIEWERS GERMAN/ENGLISH
[19:28:37] [Render thread/INFO]: [System] [CHAT] 3ch0r1ft » 555
[19:28:37] [Render thread/INFO]: [System] [CHAT] xTabbu » 555
[19:28:38] [Render thread/INFO]: [System] [CHAT] DanilSilver » 555
[19:28:38] [Render thread/INFO]: [System] [CHAT] coldfragment1 » 123
[19:28:39] [Render thread/INFO]: [System] [CHAT] Ahmetkartal0 » 777 for wemmbu vs null
[19:28:40] [Render thread/INFO]: [System] [CHAT] masterS125 » 22
[19:28:40] [Render thread/INFO]: [System] [CHAT] ☽ Efficiencyyyy » hi
[19:28:40] [Render thread/INFO]: [System] [CHAT] valogeo » gg
[19:28:41] [Render thread/INFO]: [System] [CHAT] AbsentMoss » im better
[19:28:41] [Render thread/INFO]: [System] [CHAT] LostGardden » 222 for 2v2 [1 left]
[19:28:41] [Render thread/INFO]: [System] [CHAT] yumjam_ » 777
[19:28:42] [Render thread/INFO]: [System] [CHAT] VYREXEN » 676 FOR VERY FUN KITS PARTY!!!! VC ONLY PLEASE!!
[19:28:42] [Render thread/INFO]: [System] [CHAT] ReaLjackaLL » duel
[19:28:43] [Render thread/INFO]: [System] [CHAT] _Sm1lence_ » 777
[19:28:43] [Render thread/INFO]: [System] [CHAT] pguythekingsss » 777
[19:28:44] [Render thread/INFO]: [System] [CHAT] Tick_Tack5313 » 222
[19:28:44] [Render thread/INFO]: [System] [CHAT] DanilSilver » 222
[19:28:44] [Render thread/INFO]: [System] [CHAT] siyarselam » 777
[19:28:45] [Render thread/INFO]: [System] [CHAT] CorrectStream97 » ---ZUSCHAUER BATTLES LIVE AUF TWICH usr CorrectStream97--
[19:28:46] [Render thread/INFO]: [System] [CHAT] ImsKaos » nice
[19:28:47] [Render thread/INFO]: [System] [CHAT] shan75 » jhg
[19:28:47] [Render thread/INFO]: [System] [CHAT] StepYoutube » e
[19:28:47] [Render thread/INFO]: [System] [CHAT] 
[19:28:47] [Render thread/INFO]: [System] [CHAT] (1/32) Drabhealer39049 is hosting a public party! [✔ Join]
[19:28:47] [Render thread/INFO]: [System] [CHAT] 
[19:28:47] [Render thread/INFO]: [System] [CHAT] dante12_mc » 777
[19:28:49] [Render thread/INFO]: [System] [CHAT] ThatGuyR1fted » DUEL ME IM DOING A VID ON YT MY CHANNEL NAME IS itz-rifted DUEL ME CUSTOM KITS OR VANILLA
[19:28:49] [Render thread/INFO]: [System] [CHAT] SNECC_EYES » noob
[19:28:49] [Render thread/INFO]: [System] [CHAT] tostxr » abc for wemmbuy vs null
[19:28:49] [Render thread/INFO]: [System] [CHAT] VYREXEN » 676 FOR VERY FUN KITS PARTY!!!! MIC ONLY PLEASE !!!!!! 3131 34324 234
[19:28:50] [Render thread/INFO]: [System] [CHAT] BulkaWasTaken » 123 for unstable 3v3
[19:28:50] [Render thread/INFO]: [System] [CHAT] FerchezX2 » 444 FOR MACE EVERYONE VS ME! (the more players the more fun!)
[19:28:51] [Render thread/INFO]: [System] [CHAT] Itz_Cr1mson » 123 for FFA CUSTOM KITTT!!! SVC PLEASE. PLEASE READ THIS MESSAGE!!! LAST CHANCE YOOO
[19:28:51] [Render thread/INFO]: [System] [CHAT] sigmahabib24bara » why bro
[19:28:52] [Render thread/INFO]: [System] [CHAT] ☽ Efficiencyyyy » do i buy my vip+ plus back
[19:28:52] [Render thread/INFO]: [System] [CHAT] ItzzMadsjeanz » 6z
[19:28:52] [Render thread/INFO]: [System] [CHAT] fnixzz » start
[19:28:52] [Render thread/INFO]: [System] [CHAT] JulikWP » cheater
[19:28:52] [Render thread/INFO]: [System] [CHAT] biscoffbread » 234 for cpvp duels
[19:28:53] [Render thread/INFO]: [System] [CHAT] xlbebe » 676
[19:28:53] [Render thread/INFO]: [System] [CHAT] 3ch0r1ft » 123
[19:28:53] [Render thread/INFO]: [System] [CHAT] shan75 » Duel me if u can teach me cpvp need mic ft 20
[19:28:53] [Render thread/INFO]: [System] [CHAT] IonutBANKAI » gg
[19:28:53] [Render thread/INFO]: [System] [CHAT] TOYAGU1 » 111 for fake cpvp tier test
[19:28:54] [Render thread/INFO]: [System] [CHAT] Szoperr_ » 123
[19:28:56] [Render thread/INFO]: [System] [CHAT] Mateigamer2026 » UNSTABLE PARTYS INVITE ME
[19:28:57] [Render thread/INFO]: [System] [CHAT] siyarselam » 67787
[19:28:57] [Render thread/INFO]: [System] [CHAT] zoro_saturu2 » 234
[19:28:58] [Render thread/INFO]: [System] [CHAT] MasterVK » LT3 MACE DUEL ME
[19:28:59] [Render thread/INFO]: [System] [CHAT] 
[19:28:59] [Render thread/INFO]: [System] [CHAT] (1/32) MidnightVines is hosting a public party! [✔ Join]
[19:28:59] [Render thread/INFO]: [System] [CHAT] 
[19:28:59] [Render thread/INFO]: [System] [CHAT] Tigerilz » IF U WANNA JOIN AN SMP /msg tigerilz
[19:28:59] [Render thread/INFO]: [System] [CHAT] twojamama1337 » babc for wemmbu minutech jaden and eggchan vs null
[19:29:02] [Render thread/INFO]: [System] [CHAT] KINGCHIMMIK » any lt4+ duel me mace
[19:29:02] [Render thread/INFO]: [System] [CHAT] Ksnus » If you wanna help a growing scripted smp thats looking for actors /msg me
[19:29:02] [Render thread/INFO]: [System] [CHAT] Sn0wF » gg
[19:29:04] [Render thread/INFO]: [System] [CHAT] SNECC_EYES » babac
[19:29:04] [Render thread/INFO]: [System] [CHAT] ReaLjackaLL » master
[19:29:05] [Render thread/INFO]: [System] [CHAT] ImsKaos » Everyone send DUEL, im HT3 NethPot
[19:29:05] [Render thread/INFO]: [System] [CHAT] 3ch0r1ft » 333 for uu
[19:29:06] [Render thread/INFO]: [System] [CHAT] NekoArcMyLoved » unstable partys invite me
[19:29:06] [Render thread/INFO]: [System] [CHAT] zQuix » LIVE ON TWITCH:zQuixttv DUELLING VIEWERS GERMAN/ENGLISH
[19:29:07] [Render thread/INFO]: [System] [CHAT] FrostyOnEarth » BUILD BATTLEEEE
[19:29:09] [Render thread/INFO]: [System] [CHAT] youngunc92k » 333
[19:29:09] [Render thread/INFO]: [System] [CHAT] FerchezX2 » 444 FOR MACE EVERYONE VS ME!
[19:29:10] [Render thread/INFO]: [System] [CHAT] TOYAGU1 » 333
[19:29:10] [Render thread/INFO]: [System] [CHAT] MonkeyD109 » duel mie for ht3 crystal test you
[19:29:10] [Render thread/INFO]: [System] [CHAT] CorrectStream97 » ---ZUSCHAUER BATTLES LIVE AUF TWICH usr CorrectStream97--
[19:29:11] [Render thread/INFO]: [System] [CHAT] SNECC_EYES » 333
[19:29:11] [Render thread/INFO]: [System] [CHAT] R1iley » duel me any gamemode if u win i gift vip and vip+
[19:29:12] [Render thread/INFO]: [System] [CHAT] IliyaB » 555 for unstable ffa
[19:29:12] [Render thread/INFO]: [System] [CHAT] rainasBG » lt3+ duel me in any gamemode I am decent in every gamemode
[19:29:12] [Render thread/INFO]: [System] [CHAT] zT_Wemmbu_Tech » holly missclick
[19:29:12] [Render thread/INFO]: [System] [CHAT] ImsKaos » Im HT3 NethPot, send DUEL
[19:29:13] [Render thread/INFO]: [System] [CHAT] _Sm1lence_ » does any1 host a civ
[19:29:14] [Render thread/INFO]: [System] [CHAT] siyarselam » babc
[19:29:14] [Render thread/INFO]: [System] [CHAT] muuziin » 555
[19:29:15] [Render thread/INFO]: [System] [CHAT] ItsTheo07 » 555
[19:29:15] [Render thread/INFO]: [System] [CHAT] Alterm » 555
[19:29:16] [Render thread/INFO]: [System] [CHAT] SNECC_EYES » 555
[19:29:16] [Render thread/INFO]: [System] [CHAT] frozensolos » 555
[19:29:17] [Render thread/INFO]: [System] [CHAT] ReaLjackaLL » fRosty
[19:29:18] [Render thread/INFO]: [System] [CHAT] FerchezX2 » 444 FOR MACE EVERYONE VS ME! (the more players the more fun!)
[19:29:18] [Render thread/INFO]: [System] [CHAT] chronosiam » wtf
[19:29:19] [Render thread/INFO]: [System] [CHAT] aussies11 » 555\
[19:29:20] [Render thread/INFO]: [System] [CHAT] rainasBG » lt3+ duel me in any gamemode I am decent in every gamemode lt3+ duel me in any gamemode I am decent in every gamemode
[19:29:20] [Render thread/INFO]: [System] [CHAT] MonkeyD109 » duel mie for ht3 crystal test you 4 rounds
[19:29:21] [Render thread/INFO]: [System] [CHAT] Leverpostei223 » 444
[19:29:21] [Render thread/INFO]: [System] [CHAT] PinchyWaffle » W
[19:29:21] [Render thread/INFO]: [System] [CHAT] ThatGuyR1fted » DUEL ME IM DOING A VID ON YT MY CHANNEL NAME IS itz-rifted DUEL ME CUSTOM KITS OR VANILLA
[19:29:22] [Render thread/INFO]: [System] [CHAT] claudiu1910 » gg
[19:29:22] [Render thread/INFO]: [System] [CHAT] The_Gionaxx » sli
[19:29:23] [Render thread/INFO]: [System] [CHAT] D4rkni9ht_x » 4444
[19:29:23] [Render thread/INFO]: [System] [CHAT] 
[19:29:23] [Render thread/INFO]: [System] [CHAT] (1/32) vexroe is hosting a public party! [✔ Join]
[19:29:23] [Render thread/INFO]: [System] [CHAT] 
[19:29:23] [Render thread/INFO]: [System] [CHAT] Aaronovic957 » msg me for a goodboy
[19:29:24] [Render thread/INFO]: [System] [CHAT] 
[19:29:24] [Render thread/INFO]: [System] [CHAT] (2/32) 9gow is hosting a public party! [✔ Join]
[19:29:24] [Render thread/INFO]: [System] [CHAT] 
[19:29:25] [Render thread/INFO]: [System] [CHAT] tostxr » abc for wemmbu vs null
[19:29:27] [Render thread/INFO]: [System] [CHAT] Ksnus » If you wanna help a growing scripted smp thats looking for actors /msg me
[19:29:28] [Render thread/INFO]: [System] [CHAT] ItsTheo07 » abc
[19:29:28] [Render thread/INFO]: [System] [CHAT] SirSharkxmc » abc
[19:29:29] [Render thread/INFO]: [System] [CHAT] TheYaskiii » 111
[19:29:29] [Render thread/INFO]: [System] [CHAT] siyarselam » abc
[19:29:29] [Render thread/INFO]: [System] [CHAT] NekoArcMyLoved » abc
[19:29:31] [Render thread/INFO]: [System] [CHAT] ReaLjackaLL » goo
[19:29:32] [Render thread/INFO]: [System] [CHAT] EliteFov » Yo can anyone teach me any gm? plzzz, im a really noob. i got voicechat and is on java edetion 1.21.11
[19:29:32] [Render thread/INFO]: [System] [CHAT] 
[19:29:32] [Render thread/INFO]: [System] [CHAT] (2/32) gasparbubica is hosting a public party! [✔ Join]
[19:29:32] [Render thread/INFO]: [System] [CHAT] 
[19:29:33] [Render thread/INFO]: [System] [CHAT] Leverpostei223 » start
[19:29:34] [Render thread/INFO]: [System] [CHAT] _yaripol_ » abc
[19:29:35] [Render thread/INFO]: Saving
[19:29:35] [Render thread/INFO]: Saved in 23 milliseconds.
[19:29:35] [Download-105/WARN]: Couldn't find profile with name: femboytransfer
com.mojang.authlib.exceptions.MinecraftClientHttpException: Couldn't find any profile with name femboytransfer
	at knot//com.mojang.authlib.minecraft.client.MinecraftClient.readInputStream(MinecraftClient.java:103)
	at knot//com.mojang.authlib.minecraft.client.MinecraftClient.get(MinecraftClient.java:56)
	at knot//com.mojang.authlib.yggdrasil.YggdrasilGameProfileRepository.findProfileByName(YggdrasilGameProfileRepository.java:110)
	at knot//net.minecraft.class_3312.method_14509(class_3312.java:75)
	at knot//net.minecraft.class_3312.method_14515(class_3312.java:136)
	at knot//net.minecraft.class_11755$class_11579$2.method_73293(class_11755.java:56)
	at knot//net.minecraft.class_11755$class_11579$2.load(class_11755.java:52)
	at knot//com.google.common.cache.LocalCache$LoadingValueReference.loadFuture(LocalCache.java:3556)
	at knot//com.google.common.cache.LocalCache$Segment.loadSync(LocalCache.java:2307)
	at knot//com.google.common.cache.LocalCache$Segment.lockedGetOrLoad(LocalCache.java:2180)
	at knot//com.google.common.cache.LocalCache$Segment.get(LocalCache.java:2071)
	at knot//com.google.common.cache.LocalCache.get(LocalCache.java:3985)
	at knot//com.google.common.cache.LocalCache.getOrLoad(LocalCache.java:4006)
	at knot//com.google.common.cache.LocalCache$LocalLoadingCache.get(LocalCache.java:4946)
	at knot//com.google.common.cache.LocalCache$LocalLoadingCache.getUnchecked(LocalCache.java:4953)
	at knot//net.minecraft.class_11755$class_11579.method_73289(class_11755.java:65)
	at knot//net.minecraft.class_11784.method_73289(class_11784.java:36)
	at knot//com.mojang.datafixers.util.Either$Left.map(Either.java:38)
	at knot//net.minecraft.class_11755.method_73288(class_11755.java:27)
	at knot//net.minecraft.class_9296$class_11756.method_73318(class_9296.java:237)
	at java.base/java.util.concurrent.CompletableFuture$AsyncSupply.run(Unknown Source)
	at java.base/java.util.concurrent.ThreadPoolExecutor.runWorker(Unknown Source)
	at java.base/java.util.concurrent.ThreadPoolExecutor$Worker.run(Unknown Source)
	at java.base/java.lang.Thread.run(Unknown Source)
[19:29:35] [Render thread/INFO]: [voicechat] Disconnecting from previous connection due to server change
[19:29:35] [Render thread/INFO]: [voicechat] Clearing audio channels
[19:29:35] [Render thread/INFO]: [voicechat] Sending secret request to the server
[19:29:35] [VoicechatSoundManagerThread/WARN]: [voicechat] Failed to open audio device 'OpenAL Soft on Speakers (PlayStation Link Adapter)', falling back to default
[19:29:35] [Render thread/INFO]: CustomSkyboxes command registered
[19:29:35] [Render thread/INFO]: Starting [2] Placement Manager Daemon threads
[19:29:35] [Render thread/INFO]: [voicechat] Received secret
[19:29:35] [Render thread/INFO]: [voicechat] Connecting to voice chat server: '57.129.99.3:30001'
[19:29:35] [VoiceChatAuthenticationThread/INFO]: [voicechat] Trying to authenticate voice chat connection
[19:29:36] [VoiceChatAuthenticationThread/INFO]: [voicechat] Trying to authenticate voice chat connection
[19:29:36] [VoiceChatConnectionThread/INFO]: [voicechat] Server acknowledged authentication
[19:29:37] [VoiceChatAuthenticationThread/INFO]: [voicechat] Trying to validate voice chat connection
[19:29:37] [VoiceChatConnectionThread/INFO]: [voicechat] Server acknowledged connection check
[19:29:37] [MicrophoneThread/WARN]: [voicechat] Failed to open microphone 'OpenAL Soft on Microphone (fifine Microphone)', falling back to default microphone
[19:31:04] [Render thread/INFO]: [System] [CHAT] SimonXD2012 was slain by Habibipapaki
[19:31:04] [Render thread/INFO]: [System] [CHAT] ——————————————————————\n⚔ Match Complete ⚔\n\n🗡 Habibipapaki won the round! (1 - 0)\n\n⚗ 64 xᴘ | 🛡 425 ᴀʀᴍᴏʀ ᴀᴠɢ.\n——————————————————————
[19:31:06] [Render thread/INFO]: [System] [CHAT] You cannot leave the match at this time.
[19:31:08] [Render thread/INFO]: Saving
[19:31:08] [Render thread/INFO]: Saved in 14 milliseconds.
[19:31:08] [Render thread/INFO]: [voicechat] Disconnecting from previous connection due to server change
[19:31:08] [Render thread/INFO]: [voicechat] Clearing audio channels
[19:31:08] [Render thread/INFO]: [voicechat] Stopping microphone thread
[19:31:08] [Render thread/INFO]: [voicechat] Disconnecting voicechat
[19:31:08] [Render thread/INFO]: [voicechat] Sending secret request to the server
[19:31:08] [VoicechatSoundManagerThread/WARN]: [voicechat] Failed to open audio device 'OpenAL Soft on Speakers (PlayStation Link Adapter)', falling back to default
[19:31:08] [Render thread/INFO]: CustomSkyboxes command registered
[19:31:08] [Render thread/INFO]: Starting [2] Placement Manager Daemon threads
[19:31:08] [Render thread/INFO]: [System] [CHAT] 3ch0r1ft » 333 for uu
[19:31:09] [Render thread/INFO]: [System] [CHAT] SKROBIN » gg
[19:31:11] [Render thread/INFO]: [System] [CHAT] arabicveled » 333
[19:31:11] [Render thread/INFO]: [System] [CHAT] Awharaa » 999 FOR ffa crysatl new player onlyyyy
[19:31:12] [Render thread/INFO]: [System] [CHAT] EliteFov » Yo can anyone teach me any gm? plzzz, im a really noob. i got voicechat and is on java edetion 1.21.11 Yo can anyone teach me any gm? plzzz, im a really noob. i got voicechat and is on java edetion 1.21.11
[19:31:12] [Render thread/INFO]: [System] [CHAT] Shorts_fr » 123
[19:31:12] [Render thread/INFO]: [System] [CHAT] TuranTekell » ggg
[19:31:12] [Render thread/INFO]: [System] [CHAT] Void_L3ss » 333
[19:31:12] [Render thread/INFO]: [System] [CHAT] Schoofmelger » GIG GASTRO IST GEIL
[19:31:13] [Render thread/INFO]: [System] [CHAT] Starter_YT » why is ts lowk jelly
[19:31:13] [Render thread/INFO]: [System] [CHAT] UrgetSet6447 » nooooooo
[19:31:13] [Render thread/INFO]: [System] [CHAT] jobgg » 123
[19:31:14] [Render thread/INFO]: [System] [CHAT] twojamama1337 » abc for wemmbu minutech jaden and eggchan vs null
[19:31:14] [Render thread/INFO]: [System] [CHAT] Seyren_1 » r
[19:31:14] [Render thread/INFO]: [System] [CHAT] PitTheStarter » 123
[19:31:15] [Render thread/INFO]: [System] [CHAT] FinalTrollingBot » 343 for 2v2
[19:31:15] [Render thread/INFO]: [System] [CHAT] Lucnoxity » (Youtube & Twitch: Lucnoxity) MCTiers & PvPTiers Tier Testing Viewers LIVE ! Join Stream To Get Tested ! 22,054 SUBSCRIBERS
[19:31:16] [Render thread/INFO]: [System] [CHAT] MrMatsss » 123
[19:31:16] [Render thread/INFO]: [System] [CHAT] --------------------------------------------------\n⚔ _MrKyro_ sent you a (First to 1) SMP duel request!\n\n[✔ Accept] ℹ\n--------------------------------------------------
[19:31:17] [Render thread/INFO]: [System] [CHAT] 🗡 Your SMP duel request was sent to _MrKyro_. [❌]
[19:31:17] [Render thread/INFO]: [System] [CHAT] 
[19:31:17] [Render thread/INFO]: [System] [CHAT] (8/32) frosty8112 is hosting a public party! [✔ Join]
[19:31:17] [Render thread/INFO]: [System] [CHAT] 
[19:31:19] [Render thread/INFO]: [System] [CHAT] Joel1355 » abc
[19:31:19] [Render thread/INFO]: [System] [CHAT] BenLPUltimateYT » 222 for usntable
[19:31:20] [Render thread/INFO]: [System] [CHAT] MezCubing » abc
[19:31:20] [Render thread/INFO]: [System] [CHAT] witherblox13k » abc
[19:31:20] [Render thread/INFO]: [System] [CHAT] EggOnDyson » 124 for 2v2 sword
[19:31:22] [Render thread/INFO]: [System] [CHAT] borsuk132 » abc
[19:31:22] [Render thread/INFO]: [System] [CHAT] yumjam_ » 222
[19:31:23] [Render thread/INFO]: Saving
[19:31:23] [Render thread/INFO]: Saved in 16 milliseconds.
[19:31:23] [Render thread/INFO]: [voicechat] Disconnecting from previous connection due to server change
[19:31:23] [Render thread/INFO]: [voicechat] Clearing audio channels
[19:31:23] [Render thread/INFO]: [voicechat] Sending secret request to the server
[19:31:23] [VoicechatSoundManagerThread/WARN]: [voicechat] Failed to open audio device 'OpenAL Soft on Speakers (PlayStation Link Adapter)', falling back to default
[19:31:23] [Render thread/INFO]: CustomSkyboxes command registered
[19:31:23] [Render thread/INFO]: Starting [2] Placement Manager Daemon threads
[19:31:23] [Render thread/INFO]: [voicechat] Received secret
[19:31:23] [Render thread/INFO]: [voicechat] Connecting to voice chat server: '57.129.99.3:30001'
[19:31:23] [VoiceChatAuthenticationThread/INFO]: [voicechat] Trying to authenticate voice chat connection
[19:31:24] [VoiceChatAuthenticationThread/INFO]: [voicechat] Trying to authenticate voice chat connection
[19:31:24] [VoiceChatConnectionThread/INFO]: [voicechat] Server acknowledged authentication
[19:31:25] [VoiceChatAuthenticationThread/INFO]: [voicechat] Trying to validate voice chat connection
[19:31:25] [VoiceChatConnectionThread/INFO]: [voicechat] Server acknowledged connection check
[19:31:25] [MicrophoneThread/WARN]: [voicechat] Failed to open microphone 'OpenAL Soft on Microphone (fifine Microphone)', falling back to default microphone
[19:31:51] [Render thread/INFO]: [System] [CHAT] _MrKyro_ was slain by Habibipapaki
[19:31:51] [Render thread/INFO]: [System] [CHAT] ——————————————————————\n🗡 Habibipapaki won the round! (1 - 0)\n\n⚗ 64 xᴘ | 🛡 479 ᴀʀᴍᴏʀ ᴀᴠɢ.\n——————————————————————
[19:32:28] [Render thread/INFO]: [System] [CHAT] _MrKyro_ was slain by Habibipapaki
[19:32:28] [Render thread/INFO]: [System] [CHAT] ——————————————————————\n🗡 Habibipapaki won the round! (2 - 0)\n\n⚗ 64 xᴘ | 🛡 478 ᴀʀᴍᴏʀ ᴀᴠɢ.\n——————————————————————
[19:32:34] [Render thread/INFO]: [System] [CHAT] You cannot leave the match at this time.
[19:32:36] [Render thread/INFO]: Saving
[19:32:36] [Render thread/INFO]: Saved in 19 milliseconds.
[19:32:36] [Render thread/INFO]: [voicechat] Disconnecting from previous connection due to server change
[19:32:36] [Render thread/INFO]: [voicechat] Clearing audio channels
[19:32:36] [Render thread/INFO]: [voicechat] Stopping microphone thread
[19:32:36] [Render thread/INFO]: [voicechat] Disconnecting voicechat
[19:32:36] [Render thread/INFO]: [voicechat] Sending secret request to the server
[19:32:36] [VoicechatSoundManagerThread/WARN]: [voicechat] Failed to open audio device 'OpenAL Soft on Speakers (PlayStation Link Adapter)', falling back to default
[19:32:36] [Render thread/INFO]: CustomSkyboxes command registered
[19:32:36] [Render thread/INFO]: Starting [2] Placement Manager Daemon threads
[19:32:36] [Render thread/INFO]: [System] [CHAT] Lucnoxity » (Youtube & Twitch: Lucnoxity) MCTiers & PvPTiers Tier Testing Viewers LIVE ! Join Stream To Get Tested ! 22,054 SUBSCRIBERS
[19:32:37] [Render thread/INFO]: [System] [CHAT] Kiriiy » 120
[19:32:39] [Render thread/INFO]: [System] [CHAT] noveilhere » sutur u cant be talking about trying hwen u got q droped with a sword.
[19:32:40] [Render thread/INFO]: [System] [CHAT] --------------------------------------------------\n⚔ _MrKyro_ sent you a (First to 2) Mace duel request!\n\n[✔ Accept] ℹ\n--------------------------------------------------
[19:32:40] [Render thread/INFO]: [System] [CHAT] PixelGab » Z
[19:32:44] [Render thread/INFO]: Saving
[19:32:44] [Render thread/INFO]: Saved in 15 milliseconds.
[19:32:44] [Render thread/INFO]: [voicechat] Disconnecting from previous connection due to server change
[19:32:44] [Render thread/INFO]: [voicechat] Clearing audio channels
[19:32:44] [Render thread/INFO]: [voicechat] Sending secret request to the server
[19:32:44] [VoicechatSoundManagerThread/WARN]: [voicechat] Failed to open audio device 'OpenAL Soft on Speakers (PlayStation Link Adapter)', falling back to default
[19:32:44] [Render thread/INFO]: CustomSkyboxes command registered
[19:32:44] [Render thread/INFO]: Starting [2] Placement Manager Daemon threads
[19:32:44] [Render thread/INFO]: [voicechat] Received secret
[19:32:44] [Render thread/INFO]: [voicechat] Connecting to voice chat server: '57.129.99.3:30001'
[19:32:44] [VoiceChatAuthenticationThread/INFO]: [voicechat] Trying to authenticate voice chat connection
[19:32:45] [VoiceChatAuthenticationThread/INFO]: [voicechat] Trying to authenticate voice chat connection
[19:32:45] [VoiceChatConnectionThread/INFO]: [voicechat] Server acknowledged authentication
[19:32:46] [VoiceChatAuthenticationThread/INFO]: [voicechat] Trying to validate voice chat connection
[19:32:46] [VoiceChatConnectionThread/INFO]: [voicechat] Server acknowledged connection check
[19:32:46] [MicrophoneThread/WARN]: [voicechat] Failed to open microphone 'OpenAL Soft on Microphone (fifine Microphone)', falling back to default microphone
[19:34:12] [Render thread/INFO]: [System] [CHAT] _MrKyro_ died
[19:34:12] [Render thread/INFO]: [System] [CHAT] ——————————————————————\n🗡 Habibipapaki won the round! (1 - 0)\n\n🛡 463 ᴀʀᴍᴏʀ ᴀᴠɢ. | ❤ 20/20 ʜᴘ\n——————————————————————
[19:35:25] [Render thread/INFO]: [System] [CHAT] Habibipapaki was smashed by _MrKyro_
[19:35:25] [Render thread/INFO]: [System] [CHAT] ——————————————————————\n🗡 _MrKyro_ won the round! (1 - 1)\n\n🛡 461 ᴀʀᴍᴏʀ ᴀᴠɢ. | ❤ 18/20 ʜᴘ\n——————————————————————
[19:35:31] [Render thread/INFO]: Saving
[19:35:31] [Render thread/INFO]: Saved in 15 milliseconds.
[19:35:31] [Render thread/INFO]: [voicechat] Disconnecting from previous connection due to server change
[19:35:31] [Render thread/INFO]: [voicechat] Clearing audio channels
[19:35:31] [Render thread/INFO]: [voicechat] Stopping microphone thread
[19:35:31] [Render thread/INFO]: [voicechat] Disconnecting voicechat
[19:35:31] [Render thread/INFO]: [voicechat] Sending secret request to the server
[19:35:31] [Render thread/INFO]: CustomSkyboxes command registered
[19:35:31] [VoicechatSoundManagerThread/WARN]: [voicechat] Failed to open audio device 'OpenAL Soft on Speakers (PlayStation Link Adapter)', falling back to default
[19:35:31] [Render thread/INFO]: Starting [2] Placement Manager Daemon threads
[19:35:32] [Render thread/INFO]: [System] [CHAT] TECHNO_FANS » Allah'u ekber
[19:35:32] [Render thread/INFO]: [System] [CHAT] DroppyBaxx » 5555
[19:35:32] [Render thread/INFO]: [System] [CHAT] Neyvou » If you are interesed in joining a bliss smp for small creator duel me or msg me
[19:35:32] [Render thread/INFO]: [System] [CHAT] borsuk132 » 888
[19:35:32] [Render thread/INFO]: [System] [CHAT] MrSpiderBatman » enyone with vc duel me
[19:35:33] [Render thread/INFO]: [System] [CHAT] That player is not in spawn.
[19:35:34] [Render thread/INFO]: [System] [CHAT] fishy_ik » 888
[19:35:34] [Render thread/INFO]: [System] [CHAT] miningarjenvg » 888
[19:35:34] [Render thread/INFO]: [System] [CHAT] zQuix » LIVE ON TWITCH:zQuixttv DUELLING VIEWERS GERMAN/ENGLISH
[19:35:34] [Render thread/INFO]: [System] [CHAT] That player is not in spawn.
[19:35:35] [Render thread/INFO]: [System] [CHAT] nicki1201 » 888
[19:35:35] [Render thread/INFO]: [System] [CHAT] ⌚ You are on cooldown for this command.
[19:35:35] [Render thread/INFO]: [System] [CHAT] ⌚ You are on cooldown for this command.
[19:35:35] [Render thread/INFO]: [System] [CHAT] zaidcd » can any lt3 mace duel me??
[19:35:36] [Render thread/INFO]: [System] [CHAT] ⌚ You are on cooldown for this command.
[19:35:36] [Render thread/INFO]: [System] [CHAT] _Harris1Cpvp » 1 more
[19:35:37] [Render thread/INFO]: [System] [CHAT] asdfghj2222 » f
[19:35:37] [Render thread/INFO]: [System] [CHAT] 
[19:35:37] [Render thread/INFO]: [System] [CHAT] (2/32) GoatedSofa is hosting a public party! [✔ Join]
[19:35:37] [Render thread/INFO]: [System] [CHAT] 
[19:35:38] [Render thread/INFO]: [System] [CHAT] DroppyBaxx » 555/
[19:35:38] [Render thread/INFO]: [System] [CHAT] 🗡 Your SMP duel request was sent to _MrKyro_. [❌]
[19:35:38] [Render thread/INFO]: [System] [CHAT] bedlessdodo » a
[19:35:39] [Render thread/INFO]: [System] [CHAT] --------------------------------------------------\n⚔ _MrKyro_ sent you a (First to 50) Vanilla duel request!\n\n[✔ Accept] ℹ\n--------------------------------------------------
[19:35:39] [Render thread/INFO]: [System] [CHAT] RoriXYT » bg
[19:35:40] [Render thread/INFO]: [System] [CHAT] _Rauzer » 2
[19:35:41] [Render thread/INFO]: [System] [CHAT] 5461dream » g
[19:35:44] [Render thread/INFO]: [System] [CHAT] misterioso8070 » gg
[19:35:44] [Render thread/INFO]: [System] [CHAT] Jamie_in_theGame » fge
[19:35:45] [Render thread/INFO]: [System] [CHAT] 
[19:35:45] [Render thread/INFO]: [System] [CHAT] (3/32) Piterek7788 is hosting a public party! [✔ Join]
[19:35:45] [Render thread/INFO]: [System] [CHAT] 
[19:35:45] [Render thread/INFO]: [System] [CHAT] Telbo_o » ./p join telbo_o for COOL CIV starting at 15 player
[19:35:46] [Render thread/INFO]: [System] [CHAT] WriOnYT » yo bob
[19:35:46] [Render thread/INFO]: [System] [CHAT] AntonBrawler » 953 for peopel that can tier test me in sword
[19:35:49] [Render thread/INFO]: [System] [CHAT] ⌚ You are on cooldown for this command.
[19:35:49] [Render thread/INFO]: [System] [CHAT] Echogecko1x » what item should i add or change in the kit
[19:35:51] [Render thread/INFO]: Saving
[19:35:51] [Render thread/INFO]: Saved in 15 milliseconds.
[19:35:51] [Render thread/INFO]: [voicechat] Disconnecting from previous connection due to server change
[19:35:51] [Render thread/INFO]: [voicechat] Clearing audio channels
[19:35:51] [Render thread/INFO]: [voicechat] Sending secret request to the server
[19:35:51] [Render thread/INFO]: CustomSkyboxes command registered
[19:35:51] [VoicechatSoundManagerThread/WARN]: [voicechat] Failed to open audio device 'OpenAL Soft on Speakers (PlayStation Link Adapter)', falling back to default
[19:35:51] [Render thread/INFO]: Starting [2] Placement Manager Daemon threads
[19:35:51] [Render thread/INFO]: [voicechat] Received secret
[19:35:51] [Render thread/INFO]: [voicechat] Connecting to voice chat server: '57.129.99.3:30001'
[19:35:51] [VoiceChatAuthenticationThread/INFO]: [voicechat] Trying to authenticate voice chat connection
[19:35:52] [VoiceChatAuthenticationThread/INFO]: [voicechat] Trying to authenticate voice chat connection
[19:35:52] [VoiceChatConnectionThread/INFO]: [voicechat] Server acknowledged authentication
[19:35:53] [VoiceChatAuthenticationThread/INFO]: [voicechat] Trying to validate voice chat connection
[19:35:53] [VoiceChatConnectionThread/INFO]: [voicechat] Server acknowledged connection check
[19:35:53] [MicrophoneThread/WARN]: [voicechat] Failed to open microphone 'OpenAL Soft on Microphone (fifine Microphone)', falling back to default microphone
[19:36:14] [Render thread/INFO]: [System] [CHAT] Habibipapaki was blown up by _MrKyro_
[19:36:14] [Render thread/INFO]: [System] [CHAT] ——————————————————————\n🗡 _MrKyro_ won the round! (0 - 1)\n\n❤ 13/16 ᴛᴏᴛᴇᴍs\n——————————————————————
[19:36:36] [Render thread/INFO]: [System] [CHAT] _MrKyro_ was blown up by Habibipapaki
[19:36:36] [Render thread/INFO]: [System] [CHAT] ——————————————————————\n🗡 Habibipapaki won the round! (1 - 1)\n\n❤ 23/25 ᴛᴏᴛᴇᴍs\n——————————————————————
[19:36:41] [Render thread/INFO]: Saving
[19:36:41] [Render thread/INFO]: Saved in 16 milliseconds.
[19:36:42] [Render thread/INFO]: [voicechat] Disconnecting from previous connection due to server change
[19:36:42] [Render thread/INFO]: [voicechat] Clearing audio channels
[19:36:42] [Render thread/INFO]: [voicechat] Stopping microphone thread
[19:36:42] [Render thread/INFO]: [voicechat] Disconnecting voicechat
[19:36:42] [Render thread/INFO]: [voicechat] Sending secret request to the server
[19:36:42] [Render thread/INFO]: CustomSkyboxes command registered
[19:36:42] [VoicechatSoundManagerThread/WARN]: [voicechat] Failed to open audio device 'OpenAL Soft on Speakers (PlayStation Link Adapter)', falling back to default
[19:36:42] [Render thread/INFO]: Starting [2] Placement Manager Daemon threads
[19:36:42] [Render thread/INFO]: [System] [CHAT] IcedShards » ./p join icedwsharwds for Flame, Skrilley, Spongs VS Law VS Cindercrest VS Warriors
[19:36:43] [Render thread/INFO]: [System] [CHAT] EliteFov » MEOW
[19:36:45] [Render thread/INFO]: [System] [CHAT] Starberr_ » 333
[19:36:45] [Render thread/INFO]: [System] [CHAT] OffhandPaper62 » follow me bro
[19:36:46] [Render thread/INFO]: [System] [CHAT] MCPascal2011 » yo
[19:36:49] [Render thread/INFO]: [System] [CHAT] Fluxieye » 111
[19:36:50] [Render thread/INFO]: [System] [CHAT] realSnemelc » gg
[19:36:51] [Render thread/INFO]: [System] [CHAT] mertolcen » asd
[19:36:51] [Render thread/INFO]: [System] [CHAT] Ksnus » If you wanna help a growing scripted smp thats looking for actors /msg me
[19:36:52] [Render thread/INFO]: [System] [CHAT] MCPascal2011 » ur ahh
[19:36:54] [Render thread/INFO]: [System] [CHAT] --------------------------------------------------\n⚔ _MrKyro_ sent you a (First to 4) Custom duel request!\n\n[✔ Accept] ℹ\n--------------------------------------------------
[19:36:54] [Render thread/INFO]: [System] [CHAT] shan75 » Duel me if u can teach me cpvp need mic ft 20
[19:36:55] [Render thread/INFO]: [System] [CHAT] Rasne_18 » W
[19:36:58] [Render thread/INFO]: [System] [CHAT] MCPascal2011 » u werent good just lucky
[19:36:58] [Render thread/INFO]: [System] [CHAT] mertolcen » duel me mace if you are ht4 and more
[19:36:58] [Render thread/INFO]: Saving
[19:36:58] [Render thread/INFO]: Saved in 18 milliseconds.
[19:36:58] [Render thread/INFO]: [voicechat] Disconnecting from previous connection due to server change
[19:36:58] [Render thread/INFO]: [voicechat] Clearing audio channels
[19:36:58] [Render thread/INFO]: [voicechat] Sending secret request to the server
[19:36:58] [Render thread/INFO]: CustomSkyboxes command registered
[19:36:58] [VoicechatSoundManagerThread/WARN]: [voicechat] Failed to open audio device 'OpenAL Soft on Speakers (PlayStation Link Adapter)', falling back to default
[19:36:58] [Render thread/INFO]: Starting [2] Placement Manager Daemon threads
[19:36:58] [Render thread/INFO]: [voicechat] Received secret
[19:36:58] [Render thread/INFO]: [voicechat] Connecting to voice chat server: '57.129.99.3:30001'
[19:36:58] [VoiceChatAuthenticationThread/INFO]: [voicechat] Trying to authenticate voice chat connection
[19:36:59] [VoiceChatAuthenticationThread/INFO]: [voicechat] Trying to authenticate voice chat connection
[19:36:59] [VoiceChatConnectionThread/INFO]: [voicechat] Server acknowledged authentication
[19:37:00] [VoiceChatAuthenticationThread/INFO]: [voicechat] Trying to validate voice chat connection
[19:37:00] [VoiceChatConnectionThread/INFO]: [voicechat] Server acknowledged connection check
[19:37:00] [MicrophoneThread/WARN]: [voicechat] Failed to open microphone 'OpenAL Soft on Microphone (fifine Microphone)', falling back to default microphone
[19:37:54] [Render thread/INFO]: [System] [CHAT] Habibipapaki was blown up by _MrKyro_
[19:37:54] [Render thread/INFO]: [System] [CHAT] ——————————————————————\n🗡 _MrKyro_ won the round! (0 - 1)\n\n❤ 9/20 ʜᴘ\n——————————————————————
[19:38:03] [Render thread/INFO]: Resizing Meteor - Mesh UBO, capacity limit of 16 reached during a single frame. New capacity will be 32.
[19:38:03] [Render thread/INFO]: Resizing Meteor - Mesh UBO, capacity limit of 32 reached during a single frame. New capacity will be 64.
[19:38:10] [Render thread/INFO]: [System] [CHAT] Habibipapaki was blown up by _MrKyro_
[19:38:10] [Render thread/INFO]: [System] [CHAT] ——————————————————————\n🗡 _MrKyro_ won the round! (0 - 2)\n\n❤ 7/20 ʜᴘ\n——————————————————————
[19:38:42] [Render thread/INFO]: [System] [CHAT] Habibipapaki blew themselves up
[19:38:42] [Render thread/INFO]: [System] [CHAT] ——————————————————————\n🗡 _MrKyro_ won the round! (0 - 3)\n\n❤ 0.7/20 ʜᴘ\n——————————————————————
[19:38:43] [Render thread/INFO]: [voicechat] Clearing audio channels
[19:38:43] [Render thread/INFO]: [voicechat] Stopping microphone thread
[19:38:43] [Render thread/INFO]: [voicechat] Disconnecting voicechat
[19:38:43] [Render thread/INFO]: Saving
[19:38:43] [Render thread/INFO]: Saved in 18 milliseconds.
[19:38:43] [Render thread/WARN]: Client disconnected with reason: 
You are banned for 90 days from this server!

Reason: Disallowed Modifications
Date: 2026-10-07

Appeal: http://discord.mcpvp.club
[19:42:15] [Render thread/INFO]: Connecting to eu.mcpvp.club, 25565
[19:42:16] [Render thread/WARN]: Client disconnected with reason: 
You are banned for 89 days, 23 hours, 56 minutes from this server!

Reason: Disallowed Modifications
Date: 2026-10-07

Appeal: http://discord.mcpvp.club
